cerdo		1/4 de cordero lechal al vacío EROSKI, bandeja al peso aprox. 1.6 kg
chocolates		100% Albúmina de Clara de Huevo - Chocolate (Prozis)
galletas		100% Albúmina de Clara de Huevo - Galletas y crema (Prozis)
huevo		100% Albúmina de Clara de Huevo - Neutro (Prozis)
frutas		100% Azúcar de coco Coconut Sugar Powder (Food Series)
dulces		100% Hydro Beef Protein - Cacahuete y Caramelo (Prozis)
chocolates		100% Hydro Beef Protein - Chocolate (Prozis)
bebidas	bebida	100% Pechuga de pollo prémium - al natural - Agua Pechuga de pollo (Prozis)
pavo		100% Pechuga de pollo prémium - al natural - Marinado Pechuga de pavo (Prozis)
salsas		100% Pechuga de pollo prémium - al natural - Salsa de tomate Pechuga de pollo (Prozis)
proteina		100% Proteína de Arroz - Chocolate y avellanas (Prozis)
proteina		100% Proteína de Arroz - Neutro (Prozis)
proteina		100% Proteína de Cáñamo - Neutro (Prozis)
proteina		100% Proteína de guisante - Chocolate (Prozis)
proteina		100% Proteína de guisante - Neutro (Prozis)
proteina		100% Proteína de soja - Chocolate (Prozis)
proteina		100% Proteína de soja - Galletas y crema (Prozis)
proteina		100% Proteína de soja - Neutro (Prozis)
proteina		100% Proteína de suero hidrolizado aislada + saborizantes - mix pack (HSN Packs)
proteina		100% Proteína de suero hidrolizado aislada Hydro 90 Whey Isolate (Raw Series)
proteina		100% Real Casein - Chocolate (Prozis)
proteina		100% Real Casein - Chocolate blanco (Prozis)
suplementos		100% Real Hydration: Electrolitos en Polvo - Fresa (Prozis)
suplementos		100% Real Hydration: Electrolitos en Polvo - Lima-Limón (Prozis)
suplementos		100% Real Hydration: Electrolitos en Polvo - Manzana verde (Prozis)
suplementos		100% Real Hydration: Electrolitos en Polvo - Tropical (Prozis)
proteina		100% Real Whey Isolate - Barquillo de chocolate (Prozis)
proteina		100% Real Whey Isolate - Barquillo de fresa (Prozis)
proteina		100% Real Whey Isolate - Capuchino (Prozis)
proteina		100% Real Whey Isolate - Capuchino 2 x (Prozis)
proteina		100% Real Whey Isolate - Caramelo salado (Prozis)
proteina		100% Real Whey Isolate - Chocolate (Prozis)
proteina		100% Real Whey Isolate - Chocolate 2 x (Prozis)
proteina		100% Real Whey Isolate - Chocolate y Crema de Cacahuete (Prozis)
proteina		100% Real Whey Isolate - Chocolate y avellanas (Prozis)
proteina		100% Real Whey Isolate - Doble chocolate (Prozis)
proteina		100% Real Whey Isolate - Fresa (Prozis)
proteina		100% Real Whey Isolate - Fresa y Plátano (Prozis)
proteina		100% Real Whey Isolate - Mango (Prozis)
proteina		100% Real Whey Isolate - Mango 2 x (Prozis)
proteina		100% Real Whey Isolate - Mojito (Prozis)
proteina		100% Real Whey Isolate - Tarta de cumpleaños (Prozis)
proteina		100% Real Whey Isolate - Vainilla (Prozis)
proteina		100% Real Whey Protein - Brownie de chocolate 3 x (Prozis)
proteina		100% Real Whey Protein - Café y Caramelo (Prozis)
proteina		100% Real Whey Protein - Café y Caramelo 3 x (Prozis)
proteina		100% Real Whey Protein - Chocolate belga (Prozis)
proteina		100% Real Whey Protein - Chocolate belga 3 x (Prozis)
proteina		100% Real Whey Protein - Chocolate blanco (Prozis)
proteina		100% Real Whey Protein - Chocolate blanco 3 x (Prozis)
proteina		100% Real Whey Protein - Chocolate negro (Prozis)
proteina		100% Real Whey Protein - Chocolate y avellanas 3 x (Prozis)
proteina		100% Real Whey Protein - Chocolate y caramelo (Prozis)
proteina		100% Real Whey Protein - Fresa (Prozis)
proteina		100% Real Whey Protein - Fresa y Plátano (Prozis)
proteina		100% Real Whey Protein - Galletas y crema 3 x (Prozis)
proteina		100% Real Whey Protein - Mango (Prozis)
proteina		100% Real Whey Protein - Mango y Melocotón (Prozis)
proteina		100% Real Whey Protein - Neutro 3 x (Prozis)
proteina		100% Real Whey Protein - Plátano (Prozis)
proteina		100% Real Whey Protein - Stracciatella (Prozis)
proteina		100% Real Whey Protein - Vainilla 3 x (Prozis)
proteina		100% Vegan Mass Gainer - Bombón de chocolate (Prozis)
proteina		100% Vegan Mass Gainer - Fresa y Plátano (Prozis)
proteina		100% Vegan Protein - Caramelo salado (Prozis)
proteina		100% Vegan Protein - Chocolate (Prozis)
proteina		100% Vegan Protein - Neutro (Prozis)
proteina		100% Vegan Protein - Speculoos (Prozis)
proteina		100% Whey Hydro Isolate - Chocolate (Prozis)
proteina		100% Whey Hydro Isolate - Chocolate blanco (Prozis)
proteina		100% Whey Hydro Isolate - Fresa (Prozis)
proteina		100% Whey Hydro Isolate - Galletas y crema (Prozis)
proteina		100% Whey Hydro Isolate - ULTIMATE SERIES - Barquillo de fresa (Prozis)
proteina		100% Whey Hydro Isolate - ULTIMATE SERIES - Barquillo de fresa 2 x (Prozis)
proteina		100% Whey Hydro Isolate - ULTIMATE SERIES - Barquillo de vainilla (Prozis)
proteina		100% Whey Hydro Isolate - ULTIMATE SERIES - Barquillo de vainilla 2 x (Prozis)
proteina		100% Whey Hydro Isolate - ULTIMATE SERIES - Brownie de chocolate (Prozis)
proteina		100% Whey Hydro Isolate - ULTIMATE SERIES - Caramelo salado 2 x (Prozis)
proteina		100% Whey Hydro Isolate - ULTIMATE SERIES - Chocolate (Prozis)
proteina		100% Whey Hydro Isolate - ULTIMATE SERIES - Chocolate y avellanas (Prozis)
proteina		100% Whey Hydro Isolate - ULTIMATE SERIES - Fresa (Prozis)
proteina		100% Whey Hydro Isolate - ULTIMATE SERIES - Galletas y crema (Prozis)
proteina		100% Whey Hydro Isolate - ULTIMATE SERIES - Mango (Prozis)
proteina		100% Whey Hydro Isolate - ULTIMATE SERIES - Mango 2 x (Prozis)
proteina		100% Whey Hydro Isolate - ULTIMATE SERIES - Speculoos (Prozis)
proteina		100% Whey Hydro Isolate - ULTIMATE SERIES - Speculoos 2 x (Prozis)
proteina		100% Whey Hydro Isolate - ULTIMATE SERIES - Vainilla (Prozis)
proteina		100% Whey Hydro Isolate Clear - Mango y Melocotón (Prozis)
proteina		100% Whey Hydro Isolate Clear - Naranja (Prozis)
proteina		100% Whey Hydro Isolate Clear - Sandía (Prozis)
proteina		100% Whey Hydro Isolate PRO - Chocolate (Prozis)
proteina		100% Whey Hydro Isolate PRO - Chocolate y avellanas (Prozis)
proteina		100% Whey Hydro Isolate PRO - Fresa (Prozis)
proteina		100% Whey Hydro Isolate PRO - Galletas y crema (Prozis)
proteina		100% Whey Hydro Isolate PRO - ULTIMATE SERIES - Chocolate (Prozis)
proteina		100% Whey Hydro Isolate PRO - ULTIMATE SERIES - Chocolate y avellanas (Prozis)
proteina		100% Whey Hydro Isolate PRO - ULTIMATE SERIES - Fresa (Prozis)
proteina		100% Whey Hydro Isolate PRO - ULTIMATE SERIES - Galletas y crema (Prozis)
proteina		100% Whey Hydro Isolate PRO - ULTIMATE SERIES - Vainilla (Prozis)
proteina		100% Whey Hydro Isolate PRO - Vainilla (Prozis)
proteina		100% Whey Hydro Isolate Zero ULTIMATE SERIES - Capuchino - ULTIMATE SERIES (Prozis)
proteina		100% Whey Hydro Isolate Zero ULTIMATE SERIES - Fresa - ULTIMATE SERIES (Prozis)
proteina		100% Whey Hydro Isolate Zero ULTIMATE SERIES - Galleta - ULTIMATE SERIES (Prozis)
proteina		100% Whey Prime + Creatine - Barquillo de fresa (Prozis)
proteina		100% Whey Prime + Creatine - Barquillo de fresa 2 x (Prozis)
proteina		100% Whey Prime + Creatine - Brownie de chocolate (Prozis)
proteina		100% Whey Prime + Creatine - Caramelo salado (Prozis)
proteina		100% Whey Prime + Creatine - Chocolate (Prozis)
proteina		100% Whey Prime + Creatine - Chocolate belga (Prozis)
proteina		100% Whey Prime + Creatine - Galletas y crema (Prozis)
proteina		100% Whey Prime + Creatine - Mango (Prozis)
proteina		100% Whey Prime + Creatine - Neutro (Prozis)
proteina		100% Whey Prime - Barquillo de fresa 2 x (Prozis)
proteina		100% Whey Prime - Brownie de chocolate (Prozis)
proteina		100% Whey Prime - Chocolate blanco (Prozis)
proteina		100% Whey Prime - Chocolate y avellanas (Prozis)
proteina		100% Whey Prime - Fresa y Plátano (Prozis)
proteina		100% Whey Prime - Galletas y crema (Prozis)
proteina		100% Whey Prime - Mango (Prozis)
proteina		100% Whey Prime - Mango 2 x (Prozis)
proteina		100% Whey Prime - Neutro (Prozis)
proteina		100% Whey Prime - Vainilla (Prozis)
proteina		100% Whey Prime Isolate + Creatine - Brownie de chocolate (Prozis)
proteina		100% Whey Prime Isolate + Creatine - Chocolate (Prozis)
proteina		100% Whey Prime Isolate + Creatine - Chocolate y avellanas (Prozis)
proteina		100% Whey Prime Isolate + Creatine - Fresa (Prozis)
proteina		100% Whey Prime Isolate + Creatine - Galletas y crema (Prozis)
proteina		100% Whey Prime Isolate + Creatine - Vainilla (Prozis)
proteina		100% Whey Prime Isolate - Brownie de chocolate (Prozis)
proteina		100% Whey Prime Isolate - Chocolate (Prozis)
proteina		100% Whey Prime Isolate - Chocolate y avellanas (Prozis)
proteina		100% Whey Prime Isolate - Fresa (Prozis)
proteina		100% Whey Prime Isolate - Galletas y crema (Prozis)
suplementos		1000mg Cápsulas de shilajit (Myprotein)
otros		12 Artesanitos surtidos
panaderia		12 Mini croissants de mantequilla
bebidas_lata	bebida	12 x Big Shot - Pre-Workout - Flash Cola 12 x (Prozis)
frutas		12 x N.O. MaxShot - Limón 12 x (Prozis)
chocolates		12 x Protein Wafer - Chocolate 12 x (Prozis)
proteina		12 x Protein Wafer - Vainilla 12 x (Prozis)
bebidas	bebida	2 Week Cut & Burn - Day (Prozis)
bebidas	bebida	2 Week Cut & Burn - Day - 2 Week Cut & Burn - Day (Prozis)
bebidas	bebida	2 Week Cut & Burn - Night (Prozis)
bebidas	bebida	2 Week Cut & Burn - Night - 2 Week Cut & Burn - Day (Prozis)
bebidas	bebida	2 Week Cut & Burn - Night - 2 Week Cut & Burn - Night (Prozis)
chocolates		2 x 4 x White Choc Krispees - Arroz con chocolate blanco y sabor a yogur - Arroz con chocolate blanco y sabor a yogur (Prozis)
chocolates		2 x 4 x White Choc Krispees - Arroz con chocolate blanco y sabor a yogur - Arroz con chocolate negro (Prozis)
chocolates		2 x Zero Sugars Doughnut - Recubierto de chocolate (Prozis)
otros		24 Mini saladas surtidas
bebidas	bebida	24 x Energy Gel - Naranja 24 x (Prozis)
bebidas_lata	bebida	3 x GlucoOptimize - Blood Sugar Control - Cola (Prozis)
bebidas_lata	bebida	3 x GlucoOptimize - Blood Sugar Control - Cola 3 x (Prozis)
suplementos		3 x GlucoOptimize - Blood Sugar Control - Cítricos (Prozis)
suplementos		3 x GlucoOptimize - Blood Sugar Control - Cítricos 3 x (Prozis)
proteina		3 x Sachet 100% Vegan Protein - Chocolate y avellanas (Prozis)
proteina		3 x Sachet Vegetable Protein Freaking Good - Barquillo de fresa (Prozis)
proteina		3 x Sachet Vegetable Protein Freaking Good - Pepitas de chocolate (Prozis)
proteina		3 x Sachet Vegetable Protein Freaking Good - Speculoos 3 x (Prozis)
proteina		3 x Sobre Supreme 100% Vegan Protein - Chocolate y avellanas (Prozis)
proteina		3 x Sobre Supreme 100% Vegan Protein - Chocolate y avellanas 3 x (Prozis)
snacks		3 x Zero Protein Chips - Barbacoa (Prozis)
snacks		3 x Zero Protein Chips - Pimentón (Prozis)
snacks		3 x Zero Protein Chips - Queso y cebolla (Prozis)
suplementos		360º multi am (multivitamínico) (Essential Series)
otros		4 Brotes Esenciales - Florette
frutos_secos		4 x Almendras de California - 4 x (Prozis)
pizza		4 x Bases de pizza superfinas (Prozis)
proteina		4 x Porridge de Avena con Whey Oats-on-the-go Crema de cacahuete (Prozis)
proteina		4 x Porridge de Avena con Whey Oats-on-the-go Crema de cacahuete - Canela (Prozis)
proteina		4 x Porridge de Avena con Whey Oats-on-the-go Crema de cacahuete - Caramelo (Prozis)
proteina		4 x Porridge de Avena con Whey Oats-on-the-go Crema de cacahuete - Chocolate (Prozis)
proteina		4 x Porridge de Avena con Whey Oats-on-the-go Crema de cacahuete - Frutos del bosque (Prozis)
preparados		4 x Wrap proteico - Original (Prozis)
preparados		4 x Wrap proteico - Trigo Integral (Prozis)
semillas		5 Semillas lino-girasol-calab.-chia-goji LINWOODS, bolsa 200 g
suplementos		5-HTP 100mg (Essential Series)
suplementos		6 In 1 Cápsulas de complejo de setas (Myvitamins)
preparados		6 Mini empanadillas de pisto
bebidas	bebida	7 Up 2 L
bebidas	bebida	7 Up 330 ml
bebidas_lata	bebida	7UP Zero de lima-limón sin azúcar pack 2 botellas 2 l.
cafe	bebida	8 x Keto Brew - Café soluble (Prozis)
chocolates		85% Dark Chocolate with almonds sugar free (Valor)
suplementos		ACTIVA WOMAN MULTIPOWER VITAMIN (Be Essential®)
pescado		AGUINAMAR Bandeja de boquerón ajo y perejil 70 g.
suplementos		ANTIOX SKIN PROTECT Be Essential®
suplementos		ASHWAGANDHA POLVO BIO 150GR DOYPACK DRASANVI
aceites		Aceite Girasol Bio (NaturGreen)
aceites		Aceite Virgen de Argán Crudo Bio 250 ml Ecosana (Drasanvi)
semillas		Aceite Virgen de Sésamo Bio 500 ml Ecosana (Drasanvi)
frutas		Aceite de Coco MCT Bio (NaturGreen)
frutas		Aceite de Coco Virgen Extra Bio 200 ml Ecosana (Drasanvi)
frutos_secos		Aceite de Nuez Bio (NaturGreen)
aceites		Aceite de Onagra Primrose Evening Oil - Greenday®
aceites		Aceite de girasol BORGESOL, botella 1 litro
aceites		Aceite de girasol Capicua 5 l.
aceites		Aceite de girasol Carrefour Classic' 1 l.
aceites		Aceite de girasol Coosol 5 L
aceites		Aceite de girasol EROSKI, garrafa 5 litros
aceites		Aceite de girasol Fontasol 5 l.
aceites		Aceite de girasol La masía 5 L
aceites		Aceite de girasol en spray para air fryer Diasol 200 ml
suplementos		Aceite de hígado de bacalao 1000 mg blandas (Prozis)
suplementos		Aceite de hígado de bacalao 1000mg (Essential Series)
suplementos		Aceite de hígado de bacalao 650mg - 250 perlas (Now Foods)
verduras		Aceite de maíz COOSOL, botella 1 litro
verduras		Aceite de maíz KOIPE Asua, botella 1 litro
aceites		Aceite de menta complex (Essential Series)
aceites		Aceite de oliva
aceites		Aceite de oliva 0,4º CARBONELL, botella 1 litro
aceites		Aceite de oliva 0,4º CARBONELL, garrafa 3 litros
aceites		Aceite de oliva 0,4º EROSKI, botella 1 litro
aceites		Aceite de oliva 0,4º LA ESPAÑOLA, garrafa 5 litros
aceites		Aceite de oliva 0,4º LA MASIA, botella 1 litro
aceites		Aceite de oliva 1º EROSKI, botella 1 litro
aceites		Aceite de oliva suave COOSUR, botella 1 litro
aceites		Aceite de oliva suave Dia La Almazara del Olivar 1 L
aceites		Aceite de oliva suave La Española 1 L
aceites		Aceite de oliva trufa en spray La Española 200 ml
aceites		Aceite de oliva virgen extra Capricho Andaluz pack de 10 porciones de 10 ml.
aceites		Aceite de oliva virgen extra Dcoop 3 L
aceites		Aceite de oliva virgen extra EROSKI, botella 1 litro
aceites		Aceite de oliva virgen extra MENDIA, garrafa 3 litros
aceites		Aceite de oliva virgen extra Retama garrafa 5 l.
aceites		Aceite de oliva virgen extra de trufa La Española 250 ml
aceites		Aceite de oliva virgen extra formato aceitera Carbonell 460 ml
aceites		Aceite de oliva virgen extra spray Coosur 400 ml.
aceites		Aceite de oliva virgen extra squizz Coosur 500 ml
aceites		Aceite de oliva virgen serie oro Coosur 1 l.
suplementos		Aceite de onagra 1000mg (Essential Series)
aceites		Aceite de orujo de oliva MIL OLIVAS, botella 1 litro
semillas		Aceite de semilla de cáñamo líquido (Essential Series)
semillas		Aceite de semilla de lino en polvo Flaxseed Oil Powder (Essential Series)
semillas		Aceite de semillas Fenómeno LA MASÍA, botella 1 litro
aceites		Aceite en spray para freidora de aire La Española 200 ml
aceites		Aceite especial para freir KOIPE FRITOS, botella 1 litro
aceites		Aceite oliva 0,4º formato aceitera CARBONELL, dosificador 460 ml
aceites		Aceite refinado de girasol Coosol 1 l.
aceites		Aceite refinado de girasol Diasol 1 L
aceites		Aceite refinado de girasol especial para freír Carrefour 1 l.
aceitunas		Aceituna Party rellena de gilda LA ESPAÑOLA, lata 130 g
aceitunas		Aceituna embrujos M. ACEITUNEROS, lata 185 g
aceitunas		Aceituna manzanilla verde sin hueso LA ESPAÑOLA, bolsa 75 g
aceitunas		Aceituna negra con hueso M. ACEITUNEROS, lata 185 g
aceitunas		Aceituna receta maestro andaluz M. ACEITUNEROS, lata 185 g
aceitunas		Aceituna sabor anchoa EROSKI, cubeta 300 g
aceitunas		Aceituna sin hueso aliñada picante Picaoliva Sensation Carrefour 340 g.
aceitunas		Aceituna verde Conjuros del Sur EROSKI, lata 185 g
aceitunas		Aceitunas SERPIS BENEFIT, lata 130 g
aceitunas		Aceitunas chupadedos EROSKI, frasco 500 g
aceitunas		Aceitunas chupadedos EROSKI, tarrina 300 g
aceitunas		Aceitunas coloradas Dia Vegecampo 250 g
aceitunas		Aceitunas del cortijo SARASA, lata 185 g
aceitunas		Aceitunas gazpachas EROSKI, cubeta 300 g
aceitunas		Aceitunas gordal EROSKI, frasco 570 g
aceitunas		Aceitunas gordal con pepinillo EROSKI, cubeta 250 g
aceitunas		Aceitunas gordal con pepinillo EROSKI, frasco 180 g
aceitunas		Aceitunas gordal sin hueso picantes Fragata 200 g
aceitunas		Aceitunas manzanilla EROSKI SELEQTIA, frasco 200 g
aceitunas		Aceitunas manzanilla en rodajas Jolca 3 x 50 g
aceitunas		Aceitunas manzanilla rellena de anchoa Fragata 130 g
aceitunas		Aceitunas marinas rellenas de boqueron LA ESPAÑOLA, lata 130 g
aceitunas		Aceitunas mini con anchoa LA ESPAÑOLA, pack 3x50 g
aceitunas		Aceitunas negras VERITAS, frasco 200 g
aceitunas		Aceitunas negras cacereñas con hueso Classic Carrefour 200 g.
aceitunas		Aceitunas negras cacereñas sin hueso Classic Carrefour 150 g.
aceitunas		Aceitunas negras con hueso EL FARO, lata 150 g
aceitunas		Aceitunas negras con hueso EROSKI, lata 185 g
aceitunas		Aceitunas negras cuquillo Extra Carrefour 170 g.
aceitunas		Aceitunas negras de Aragón Eroski SELEQTIA, frasco 200 g
aceitunas		Aceitunas negras en rodajas Carrefour pack 3 unidades de 50 g.
aceitunas		Aceitunas negras en rodajas Dia Vegecampo 3 x 50 g
aceitunas		Aceitunas negras sin hueso CARBONELL, lata 150 g
aceitunas		Aceitunas negras sin hueso Classic Carrefour pack de 3 latas de 50 g.
aceitunas		Aceitunas negras sin hueso EROSKI, lata 150 g
aceitunas		Aceitunas negras sin hueso FRAGATA, lata 120 g
aceitunas		Aceitunas negras sin hueso aliñadas con naranja Sensation Carrefour sin gluten 400 g.
aceitunas		Aceitunas negras sin hueso bajo contenido en sal Classic Carrefour 150 g.
aceitunas		Aceitunas receta andaluza Sarasa 200 g
aceitunas		Aceitunas rellenas de anchoa La Española 150 g
aceitunas		Aceitunas rellenas de anchoa ligeras Serpis 130 g
aceitunas		Aceitunas rellenas de boquerón en vinagre El Faro 150 g
aceitunas		Aceitunas rellenas de boquerón marinas La Española 130 g
aceitunas		Aceitunas rellenas de pasta de boquerón en vinagre Sensation Carrefour 150 g.
aceitunas		Aceitunas rellenas de pimiento EROSKI, lata 150 g
aceitunas		Aceitunas salsaliñadas con pesto Jolca 400 g
aceitunas		Aceitunas verderonas chupadedos Dia Vegecampo 185 g
aceitunas		Aceitunas verdes aliñadas Extra Carrefour 250 g.
aceitunas		Aceitunas verdes con aceite de oliva SARASA, lata 185 g
aceitunas		Aceitunas verdes con hueso EROSKI basic, pack 3x100 g
aceitunas		Aceitunas verdes con hueso EROSKI, frasco 500 g
aceitunas		Aceitunas verdes en rodajas Classic Carrefour pack de 3 unidades de 50 g.
aceitunas		Aceitunas verdes gordal sin hueso Classic Carrefour 400 g.
aceitunas		Aceitunas verdes manzanilla sabor anchoa Perezsol 2,5 kg.
aceitunas		Aceitunas verdes manzanilla sin hueso Carrefour 400 g.
aceitunas		Aceitunas verdes rellenas de anchoa 35% menos de sal Ligeras Serpis sin gluten y sin lactosa 150 g.
aceitunas		Aceitunas verdes sabor anchoa Eroski SELEQTIA, frasco 200 g
aceitunas		Aceitunas verdes sin hueso EROSKI basic, pack 3x75 g
aceitunas		Aceitunas verdes sin hueso EROSKI, frasco 400 g
aceitunas		Aceitunas verdes sin hueso LA ESPAÑOLA, frasco 400 g
aceitunas		Aceitunas verdes sin hueso aliñadas Carrefour Sensation 200 g.
verduras		Acelga EROSKI, bolsa 300 g
verduras		Acelga al natural De Nuestra Tierra 425 g.
verduras		Acelgas cortadas y lavadas
verduras		Acelgas en hojas FINDUS, bolsa 400 g
suplementos		Acetil L-carnitina (ALCAR) 500mg (Essential Series)
suplementos		Acetil taurinato de magnesio (ATA Mg®) 850mg (Essential Series)
cafe	bebida	Achicoria + café RICORÉ, lata 260 g
cafe		Achicoria express EL CHIMBO, paquete 500 g
cafe		Achicoria exprés El Árbol 500 g.
cafe		Achicoria soluble LEROUX, frasco 200 g
cafe		Achicoria soluble bio natural LEROUX, frasco 100 g
suplementos		ActiFlexor - Ultimate Gaming Complex (Prozis)
suplementos		ActiFlexor - Ultimate Gaming Complex - CogniView - Ultimate Gaming Cognitive & Vision Complex (Prozis)
yogurt		Actikids sabor fresa-plátano ACTIMEL, pack 14x100 g
yogurt		Actimel de mora y arándanos DANONE, pack 6x100 g
yogurt		Actimel desnatado natural 12 x 100 g
yogurt		Actimel fresa 12 x 100 g
yogurt		Actimel kids natural ACTIMEL, pack 6x100 g
yogurt		Actimel natural 12 x 100 g
yogurt		Actimel para beber desnatado 0% natural DANONE, pack 14x100 g
yogurt	bebida	Actimel para beber multifrutas DANONE, pack 6x100 ml
yogurt	bebida	Actimel para beber natural DANONE, pack 14x100 ml
yogurt		Actimel para beber natural DANONE, pack 6x100 g
yogurt	bebida	Actimel para beber sabor fresa DANONE, pack 14x100 ml
yogurt	bebida	Actimel para beber sabor fresa DANONE, pack 6x100 ml
yogurt		Actimel para beber sabor fresa-plátano DANONE, pack 6x100 g
yogurt		Activia 0% con ciruela DANONE, pack 4x120 g
yogurt		Activia 0% con piña DANONE, pack 4x120 g
yogurt		Activia 0% natural DANONE, pack 8x120 g
yogurt		Activia con fresa DANONE, pack 4x120 g
yogurt		Activia con lima-limón 0% DANONE, pack 4x120 g
yogurt		Activia cremoso de stracciatella DANONE, pack 4x115 g
yogurt		Activia cremoso sabor coco ACTIVIA, pack 4x115 g
yogurt		Activia cremoso sabor fresa DANONE, pack 4x115 g
yogurt		Activia de muesli 0% DANONE, pack 4x115 g
yogurt		Activia natural DANONE, pack 4x120 g
bebidas	bebida	Aderezo de limón Aliña tu Dia 500 ml
bebidas	bebida	Aderezo de limón Polenghi 200 ml
bebidas	bebida	Aderezo de limón exprimido Carrefour 250 ml.
suplementos		Adrenal Care * (Essential Series)
proteina		Advanced Weight Gainer Crema de Fresas (Myprotein)
postres		Agar gelatina vegetal VAHINÉ, caja 8 g
bebidas	bebida	Agua coco natural VITA COCO, brik 1 litro
bebidas	bebida	Agua con gas sabor limón Dia 1 L
bebidas	bebida	Agua con gas sabor limón Fonter 500 ml
bebidas_lata	bebida	Agua con gas y zumo de limón y menta S. PELLEGRINO, lata 33 cl
zumo	bebida	Agua con gas-zumo natural de limón VICHY, botellín 50 cl
bebidas	bebida	Agua con limón FONT VELLA, botella 1,15 litros
zumo	bebida	Agua con zumo de limón FONT VELLA, botella 1,15 litros
bebidas	bebida	Agua de coco 100% Hacendado
bebidas	bebida	Agua de coco GOYA, brik 330 ml
bebidas	bebida	Agua de coco Thai coco 1 L
zumo	bebida	Agua mineral con zumo de naranja S. BENEDETTO, botellín 40 cl
bebidas_lata	bebida	Agua naranja con gas SAN PELLEGRINO, lata 33 cl
bebidas	bebida	Agua vitaminada zero con colágeno sabor naranja Body Pro Viwa 600 ml
frutas		Aguacate topping JUST SPICES, lata 60 g
bebidas	bebida	Aguardiente de hierbas RUAVIEJA, botella 70 cl
alcohol	bebida	Aguardiente de orujo EL AFILADOR, botella 70 cl
otros		Ahumado Chef (ElPozo)
legumbres		Aislado de Proteína de Guisante (Myvegan)
soja		Aislado de Proteína de Soja (Muestra) Fresa Natural (Myvegan)
postres		Aislado de Proteína de Soja Crema de Chocolate (Myvegan)
leche	bebida	Aislado de proteína de leche + saborizantes - mix pack (HSN Packs)
proteina		Aislado de proteína hidrolizada clear whey Hydrolysed Protein (Raw Series)
verduras		Ajo negro dientes pelados
verduras		Ajo picado VERLEAL, bolsa 125 g
verduras		Ajo troceado Dia Vegecampo 150 g
verduras		Ajo troceado FINDUS, caja 70 g
verduras		Ajo y perejil Carmencita 55 g
pollo		Alas de pollo
pollo		Alas de pollo adobadas
pollo		Alas de pollo adobadas picantes
pollo		Alas de pollo picantes EROSKI, bandeja 500 g
pollo		Alas de pollo sabor barbacoa EROSKI, bandeja 500 g
pollo		Alas partidas de pollo
otros		Albahaca GROOTS, bandeja 20 g
bebidas	bebida	Albariño Blanco Rías Baixas MARTÍN CÓDAX, botella 75 cl
bebidas	bebida	Albariño D.O. Rías Baixas FAUSTINO RIVERO, botella 75 cl
bebidas	bebida	Albariño R. Baixas CONDES DE ALBAREI, botella 75 cl
suplementos		Albion® magnesio 133mg (Swanson)
cerdo		Albondigas en salsa EROSKI, lata 415 g
cerdo		Albóndigas Veganas (Garden Gourmet)
cerdo		Albóndigas a la jardinera CARRETILLA, lata 415 g
cerdo		Albóndigas a la jardinera EROSKI, bandeja 300 g
cerdo		Albóndigas con salsa de tomate Carretilla sin aceite de palma pack 2 unidades de 300 g.
cerdo		Albóndigas de cerdo (ElPozo)
cerdo		Albóndigas de cerdo con ajo y perejil (Noel)
cerdo		Albóndigas de cerdo y vacuno Classic Carrefour sin gluten 415 g.
pescado		Albóndigas de merluza con almejas CARRETILLA, bandeja 320 g
pescado		Albóndigas de merluza con almejas Carretilla sin gluten 320 g.
cerdo		Albóndigas jardinera Carretilla 415 g.
verduras		Alcachofa 10/12 frutos EROSKI, frasco 175 g
verduras		Alcachofa 20/30 frutos EROSKI, frasco 175 g
verduras		Alcachofa 6/8 frutos EROSKI, lata 240 g
verduras		Alcachofa IGP ANKO, frasco 400 g
verduras		Alcachofa PEDRO LUIS, frasco 252 g
suplementos		Alcachofa VIVE+, caja 50 cápsulas
verduras		Alcachofa en aceite de oliva Eroski SELEQTIA, frasco 330 g
verduras		Alcachofa en mitades EROSKI, frasco 320 g
verduras		Alcachofa natural LEYENDA, frasco 400 g
verduras		Alcachofas Gvtarra 400 g.
verduras		Alcachofas con jamón EROSKI, bandeja 260 g
verduras		Alcachofas cortadas EROSKI, bolsa 450 g
aceitunas		Alcaparras en vinagre EROSKI, frasco 80 g
aceitunas		Alcaparras en vinagre El Faro 170 g.
aceitunas		Alcaparras en vinagre FRAGATA, frasco 99 g
suplementos		Alga Chlorella Bio 90 g Doypack Superalimentos (Drasanvi)
suplementos		Alga Spirulina Bio 150 g Doypack Superalimentos Drasanvi
pavo		Alhóndigas de Pollo y Pavo Carrefour El Mercado 414 g
infantil		Alimento infantil con puré de 4 frutas happy fruits Nestlé 110 g
infantil		Alimento infantil con puré de frutas mediterráneo Hero 100 g
infantil		Alimento infantil con puré de manzana, plátano y fresa Nestlé Naturnes 90 g
infantil		Alimento infantil con puré de pera, manzana, naranja y plátano Nestlé 90 g
infantil		Alimento infantil con puré de plátano, fresa y manzana Hero 4 x 100 g
infantil		Alimento infantil con puré multifrutas Nestlé 90 g
infantil		Alimento infantil con puré naranja, plátano, pera y galleta Hero 4 x 100 g
infantil		Alimento infantil con puré plátano, naranja y galleta Nestlé 4 x 90 g
infantil		Alimento infantil de fresa y plátano bio Be plus 90 g
infantil		Alimento infantil de manzana y plátano Be plus 120 g
infantil		Alimento infantil lácteo con puré de frutas Dia Fruticampo 100 g
infantil		Alimento infantil mango, coco y avena Hero 100 g
pollo		Alitas de pollo MAHESO, caja 350 g
pollo		Alitas de pollo a la barbacoa LA COCINERA, caja 300 g
pollo		Alitas de pollo asadas Hacendado
pollo		Alitas de pollo barbacoa La Cocinera 300 g
pollo		Alitas de pollo estilo americano 500 g (La Cocinera)
pollo		Alitas de pollo estilo americano LA COCINERA, caja 400 g
pollo		Alitas de pollo estilo americano La Cocinera 400 g.
pollo		Alitas de pollo picantes Carrefour Sensation 750 g.
aceites		Aliño mediterráneo (aceite-vinagre-sal) C. ANDALUZ, pack 5 unid.
barrita		All Peanuts - Barrita de Cacahuete y Chocolate Negro x 10 - 10 x (Prozis)
bebidas	bebida	Allioli CHOVI, frasco 190 ml
bebidas	bebida	Alma de Magno MAGNO, botella 70 cl
mariscos		Almeja del pacífico Dia Mari Marinera 450 g
frutos_secos		Almendra Blanca Bio 100 g Doypack Frutos Secos Ecosana (Drasanvi)
frutos_secos		Almendra Tostada Bio 100 g Doypack Frutos Secos Ecosana (Drasanvi)
frutos_secos		Almendra con piel cruda EROSKI, bolsa 200 g
frutos_secos		Almendra cruda bio EROSKI, bolsa 175 g
frutos_secos		Almendra cruda con piel EROSKI, tarrina 185 g
frutos_secos		Almendra crujiente BORGES, bolsa 150 g
frutos_secos		Almendra frita con sal BORGES, bolsa 80 g
panes		Almendra largeta tostada De Nuestra Tierra doy pack 120 g.
frutos_secos		Almendra molida EROSKI, bolsa 100 g
frutos_secos		Almendra molida VAHINÉ, bolsa 125 g
frutos_secos		Almendra pelada eco VERITAS, bolsa 150 g
frutos_secos		Almendra repelada frita EROSKI, bolsa 200 g
otros		Almendradas EROSKI, paquete 330 g
frutos_secos		Almendras al natural con piel Dia Naturmundo 200 g
frutos_secos		Almendras crudas repeladas EROSKI, tarrina 185 g
frutos_secos		Almendras fritas y saladas BORGES SELECCIÓN, bolsa 250 g
frutos_secos		Almendras fritas y saladas PIZARRO, bolsa 130 g
frutos_secos		Almendras fritas y saladas Selección Borges sin gluten doy pack 160 g.
frutos_secos		Almendras laminadas Borges 200 g.
frutos_secos		Almendras peladas al natural Dia Naturmundo 125 g
frutos_secos		Almendras saladas BORGES, bolsa 160 g
panes		Almendras tostadas MATUTANO, bolsa 128 g
panes		Almendras tostadas con piel Dia Naturmundo 200 g
panes		Almendras tostadas con piel sin sal Dia Naturmundo 200 g
otros		Almidón de tapioca Native Starch (Food Series)
mariscos		Alminuto gulas-gambas al ajillo LA GULA DEL NORTE, sobre 130 g
bebidas	bebida	Almond energy bar (Food Series)
suplementos		Aloe Vera (Prozis)
proteina		Alpha Pre-Entreno Frambuesa Azul (Myprotein)
proteina		Alpha Pre-Entreno Manzana Verde (Myprotein)
proteina		Alpha Pre-Entreno Naranja y Mango (Myprotein)
proteina		Alpha Pre-Entreno Strawberry Laces (Myprotein)
otros		Altramuces Gourmet EL FARO, frasco 250 g
carne_vegetal		Altramuces extra Dia Vegecampo 380 g
legumbres		Alubia Blanca Cocida Extra Ecológica 660 g Ecosana (Drasanvi)
legumbres		Alubia blanca cocida EROSKI BIO, frasco 400 g
legumbres		Alubia blanca cocida LUENGO, frasco 400 g
legumbres		Alubia blanca premium Don Pedro 1 kg.
legumbres		Alubia blanca riñón categoría extra De Nuestra Tierra 1 kg.
legumbres		Alubia blanca riñón cocida IGP Bañeza E. SELEQTIA, frasco 400 g
legumbres		Alubia frijol negro Classic Carrefour 500 g.
legumbres		Alubia negrita LUENGO, paquete 500 g
legumbres		Alubia pinta EROSKI, paquete 1 kg
legumbres		Alubia pocha JA'E, lata 500 g
legumbres		Alubia roja cocida LUENGO, frasco 400 g
legumbres		Alubia tipo granja Classic Carrefour 500 g.
legumbres		Alubias a la vasca LITORAL, lata 430 g
legumbres		Alubias blancas cocidas Dia Vegecampo 400 g
legumbres		Alubias blancas cocidas bajas en sal Dia Vegecampo 400 g
legumbres		Alubias pintas cocidas Dia Vegecampo 400 g
suplementos		Amaranto Grano Bio 500 g Ecosana (Drasanvi)
tuberculos		Amilopectina (almidón de patata) Amylopectin Powder Potato Source (Raw Series)
verduras		Amilopectina 2.0 (almidón de maiz) Amylopectin Corn Source (Raw Series)
frutas		Amino Prime - Limón (Prozis)
frutas		Amino Prime Caffeine Free - Limón (Prozis)
suplementos		Amino Prime Caffeine Free - Neutro (Prozis)
frutas		Amino Recovery - Fusión de frutas (Prozis)
suplementos		Aminoácido ALC (Acetil-L-Carnitina) – Amix™
suplementos		Aminoácido Arginina – Amix™
suplementos		Aminoácidos BCAA 2000 PepForm® – Musclecore™
suplementos		Aminoácidos BCAA 5000 (Polvo Neutro) (Vitobest)
suplementos		Aminoácidos BCAA 5000 (Polvo Sabor) - Cereza (Vitobest)
suplementos		Aminoácidos BCAA 5000 (Polvo Sabor) - Mora (Vitobest)
suplementos		Aminoácidos BCAA Instant Drink - Amix Performance - FRUTAS DEL BOSQUE
suplementos		Aminoácidos BCAA Instant Juice – Amix™ - NARANJA
suplementos		Aminoácidos Beef Extra Amino – Amix™
suplementos		Aminoácidos GABA (Vitobest)
suplementos		Aminoácidos Glutamine 5000 (Polvo) (Vitobest)
bebidas_lata	bebida	Aminoácidos Glutamine+BCAA (Polvo) - Cola (Vitobest)
suplementos		Aminoácidos Glutamine+BCAA (Polvo) - Limón (Vitobest)
suplementos		Aminoácidos HMB 1000 (Polvo) (Vitobest)
suplementos		Aminoácidos L-Arginine 2000 (Vitobest)
suplementos		Aminoácidos L-Carnitine 2000 (Vitobest)
suplementos		Aminoácidos L-Carnitine 2000 - Blue Arctic (Vitobest)
suplementos		Aminoácidos L-Carnitine 3000 (AminoPure®) (Viales) - Fresa (Vitobest)
bebidas_lata	bebida	Aminoácidos L-Carnitine 3000 (Botella) - Cola (Vitobest)
frutas		Aminoácidos L-Carnitine 3000 (Botella) - Naranja (Vitobest)
suplementos		Aminoácidos L-Carnitine 3000 (Viales) - Cola (Vitobest)
suplementos		Aminoácidos L-Carnitine 3000 (Viales) - Fresa (Vitobest)
frutas		Aminoácidos Leu-Core 8:1:1 Arándanos – Amix™
suplementos		Aminoácidos M.A.P. formato masticable – AMIX PRO ® (AMIXPRO)
suplementos		Anabolic Amino with CreaPep – Musclecore™
suplementos		Anabolic Explosion – Amix™
frutos_secos		Anacardo Bio 100 g Doypack Frutos Secos Ecosana (Drasanvi)
frutos_secos		Anacardo crudo EROSKI, tarrina 185 g
frutos_secos		Anacardo frito BORGES SELECCIÓN, bolsa 160 g
frutos_secos		Anacardo frito con miel Sensation Carrefour 125 g.
frutos_secos		Anacardos al natural Dia Naturmundo 200 g
frutos_secos		Anacardos fritos Dia Naturmundo 200 g
frutos_secos		Anacardos fritos EROSKI, bolsa 175 g
frutos_secos		Anacardos fritos EROSKI, tarrina 200 g
frutos_secos		Anacardos tostado sin sal FRIT RAVICH, bolsa 110 g
frutos_secos		Anacardos tostados Original Carrefour sin sal añadida doy pack 200 g.
frutos_secos		Anacardos tostados sin sal añadida Dia Naturmundo 150 g
otros		Anarcado ecológico Paño Naturae sin gluten 110 g.
suplementos		Anatest (Prozis)
pescado		Anchoa del Cantábrico Extra Carrefour 55 g.
pescado		Anchoa en aceite de oliva EROSKI, lata 23 g
pescado		Anchoa en aceite de oliva ORTIZ El Velero, lata 29 g
pescado		Anchoa en aceite de oliva ORTIZ, lata 50 g
pescado		Anchoa en aceite de oliva ligeras en sal Consorcio 26 g.
pescado		Anchoa seleccionada del Cantábrico ROYO, lata 170 g
pescado		Anchoas del Cantábrico en a. de oliva COSTA VASCA, frasco 200 g
pescado		Anchoas en aceite de oliva Consorcio 53 g.
pescado		Anchoas en aceite de oliva ORTIZ, lata 40 g
mariscos		Anilla de pota argentina congelada 450 g
otros		Anillas a la romana EROSKI, bolsa 300 g
mariscos		Anillas de pota Dia Mari Marinera 350 g
mariscos		Anillas de pota EROSKI, bolsa 425 g
otros		Anillos a la romana PESCANOVA, caja 400 g
otros		Anillos a la romana Receta Clásica Pescanova sin gluten 400 g.
bebidas	bebida	Anisette MARIE BRIZARD, botella 70 cl
suplementos		Antiox Care* (Essential Series)
suplementos		Antiox Drink - Amix™ - 24*
alcohol	bebida	Anís dulce Anís de la asturiana 1 L
alcohol	bebida	Anís dulce Del mono 70 cl
alcohol	bebida	Anís dulce EL MONO, botella 70 cl
alcohol	bebida	Anís dulce La Estepa 1 L
alcohol	bebida	Anís seco EL MONO, botella 70 cl
bebidas	bebida	Aperitivo Italian spritz 75 cl
bebidas	bebida	Aperitivo Italiano Alvini 70 cl
bebidas	bebida	Aperitivo anisado RICARD, botella 1 litro
bebidas	bebida	Aperitivo anisado Ricard 1 l.
cafe	bebida	Aperitivo de café Cerol
snacks		Aperitivo de maíz XXL Risketos sin gluten 250 g.
snacks		Aperitivo de maíz sabor queso Gublins Grefusa 124 g.
snacks		Aperitivo frito de maíz Mantex-Mex Jumpers sin gluten 120 g.
snacks		Aperitivo hot&spicy PRINGLES, tubo 165 g
snacks		Aperitivo original PRINGLES, tubo 165 g
snacks		Aperitivo sabor a queso CHEETOS Pandilla, bolsa 75 g
snacks		Aperitivo sabor a queso CHEETOS Pelotazos, bolsa 130 g
snacks		Aperitivo sabor barbacoa PRINGLES, tubo 165 g
snacks		Aperitivo sabor jamón PRINGLES, tubo 165 g
snacks		Aperitivo sabor pizza PRINGLES, tubo 165 g
bebidas	bebida	Aperitivo sin alcohol Vibrante MARTINI, botella 75 cl
snacks		Aperitivo sour cream PRINGLES, tubo 70 g
snacks		Aperitivo sourcream PRINGLES, tubo 165 g
snacks		Aperitivo vegetal gusetos ecológico EcoCesta 60 g.
quesos		Apetina queso blanco dados en salmuera Arla 200 g.
otros		Apio en tiras Classic Carrefour, 250 g.
suplementos		Apoyo articular complex * (Vitaminalia)
suplementos		Appetite Control (Prozis)
bebidas	bebida	Appetite Control - Burn (Prozis)
bebidas_lata	bebida	Aquarius bebida isotónica sabor limón pack de 2 botellas de 1,5 l.
bebidas_lata	bebida	Aquarius de granada açai 330 ml
bebidas_lata	bebida	Aquarius de limón 500 ml
bebidas_lata	bebida	Aquarius de melocotón rojo 1,5 L
bebidas_lata	bebida	Aquarius de naranja 330 ml
bebidas_lata	bebida	Aquarius de naranja zero 330 ml
frutas		Arandanos rojos deshidratados El Mercado tarrina 200 g
suplementos		Arginina alfa-cetoglutarato 1000mg (AAKG) (Essential Series)
otros		Aros a la romana AGUINAMAR, bandeja 210 g
cerdo		Aros de codillo AIRESANO, sobre 210 g
quesos		Aros de queso gouda Preli 350 g
mariscos		Arreglo de marisco pelado
granos		Arreglo para arroz al horno
cerdo		Arreglo para puchero vacuno, cerdo y pollo
granos		Arroz 3 delicias CARRETILLA, bandeja 250 g
granos		Arroz 3 delicias Carretilla sin gluten sin aceite de palma 250 g.
granos		Arroz 3 delicias EROSKI BASIC, bolsa 1 kg
granos		Arroz Basmati Blanco Bio 500 g Ecosana (Drasanvi)
granos		Arroz Basmati Integral Bio 1 Kg Ecosana (Drasanvi)
granos		Arroz D.O.Valencia EROSKI, paquete 1 kg
granos		Arroz J Sendra Extra Carrefour 1 kg.
granos		Arroz Redondo Integral Bio 1 kg Ecosana (Drasanvi)
granos		Arroz a banda Socarraet 280 g
mariscos		Arroz a banda con gambas Carretilla sin gluten sin aceite de palma 250 g.
granos		Arroz basmati para microondas Nomen sin gluten pack de 2 unidades de 200 g.
granos		Arroz blanco VERITAS, paquete 1 kg
granos		Arroz blanco cocido
pollo		Arroz campestre con pollo Hacendado ultracongelado
verduras		Arroz con kale y alcachofas VERLEAL, bolsa 350 g
postres		Arroz con leche Danone pack de 2 unidades de 130 g.
postres		Arroz con leche EROSKI SELEQTIA, tarro de barro 140 g
postres		Arroz con leche EROSKI, pack 4x130 g
postres		Arroz con leche casero MAHALA, pack 4x150 g
preparados		Arroz con pollo Thai Curry Findus 400 g.
pollo		Arroz con pollo Tikka Masala Findus 400 g.
granos		Arroz con verduras EROSKI, bolsa 500 g
granos		Arroz integral Dia Arrozona 1 Kg
granos		Arroz largo EROSKI BASIC, paquete 1 kg
granos		Arroz largo Sos 1 kg.
granos		Arroz largo ecológico Carrefour Bio 1 kg
granos		Arroz largo vaporizado Carrefour Classic 1 kg.
granos		Arroz mediterráneo al vapor FINDUS, bolsa 380 g
granos		Arroz negro EROSKI, bolsa 500 g
mariscos		Arroz negro con calamares Carretilla sin gluten sin aceite de palma 300 g.
granos		Arroz para caldosos Sos 1 kg.
preparados		Arroz para paella Sos 1 kg.
pescado		Arroz para sushi Sundari 500 g.
granos		Arroz redondo BRILLANTE sabroz, paquete 1 kg
granos		Arroz redondo SOS, paquete 1 kg
granos		Arroz redondo Sabroz Brillante 1 Kg
granos		Arroz redondo ecológico Sos 1 kg.
granos		Arroz risotto Dia Selección Mundial 500 g
pescado		Arroz sushi B. DRAGON, paquete 500 g
granos		Arroz thai jasmine Tilda 1 kg.
granos		Arroz tres delicias Dia Al Punto 850 g
mariscos		Arroz tres delicias marisco FINDUS, bolsa 500 g
granos		Arroz vaporizado BRILLANTE, caja 1 kg
suplementos		ArtiFlex Vitobest
suplementos		Articulaciones ArtiFlex Forte (Vitobest)
suplementos		Articulaciones FlexBone Forte (Vitobest)
suplementos		Articulaciones Glucosamine, Chondroitin & MSM (Vitobest)
suplementos		Articulaciones Hyaluronic Acid (Vitobest)
suplementos		Articulaciones TendoFlex Forte (Vitobest)
otros		Artinata ARTIACH, paquete 210 g
frutas		Arándano rojo EROSKI, bolsa 200 g
frutas		Arándanos Congelados de Navarra 300 g.
zumo	bebida	Arándanos Rojos Zumo Manzana Bio 100 g Doypack Frutos Secos Ecosana (Drasanvi)
frutas		Arándanos rojos EROSKI, tarrina 150 g
frutas		Arándanos rojos deshidratados Dia Naturmundo 150 g
suplementos		Ascorbato de calcio (500mg vitamina C) (Essential Series)
suplementos		Ascorbato de calcio (vitamina C) en polvo (Raw Series)
suplementos		Ascorbato de sodio (500mg vitamina C) (Essential Series)
suplementos		Ascorbato de sodio (vitamina C) en polvo (Raw Series)
suplementos		Ashwagandha + magnesio complex Magnesium (Essential Series)
suplementos		Ashwagandha 750mg (Vitaminalia)
suplementos		Ashwagandha KSM-66 60 gominolas sabor cereza Drasanvi
suplementos		Astaxantina 8mg (Essential Series)
pescado		Atún al natural
pescado		Atún bi-línea en aceite de oliva virgen extra ecológico (Calvo)
pescado		Atún claro Ligero en aceite de girasol (Calvo)
pescado		Atún claro Ligero en aceite de oliva (Calvo)
pescado		Atún claro Ligero en aceite de oliva virgen extra (Calvo)
pescado		Atún claro Protein+ COSTA VASCA, frasco 185 g
pescado		Atún claro Supernatural (Calvo)
pescado		Atún claro al natural ALBO, pack 3x46 g
pescado		Atún claro al natural Classic Carrefour pack de 6 latas de 56 g.
pescado		Atún claro al natural ZALLO, frasco 155 g
pescado		Atún claro al natural bajo en sal CALVO, pack 3x56 g
pescado		Atún claro en aceite de girasol (Calvo)
pescado		Atún claro en aceite de girasol Albo 3 x 48 g
pescado		Atún claro en aceite de girasol Classic Carrefour pack de 3 latas de 104 g.
pescado		Atún claro en aceite de oliva Dia Mari Marinera 6 x 60 g
pescado		Atún claro en aceite de oliva EROSKI, frasco 185 g
pescado		Atún claro en aceite de oliva EROSKI, lata 111 g
pescado		Atún claro en aceite de oliva Extra Carrefour 140 g.
pescado		Atún claro en aceite de oliva La Española (Calvo)
pescado		Atún claro en aceite de oliva bajo en sal (Calvo)
pescado		Atún claro en aceite de oliva virgen extra La Española (Calvo)
pescado		Atún claro en escabeche (Calvo)
pescado		Atún claro en escabeche ALBO, pack 3x92 g
pescado		Atún claro en escabeche CALVO, pack 3x80 g
pescado		Atún claro en escabeche CAMPOS, lata 160 g
pescado		Atún claro en escabeche CAMPOS, pack 3x80 g
pescado		Atún claro en escabeche EROSKI, pack 3x80 g
pescado		Atún claro en salsa de aguacate CALVO, pack 3x70 g
pescado		Atún claro en salsa de salpicón CALVO, pack 3x70 g
pescado		Atún claro natural +PRO CALVO, pack 3x65 g
pescado		Atún claro sin aceite al natural Calvo pack de 3 latas de 56 g.
pescado		Atún de Almadraba en aceite de oliva Tejero 3 x 52 g
pescado		Atún en aceite de girasol (Calvo)
pescado		Atún en aceite de girasol Dia Mari Marinera 260 g
pescado		Atún en aceite de girasol pescado a caña en las Islas Canarias (Calvo)
pescado		Atún en aceite de oliva (Calvo)
pescado		Atún en aceite de oliva Classic Carrefour lata 650 g.
pescado		Atún en aceite vegetal ISABEL, lata 800 g
pescado		Atún en escabeche (Calvo)
pescado		Atún en escabeche EROSKI, lata 900 g
pescado		Atún salvaje en AOVE (Pesasur)
instantanea		Avecrem 100% Natural Pollo: Caldo de Corral (Gallina Blanca)
otros		Avecrem Gallina Blanca 8 unidades
instantanea		Avecrem Pescado: Pastillas de Caldo y Fumet (Gallina Blanca)
instantanea		Avecrem Sabor Carne: Pastillas de Caldo (Gallina Blanca)
especias		Avecrem Sazonador Ajo y Perejil: Condimento (Gallina Blanca)
especias		Avecrem Sazonador Pollo: Bote Dosificador (Gallina Blanca)
frutos_secos		Avellana cruda bio EROSKI, bolsa 175 g
panes		Avellana tostada km 0 FRIT RAVICH, bolsa 130 g
frutos_secos		Avellanas crudas EROSKI, tarrina 150 g
panes		Avellanas tostadas EROSKI, tarrina 150 g
panes		Avellanas tostadas sin sal añadida Dia Naturmundo 200 g
cereales		Avena
cereales		Avena Grano Bio 500 g Ecosana (Drasanvi)
cereales		Avena Instantánea sin Gluten - Chocolate Avena Integral Instantánea en Polvo (Prozis)
cereales		Avena Instantánea sin Gluten - Galleta Avena Integral Instantánea en Polvo (Prozis)
cereales		Avena Instantánea sin Gluten - Galleta Avena integral instantánea y Proteína de suero de leche (Prozis)
cereales		Avena Instantánea sin Gluten - Neutro Avena Integral Instantánea en Polvo (Prozis)
cereales		Avena Instantánea sin Gluten - NutChoc Avena Integral Instantánea en Polvo (Prozis)
leche	bebida	Avena Instantánea sin Gluten - Vainilla Avena integral instantánea y Proteína de suero de leche (Prozis)
cereales		Avena Integral Instantánea - Chocolate Avena Instantánea en Polvo sin Gluten (Prozis)
cereales		Avena Integral Instantánea - Chocolate Avena integral instantánea y Proteína de suero de leche (Prozis)
cereales		Avena Integral Instantánea - Neutro Avena Integral Instantánea en Polvo (Prozis)
cereales		Avena Integral Instantánea - Neutro Avena instantánea en polvo (Prozis)
cereales		Avena Integral Instantánea - NutChoc Avena Integral Instantánea en Polvo (Prozis)
cereales		Avena Integral Instantánea - NutChoc Avena instantánea en polvo (Prozis)
leche	bebida	Avena Integral Instantánea - Vainilla Avena integral instantánea y Proteína de suero de leche (Prozis)
bebidas	bebida	Avena líquida para cocinar Bio OATLY, brik 250 ml
bebidas	bebida	Avenacao cacao con copos de avena COLA CAO, bote 300 g
suplementos		Ayuda aumentar la testosterona (Vitobest)
suplementos		Azuki Bio 500 g Ecosana (Drasanvi)
panaderia		Azúcar Caña Integral Demerara Bio 1 Kg Ecosana (Drasanvi)
panaderia		Azúcar Caña Integral Panela Bio 1 kg Ecosana (Drasanvi)
panaderia		Azúcar Caña Integral Panela Bio 750 g Ecosana (Drasanvi)
panaderia		Azúcar INTERMON, paquete 500 g
panaderia		Azúcar avainillado EROSKI, caja 48 g
dulces		Azúcar blanco Dia 1 Kg
dulces		Azúcar blanco de caña en sticks Classic´ Carrefour 300 g.
panaderia		Azúcar de Abedul 300 g Doypack Superalimentos Drasanvi
frutas		Azúcar de Coco Bio 300 g Doypack Superalimentos Drasanvi
dulces		Azúcar de caña INTERMON OXFAM, 60 sobres, caja 300 g
frutas		Azúcar de coco bio INTERMON OXFAM, doypack 250 g
panaderia		Azúcar ecológico AZUCARERA, brik 750 g
panaderia		Azúcar ecológico de caña VERITAS, paquete 500 g
panaderia		Azúcar glacé Dia 300 g
panaderia		Azúcar glasé Classic Carrefour 300 g.
dulces		Azúcar moreno de caña D. RADISSON, paquete 500 g
dulces		Azúcar moreno de caña integral Dia 1 Kg
dulces		Azúcar moreno en sobres Dia 300 g
suplementos		Açai Bio 70 g Doypack Superalimentos Drasanvi
suplementos		B COMPLEX (Be Essential®)
suplementos		B Complex (Prozis)
suplementos		B-50 complex 120 Coated Tabs 01 (Essential Series)
suplementos		B-50 complex Vitamins (Essential Series)
suplementos		BCAA 2:1:1 (Prozis)
suplementos		BCAA 2:1:1 - BCAA 2:1:1 (Prozis)
suplementos		BCAA 2:1:1 - BCAA 4:1:1 (Prozis)
suplementos		BCAA 4 - Frambuesa azul (Quamtrax)
suplementos		BCAA 4.1.1 (Quamtrax)
suplementos		BCAA 4:1:1 (Prozis)
suplementos		BCAA 4:1:1 - BCAA 2:1:1 (Prozis)
suplementos		BCAA 8:1:1 (Prozis)
bebidas_lata	bebida	BCAA 8:1:1 - Aminoácidos - Cola (226ERS)
suplementos		BCAA Drink - Amix™ - 24*
bebidas	bebida	BCAA Energy Black Raspberry (Myprotein)
bebidas_lata	bebida	BCAA Energy Cola de Cereza (Myprotein)
bebidas	bebida	BCAA Energy Fresa y Frambuesa (Myprotein)
bebidas	bebida	BCAA Energy Lima y Limón (Myprotein)
suplementos		BCAAS + Glutamina Kyowa Sabor Limón 275 g Sport Live Drasanvi
suplementos		BE COLLAGEN - Strawberry (Be Essential®)
suplementos		BE DIGEST (Be Essential®)
te	bebida	BE FIT L-CARNITINA, TE MATCHA, Q10 (Be Essential®)
suplementos		BIG M.A.P. (bigsuplements)
barrita		BIMANÁN Barritas de chocolate y naranja, ricas en proteínas BIMANÁN Línea 6 uds x 186 g.
proteina		BLACKMAX (Max Protein Oficial)
proteina		BLACKMAX CONGUITOS® PEANUT CREAM BOX [12packs] (Max Protein Oficial)
granos		BO DE DEBÓ Arroz de montaña, listo para calentar y comer 300 g.
pasta		BO DE DEBÓ Fideuá, lista para calentar y comer BO DE DEBÓ 800 g.
huevo		BO DE DEBÓ Tortilla fresca de calabacín, elaborada sin gluten y sin lactosa BO DE DEBÓ 335 g.
chocolates		BOCADITOS CON CACAO 9U (Dulcesol)
frutas		BOERS COCO - CAJA 2,5KG (Dulcesol)
chocolates		BOX 15 RECOVERY DRINK - Monodosis para la recuperación muscular - Chocolate (226ERS)
bebidas	bebida	BOX 20 ISOTONIC DRINK - Monodosis de Bebida Isotónica - Frutos Rojos (226ERS)
bebidas_lata	bebida	BOX 24 ISOTONIC GEL - Stick Gel Isotónico Energético - Cola - Cafeína (226ERS)
barrita		BOX 24 NEO BAR PROTEIN - Barrita Proteica - Chocolate Negro (226ERS)
bebidas_lata	bebida	BOX 32 HIGH FRUCTOSE GEL XS - Gel Energético con fructosa - Speculoos (226ERS)
bebidas	bebida	BOX 6 HIGH ENERGY GEL - OUTLET - Cereza - Cafeína (226ERS)
barrita		BOX 6 RACE DAY BAR BCAA - Barrita Energética Vegana - Manzana y Canela (226ERS)
suplementos		BOX 6 TART CHERRY JUICE - Cherry Juice (226ERS)
bebidas_lata	bebida	BOX 9 SUB9 RACE DAY - Monodosis Bebida Energética (226ERS)
bebidas	bebida	BOX HYDRAZERO - Bebida Hipotónica Monodosis - Fresa (226ERS)
bebidas	bebida	BOX – 15 ENERGY DRINK LEMON (226ERS)
frutas		BRACITOS FRESA - CAJA 2kg (Dulcesol)
panaderia		BRACITOS TRUFA - CAJA 2kg (Dulcesol)
chocolates		BRAZO DE CACAO 250g - CAJA 5U (Dulcesol)
suplementos		BYE WATER (Be Essential®)
pescado		Bacalao a la vizcaína ALBO, lata 115 g
pescado		Bacalao al ajoarriero Reyno Gourmet AIMAR, tarro 600 g
pescado		Bacalao al pil pil EROSKI SELEQTIA, bandeja 300 g
pescado		Bacalao desalado desmigado EROSKI BASIC, bandeja 250 g
pescado		Bacalao desalado desmigado EROSKI, bandeja 225 g
pescado		Bacalao desmigado desalado Carrefour El Mercado 250 g
pescado		Bacalao desmigado salado Carrefour El Mercado 250 g
pescado		Bacalao natura en aceite de girasol La Mar de Tapas 130 g
pescado		Bacalao salvaje en AOVE (Pesasur)
quesos		Bacaón y queso, calentar y listo FRIPOZO, bolsa 330 g
fiambres		Bacon 500G (ElPozo)
fiambres		Bacon Frito Sándwich (ElPozo)
fiambres		Bacon Frito Tiras (ElPozo)
fiambres		Bacon Horeca (ElPozo)
fiambres		Bacon N/U (ElPozo)
fiambres		Bacon ahumado con humo natural EROSKI Maestro, sobre 150 g
fiambres		Bacon cocido sabor ahumado en tiras ElPozo King Upp sin gluten y sin lactosa pack de 2 unidades de 50 g
fiambres		Bacon – Pieza (ElPozo)
fiambres		Bacón MONELLS, sobre 110 g
fiambres		Bacón ahumado URKABE, sobre 150 g
fiambres		Bacón ahumado natural 50% duroc LA SELVA, sobre 150 g
fiambres		Bacón ahumado natural EROSKI Maestro, al corte, compra mínima 100 g
fiambres		Bacón sabor ahumado en tiras Carrefour El Mercado sin gluten pack de 2 unidades de 100 g
panes		Bagels clásico BIMBO, 4 uds, paquete 300 g
panes		Baguetinas de pan congelado MAHESO, pack 4x125 g
panes		Baguette EROSKI Natur, 250 g
panes		Baguette, 220 g
otros		Baguettina congelada sin gluten 1 ud
suplementos		Baicalina 250mg (de escutelaria de baikal) (Essential Series)
panaderia		Baked Brownie 12 x White Chocolate Chunk (Myprotein)
aceitunas		Banderillas dulces EROSKI, frasco 210 g
aceitunas		Banderillas en aceite de oliva EROSKI SELEQTIA, frasco 160 g
aceitunas		Banderillas picantes Classic Carrefour 180 g.
aceitunas		Banderillas picantes EROSKI, cubeta 250 g
aceitunas		Banderillas picantes EROSKI, frasco 210 g
aceitunas		Banderillas picantes SARASA, tarrina 2 kg
aceitunas		Banderillas picantes en vinagre EL FARO, frasco 150 g
otros		Barqueta Mediterránea Fácil de Untar 250g (Central Lechera Asturiana)
chocolates		Barquillo Proteico (Muestra) Chocolate (Myprotein)
chocolates		Barquillo Proteico (Muestra) Chocolate y Avellanas (Myprotein)
suplementos		Barquillo Proteico Vainilla (Myprotein)
chocolates		Barquillos Barqui Choco (Gullón)
frutas		Barquillos Barqui Coco (Gullón)
frutas		Barquillos Barqui Limón (Gullón)
leche		Barquillos Barqui Nata (Gullón)
chocolates		Barquillos Chocolate Zero Sin Azúcares (Gullón)
chocolates		Barquillos De Chocolate (Gullón)
galletas		Barquillos Karamel Speculoos Zero (Gullón)
chocolates		Barquillos Wafer Mix Chocolate Y Avellana (Gullón)
chocolates		Barquillos Wafer Mix Nata Y Chocolate (Gullón)
panaderia		Barquillos de vainilla sin azúcares Gullón 180 g
instantanea		Barquillos rellenos de crema de nata Artiach Artinata 210 g.
leche		Barquillos rellenos de nata Galleteca de Dia 210 g
otros		Barquillos wafer mix Florbu 330 g
panes		Barra con aspas, 235 g
panes		Barra de pan Carrefour 250 g
panes		Barra de pan rústica multicereales rebanada 400 g
panes		Barra grande EROSKI, 330 g
panes		Barra mediana, 1 ud., 215 g
panes		Barra mediana, 2 uds., 430 g
barrita		Barrita Crispy Square 12 x Malvavisco (Myprotein)
barrita		Barrita Flap Jack Gourmet Oat bar - Mr.Popper‘s® - MANZANA-CHOCOLATE BLANCO (MR POPPER´S)
barrita		Barrita Flap Jack Oat Bar - Mr.Popper‘s® - DOBLE CHOCOLATE (MR POPPER´S)
barrita		Barrita Impact Protein 12 x Chocolate Negro con Sal Marina (Myprotein)
barrita		Barrita Layered - Pan de especias (Myprotein)
barrita		Barrita Panceliac sin gluten y sin lactosa 80 g.
barrita		Barrita Proteica Layered (muestra) Vanilla Birthday Cake (Myprotein)
barrita		Barrita Proteica Vegana - Greenday® - CHOCOLATE (AMIX)
barrita		Barrita Sneekers proteica (Food Series)
barrita		Barrita alta en proteína de chocolate blanco y vainilla Corny Crunchy sin azúcar añadido 45 g.
barrita		Barrita con chocolate negro (Bicentury)
barrita		Barrita de avellana KIT KAT, pack 3x41,5 g
barrita		Barrita de avena-miel NATURE VALLEY, 5 uds., caja 210 g
barrita		Barrita de barquillo cubierta de chocolate blanco Huesitos Valor 12 ud.
barrita		Barrita de cereal Golden Grahams NESTLÉ, 6 uds., caja 150 g
barrita		Barrita de cereal NESTLÉ Nesquik, 6 uds., caja 150 g
barrita		Barrita de cereales y cacao con chocolate con leche y avellanas (Bicentury)
barrita		Barrita de choco negro sin azúcar BICENTURY Sarialis, caja 102 g
barrita		Barrita de chocolate KINDER Bueno, pack 3x43 g
barrita		Barrita de chocolate con leche BICENTURY Sarialis, caja 120 g
barrita		Barrita de chocolate con leche CORNY, 6 uds, caja 150 g
barrita		Barrita de chocolate con leche EROSKI, caja 192 g
barrita		Barrita de chocolate con leche KIT KAT, pack 8x20,7 g
barrita		Barrita de chocolate con leche NESTLÉ FITNESS DELICE, caja 135 g
barrita		Barrita de chocolate con pistacho Nestlé 30 g
barrita		Barrita de chocolate negro BICENTURY, caja 120 g
barrita		Barrita de chocolate negro KIT KAT, pack 3x41,5 g
barrita		Barrita de chocolate negro alta en proteínas Carrefour Sensation 120 g
barrita		Barrita de chocolate-naranja BIMANAN, caja 8 uds.
barrita		Barrita de crema de avellanas cubiertas de chocolate con leche Schär sin gluten 30 g.
barrita		Barrita de galleta crujiente cubierta de chocolate Twin Bar Schar sin gluten 64,5 g.
barrita		Barrita de galleta crujiente cubierta de chocolate pack 5 unidades de 41,5 g.
barrita		Barrita de galleta rellena Cookies & Cream Nocilla pack 6 unidades de 21,5 g.
barrita		Barrita de galleta rellena de crema de chocolate Nocilla Original pack 6 unidades de 21,5 g.
barrita		Barrita de galleta y chocolate blanco Nestlé Milkybar 1 unidad
barrita		Barrita de galleta, chocolate y cereales Nestlé Crunch 1 unidad
barrita		Barrita de mantequilla de cacahuete (Myvegan)
barrita		Barrita de proteína de suero de leche y avena sabor chocolate Prozis 80 g.
barrita		Barrita de proteínas de chocolate con leche, cacahuetes y caramelo Corny Soft sin azúcar añadido 45 g.
barrita		Barrita de proteínas de coco y chocolate Just loading 27 g
barrita		Barrita de proteínas sabor chocolate intenso Just Loading pack de 3 unidades de 30 g.
barrita		Barrita de proteínas sabor chocolate y avellanas Prozis 80 g.
barrita		Barrita de proteínas sabor galleta Corny Crunchy sin azúcar añadido 45 g.
barrita		Barrita de toffee BIMANAN, caja 8 uds.
barrita		Barrita energética sabor cacahuete con creatina Just loading 40 g
barrita		Barrita proteica Exclusive Protein Bar – Amix™ - DOBLE CHOCOLATE / 24*
barrita		Barrita proteica HD-PRO - Amix™ - COOKIES&CREAM / 20*
barrita		Barrita proteica Layered 12 x Fresa (Myprotein)
barrita		Barrita proteica Layered 12 x Gingerbread - Limited Edition (Myprotein)
barrita		Barrita proteica Layered 12 x Vanilla Birthday Cake (Myprotein)
barrita		Barrita proteica Layered 6 x Cookie Crumble (Myprotein)
barrita		Barrita proteica Layered 6 x Triple Chocolate Fudge (Myprotein)
barrita		Barrita proteica Layered Variety (Myprotein)
barrita		Barrita proteica Low-Carb 33% Protein Bar – Amix™ - DOBLE CHOCOLATE
barrita		Barrita proteica McPro Protein Bar – Amix™ - COOKIE-CREMA
barrita		Barrita proteica Protein Nuts Bar – Amix™ - CACAHUETE-CARAMELO
barrita		Barrita proteica Tigger Crunchy Protein Bar – Amix™ - TRIPLE BROWNIE
barrita		Barrita proteica Tigger Zero Protein Bar – Amix™ - CHOCOLATE-CARAMELO
barrita		Barrita proteica Zero Hero Protein Bar – Amix™ - DOBLE CHOCOLATE
barrita		Barrita proteica ligera Layered 3 x Chocolate Blanco con Frambuesa (Myprotein)
barrita		Barrita proteíca Cookies&Cream BAREBELLS, 55 g
barrita		Barrita proteína de chocolate blanco c/ almendra BAREBELLS, 55 g
barrita		Barrita proteína sabor chocolate blanco con stracciatella Just loading 35 g
barrita		Barrita sabor caramelo YOPRO, 1 ud, 45 g
barrita		Barritas 0% azúcares fibra y miel NESTLÉ FITNESS, pack 4x20 g
barrita		Barritas 0% azúcares proteína cacao NESTLÉ FITNESS, pack 4x20 g
barrita		Barritas Choco Caramel Crunch (Vitobest)
barrita		Barritas Energéticas By-Energy - Amix Performance - MANZANA VERDE
barrita		Barritas Energéticas Sport Power - Amix Performance - MANGO
barrita		Barritas Krissia 300 g
barrita		Barritas Pure Crunch Peanut Butter (Vitobest)
barrita		Barritas Whey Protein Bar - Chocolate (Vitobest)
barrita		Barritas de almendra y chocolate negro 70% El Almendro sin gluten 100 g.
barrita		Barritas de cereales Corn Flakes gofree NESTLÉ, caja 88 g
barrita		Barritas de cereales NESTLÉ Chocapic, 6 unid., caja 150 g
barrita		Barritas de cereales cacahuete NAKD, caja 140 g
barrita		Barritas de cereales con chocolate blanco (Bicentury)
barrita		Barritas de cereales con chocolate blanco sabor yogur (Bicentury)
barrita		Barritas de cereales con chocolate blanco y frutos rojos (Bicentury)
barrita		Barritas de cereales con chocolate con leche Gran Dia 150 g
barrita		Barritas de cereales con chocolate negro sin azúcares (Bicentury)
barrita		Barritas de cereales con coco, cacao, anacardos y crema de almendra protein Kellogg's Special K 112 g
barrita		Barritas de cereales crunchy Nature Valley sin lactosa pack 5 unidades 42 g.
barrita		Barritas de cereales de chocolate blanco Corny sin azúcar añadido pack 6 unidades de 20 g.
barrita		Barritas de cereales sin gluten Nestlé 88 g
barrita		Barritas de cereales y cacao bañadas en chocolate con leche Bicentury 120 g
barrita		Barritas de chocolate NESTLÉ Fitness, 6 unid., caja 141 g
barrita		Barritas de chocolate con leche 0% CORNY, 6 uds, caja 120 g
barrita		Barritas de chocolate con leche, galleta y caramelo Twix 5 ud.
barrita		Barritas de chocolate con mochila KIT KAT F1, pack 493 g
barrita		Barritas de chocolate negro fondant BIMANAN, caja 10 uds
barrita		Barritas de fruta con frutos secos y cerezas altas en proteína Nakd sin azúcar añadido 135 g.
barrita		Barritas de fruta con frutos secos y sal Carrefour Sensation sin azúcar añadido 120 g.
barrita		Barritas de galleta crujiente cubiertas de chocolate blanco Nestlé Kit Kat White pack de 3 unidades de 41,5 g.
barrita		Barritas de proteínas con caramelo salado y frutos secos Nature Valley sin gluten 4 ud.
barrita		Barritas de proteínas con chocolate negro, cereales y frutos secos (Bicentury)
barrita		Barritas de surimi KRISSIA, bandeja 420 g
barrita		Barritas energéticas sabor muffin de arándanos con probióticos Just loading 105 g
barrita		Barritas originales Nocilla 43 g
barrita		Barritas proteicas de cacahuete y chocolate Nature Valley 160 g
barrita		Barritas sabor chocolate crujiente Bimanán BeKomplett sin gluten pack de 8 unidades de 35 g.
barrita		Barritas snack de queso proteico Eatlean sin lactosa pack de 6 unidades de 20 g.
barrita		Barritas sustitutivas sabor naranja Carrefour 210 g.
pizza		Base de pizza EROSKI basic, pack 2x150 g
pizza		Base de pizza La Cocinera pack de 4 bases de 130 g.
pizza		Base de pizza proteica - pack receta (HSN Packs)
panaderia		Base de tarta 3 capas Petite Genoise 350 g
pizza		Base pizza 100% integral (EUROPASTRY)
pizza		Base pizza tradizionale DR. OETKER, 2 uds, caja 610 g
bebidas	bebida	Batido Greens & Reds + - Greenday®
bebidas	bebida	Batido alto en proteínas con creatina sabor pistacho Ehrmann 330 ml
bebidas	bebida	Batido alto en proteínas sabor cookie cream Just loading 225 ml
bebidas	bebida	Batido de Proteínas Ceto - Speculoos Batido proteico ceto (Prozis)
bebidas	bebida	Batido de cacao 0% CACAOLAT, botella 1 litro
bebidas	bebida	Batido de cacao 0% azúcar añadido PULEVA, pack 6x200 ml
leche	bebida	Batido de cacao 90% leche Dia Láctea 6 x 200 ml
bebidas	bebida	Batido de cacao COLA CAO Energy, pack 9x200 ml
bebidas	bebida	Batido de cacao EROSKI, botella 1 litro
bebidas	bebida	Batido de cacao EROSKI, pack 6x200 ml
bebidas	bebida	Batido de cacao Energy Cola Cao pack de 9 botellas de 188 ml.
bebidas	bebida	Batido de cacao PULEVA, pack 6x200 ml
bebidas	bebida	Batido de cacao Puleva sin gluten 200 ml.
bebidas	bebida	Batido de cacao Shake COLA CAO, vaso 200 ml
bebidas	bebida	Batido de cacao africano PASCUAL LATEADO, botellín 230 ml
bebidas	bebida	Batido de chocolate BIMANÁN, caja 5 unid.
bebidas	bebida	Batido de chocolate COLA CAO Energy, pack 3x200 ml
bebidas	bebida	Batido de chocolate Celta 1 l.
bebidas	bebida	Batido de chocolate Dia Láctea 6 x 200 ml
bebidas	bebida	Batido de chocolate con proteína high pro Puleva botella 250 ml.
bebidas	bebida	Batido de chocolate shake ColaCao 200 ml
bebidas	bebida	Batido de chocolate sin lactosa Puleva 6 x 200 ml
bebidas	bebida	Batido de fresa Carrefour Classic sin gluten pack de 6 minibriks de 200 ml.
bebidas	bebida	Batido de fresa Puleva 6 x 200 ml
bebidas	bebida	Batido de mocca CACAOLAT, botella 275 ml
bebidas	bebida	Batido de vainilla Carrefour Clasicc sin gluten 1 l.
bebidas	bebida	Batido energy ColaCao 3 + 1 x 188 ml
bebidas	bebida	Batido lateado de choco blanco-pistacho PASCUAL, botellín 230 ml
bebidas	bebida	Batido proteico sabor chocolate brownie Arla Protein 200 ml.
bebidas_lata	bebida	Batido proteína 52% chocolate BIMANAN PRO, lata 360 g
bebidas	bebida	Batido proteína CACAOLAT, botellín 275 ml
bebidas	bebida	Batido proteína de chocolate YOPRO, brik 250 ml
bebidas	bebida	Batido sabor chocolate (Bicentury)
bebidas	bebida	Batido sabor vainilla EROSKI, pack 6x200 ml
bebidas	bebida	Batido sabor yogur con fresa (Bicentury)
bebidas	bebida	Batido sustitutivo de chocolate Bicentury 5 unidades
bebidas	bebida	Batidos Essential Strawberry Ice Cream (Myprotein)
bebidas	bebida	Batidos verdes - pack (HSN Packs)
otros		Bayas de Goji Bio (NaturGreen)
otros		Bayas de goji orgánicas Organic Berries (Bio Series)
bebidas	bebida	Bebedino sabor fresa DANONE, pack 4x100 ml
bebidas	bebida	Bebedino sabor fresa-plátano DANONE, pack 4x100 ml
bebidas	bebida	Bebible sabor fresa-frambuesa YOPRO, botella 300 g
bebidas	bebida	Bebible sabor lima limón DANACOL, pack 14x100 g
alcohol	bebida	Bebida Espirituosa SOBERANO, botella 1 litro
alcohol	bebida	Bebida Espirituosa Terry CENTENARIO, botella 1 litro
bebidas	bebida	Bebida Isotónica Iso-Lyn Recovery – Amix™
bebidas	bebida	Bebida LADRÓN DE VERANO 0.0 LIMÓN, botella 1 litro
bebidas	bebida	Bebida LADRÓN DE VERANO LIMÓN, botella 1 litro
bebidas	bebida	Bebida cider con gas Spieler sabor a manzana
bebidas	bebida	Bebida con proteínas sabor stracciatella Yopro 300 g
veg_drinks	bebida	Bebida de Arroz-Coco VERITAS, brik 1 litro
veg_drinks	bebida	Bebida de almendra EROSKI BIO, brik 1 litro
veg_drinks	bebida	Bebida de almendra calcio zero azúcar Almond Breeze sin gluten y sin lactosa brik 1 l.
veg_drinks	bebida	Bebida de almendra con calcio EROSKI, brik 1 litro
veg_drinks	bebida	Bebida de almendra sin azúcar VIVESOY, brik 1 litro
veg_drinks	bebida	Bebida de almendras 0% azúcares Dia Vegedia 1 L
veg_drinks	bebida	Bebida de almendras Alpro 1 L
veg_drinks	bebida	Bebida de almendras EL ALMENDRO, brik 1 litro
veg_drinks	bebida	Bebida de almendras sin azúcar ALPRO, brik 1 litro
veg_drinks	bebida	Bebida de almendras sin azúcar añadido KAIKU, brik 1 litro
veg_drinks	bebida	Bebida de arroz Dia Vegedia 1 L
veg_drinks	bebida	Bebida de arroz EROSKI, brik 1 litro
veg_drinks	bebida	Bebida de arroz con avellanas YoSoy sin gluten y sin azúcar añadido brik 1 l.
veg_drinks	bebida	Bebida de arroz ecológica Carrefour Bio brik 1 l.
bebidas	bebida	Bebida de arándanos y uva GRANINI, botella 1 litro
veg_drinks	bebida	Bebida de avena 0% azúcares Dia Vegedia 1 L
veg_drinks	bebida	Bebida de avena Dia Vegedia 1 L
veg_drinks	bebida	Bebida de avena EROSKI BIO, brik 1 litro
veg_drinks	bebida	Bebida de avena EROSKI, brik 1 litro
veg_drinks	bebida	Bebida de avena YoSoy sin azúcar brik 1 l.
veg_drinks	bebida	Bebida de avena YoSoy sin gluten brik 1 l.
veg_drinks	bebida	Bebida de avena Yosoy 1 L
veg_drinks	bebida	Bebida de avena barista Alpro 1 L
veg_drinks	bebida	Bebida de avena barista Dia Vegedia 1 L
veg_drinks	bebida	Bebida de avena barista YOSOY, brik 1 litro
veg_drinks	bebida	Bebida de avena calciavena SANTIVERI, brik 1 litro
veg_drinks	bebida	Bebida de avena calcio sin azúcar añadido YoSoy brik 1 l.
veg_drinks	bebida	Bebida de avena con cacao Dia Vegedia 1 L
veg_drinks	bebida	Bebida de avena con café Dia Vegedia 1 L
veg_drinks	bebida	Bebida de avena con calcio GERBLÉ, brik 1 litro
veg_drinks	bebida	Bebida de avena con calcio biológica DIAT RADISSON, brik 1 litro
veg_drinks	bebida	Bebida de avena ecológica EcoCesta sin gluten y sin azúcar añadido brik 1 l.
veg_drinks	bebida	Bebida de avena ecológica YoSoy sin gluten brik 1 l.
veg_drinks	bebida	Bebida de avena enriquecida con calcio YOSOY, brik 1 litro
veg_drinks	bebida	Bebida de avena sin azúcar ALPRO, brik 1 litro
veg_drinks	bebida	Bebida de avena sin azúcar añadido YoSoy Barista brik 1 l.
veg_drinks	bebida	Bebida de avena sin azúcar añadido YoSoy pack de 3 briks de 250 ml.
veg_drinks	bebida	Bebida de avena sin gluten vitaminas calcio ISOLA, brik 1 litro
veg_drinks	bebida	Bebida de avena y almendra MONSOY, brik 1 litro
veg_drinks	bebida	Bebida de avena y chocolate YoSoy brik 1 l.
veg_drinks	bebida	Bebida de avena y mango Dia Vegedia 1 L
cafe	bebida	Bebida de café Caramel Macchiato Go Chill 230 ml.
bebidas	bebida	Bebida de fruta arándanos y uva Granini sin azúcares añadidos botella 1 l.
bebidas	bebida	Bebida de fruta de melocotón Juver Disfruta La fruta sin azúcares añadidos pack 3 briks 20 cl.
bebidas	bebida	Bebida de fruta de naranja y mango con extracto de guaraná Juver brik 33 cl.
bebidas	bebida	Bebida de fruta de piña Juver brik 2 l.
bebidas	bebida	Bebida de fruta piña sabor coco Carrefour Classic sin azúcar añadido brik 1 l.
leche	bebida	Bebida de fruta y leche caribe Don Simón pack 6 x 200 ml
leche	bebida	Bebida de fruta y leche de melón y sandía sin azúcares añadidos Dia Saborfera pack 3 x 330 ml
leche	bebida	Bebida de fruta y leche mediterráneo Dia Saborfera 1 L
leche	bebida	Bebida de fruta y leche mediterráneo Dia Saborfera pack 3 x 330 ml
leche	bebida	Bebida de fruta y leche mediterráneo Dia Saborfera pack 6 x 200 ml
leche	bebida	Bebida de fruta y leche tropical Dia Saborfera 6 x 200 ml
leche	bebida	Bebida de fruta y leche tropical Dia Saborfera pack 3 x 330 ml
leche	bebida	Bebida de fruta y leche tropical Don Simón pack 3 x 330 ml
leche	bebida	Bebida de fruta y leche tropical sin azúcar añadido Dia Saborfera 3 x 330 ml
bebidas	bebida	Bebida de frutas naranja y mandarina Florida Juver 2 l.
bebidas	bebida	Bebida de limón exprimido PULCO, botella 70 cl
bebidas	bebida	Bebida de limón y ginseng con kéfir Dia Upss 250 ml
bebidas	bebida	Bebida de melocotón GRANINI, botella 1 litro
bebidas	bebida	Bebida de melocotón sin azúcar añadido EROSKI, pack 6x20 cl
bebidas	bebida	Bebida de naranja sin azúcar EROSKI, brik 1,75 litros
bebidas	bebida	Bebida de pera GRANINI, botella 1 litro
bebidas	bebida	Bebida de piña sin azúcar EROSKI, brik 1,75 litros
bebidas	bebida	Bebida de pomelo rosa GRANINI, botella 1 litro
veg_drinks	bebida	Bebida de soja 0% azúcares Dia Vegedia 1 L
veg_drinks	bebida	Bebida de soja Barista Yosoy 1 l.
veg_drinks	bebida	Bebida de soja Pascual Vivesoy 1 L
veg_drinks	bebida	Bebida de soja con calcio PROVAMEL, brik 1 litro
veg_drinks	bebida	Bebida de soja eco GERBLÉ, brik 1 litro
veg_drinks	bebida	Bebida de soja ligera ALPRO, brik 1 litro
veg_drinks	bebida	Bebida de soja ligera sin azúcar VIVESOY, brik 1 litro
veg_drinks	bebida	Bebida de soja plus ligera sin azúcar Vivesoy 1 l.
veg_drinks	bebida	Bebida de soja sabor café 0% azúcar
veg_drinks	bebida	Bebida de soja superior VIVESOY, brik 1 litro
yogurt	bebida	Bebida de yogur tropical alta en proteínas Dia Láctea 250 ml
zumo	bebida	Bebida de zumo 10 frutas sin azúcares añadidos Juver Disfruta brik 6 x 200 ml
zumo	bebida	Bebida de zumo Hawaii Dia Saborfera 1,5 L
zumo	bebida	Bebida de zumo con frambuesa antiox Dia Saborfera 330 ml
zumo	bebida	Bebida de zumo con maracuyá vitalidad Dia Saborfera 330 ml
te	bebida	Bebida de zumo con té matcha detox Dia Saborfera 330 ml
zumo	bebida	Bebida de zumo de frutas con leche caribe Zumosfera de Dia brik 6 x 200 ml
zumo	bebida	Bebida de zumo de mango sin azúcares añadidos Dia Saborfera 1 L
zumo	bebida	Bebida de zumo de manzana sin azúcares añadidos Juver 1,5 L
zumo	bebida	Bebida de zumo de melocotón Granini 1 L
zumo	bebida	Bebida de zumo de melocotón Granini pack 3 x 200 ml
zumo	bebida	Bebida de zumo de naranja sin azúcares añadidos Juver 1,5 L
zumo	bebida	Bebida de zumo multifrutas Granini 1 L
zumo	bebida	Bebida de zumo piña sin azúcares añadidos Juver Disfruta pack 6 x 200 ml
zumo	bebida	Bebida de zumo tropical sin azúcares añadidos Dia Saborfera 1 L
bebidas_lata	bebida	Bebida energética Absolutely zero MONSTER, lata 50 cl
bebidas_lata	bebida	Bebida energética BURN, lata 50 cl
bebidas_lata	bebida	Bebida energética Dia El diablo 250 ml
bebidas_lata	bebida	Bebida energética Energy Drink Hacendado
bebidas_lata	bebida	Bebida energética Furious Energy drink Hacendado
bebidas_lata	bebida	Bebida energética Green MONSTER, lata 50 cl
bebidas_lata	bebida	Bebida energética Isolyte Sport Drink - Amix Performance - NARANJA
bebidas_lata	bebida	Bebida energética MONSTER GREEN, pack 4x50 cl
bebidas_lata	bebida	Bebida energética MONSTER MANGO LOCO, pack 4x50 cl
bebidas_lata	bebida	Bebida energética MONSTER Mango Loco, lata 50 cl
bebidas_lata	bebida	Bebida energética MONSTER THROTTLE, lata 50 cl
bebidas_lata	bebida	Bebida energética MONSTER Ultra Fiesta, lata 50 cl
bebidas_lata	bebida	Bebida energética MONSTER Ultra Gold, lata 50 cl
bebidas_lata	bebida	Bebida energética MONSTER Ultra Sandía, lata 50 cl
bebidas_lata	bebida	Bebida energética Rehab MONSTER, lata 50 cl
bebidas_lata	bebida	Bebida energética Rio Punch MONSTER, lata 50 cl
bebidas_lata	bebida	Bebida energética TITANIUM ZERO, lata 50 cl
bebidas_lata	bebida	Bebida energética Ultra White MONSTER, lata 50 cl
bebidas_lata	bebida	Bebida energética Zero Full Tropic Energy drink Hacendado
bebidas_lata	bebida	Bebida energética Zero Furious Energy drink Hacendado
bebidas_lata	bebida	Bebida energética Zero Melow Energy drink Hacendado
bebidas_lata	bebida	Bebida energética de mojito Dia El diablo 250 ml
bebidas_lata	bebida	Bebida energética fusión zero Dia El diablo 500 ml
bebidas_lata	bebida	Bebida energética para el deporte sabor limón Enervit 420 g.
bebidas_lata	bebida	Bebida energética sabor melocotón BURN, lata 50 cl
bebidas_lata	bebida	Bebida energética sin azúcar MONSTER GREEN ZERO, lata 50 cl
bebidas_lata	bebida	Bebida energética sin azúcar MONSTER ULTRA PEACHY, lata 50 cl
bebidas_lata	bebida	Bebida energética sin azúcar MONSTER ULTRA ROSÁ, lata 50 cl
alcohol	bebida	Bebida espirituosa Soberano 1 l.
bebidas_lata	bebida	Bebida isotóna zero limón s/ azúcar AQUARIUS, botella 1,5 litros
bebidas	bebida	Bebida isotónica Ice Storm POWERADE, botella 1 litro
bebidas	bebida	Bebida isotónica Ice Storm Zero POWERADE, botellín 50 cl
bebidas	bebida	Bebida isotónica Isolyn Isotonic – Amix™ - LIMÓN
bebidas_lata	bebida	Bebida isotónica de limón AQUARIUS, pack 9x33 cl
bebidas	bebida	Bebida isotónica sabor cítrico Iso drink
bebidas	bebida	Bebida isotónica sabor limón Dia Get move 300 ml
bebidas	bebida	Bebida isotónica sabor limón zero Dia Get move 1,5 L
bebidas	bebida	Bebida isotónica sabor mango POWERADE, botella 50 cl
cafe	bebida	Bebida láctea con café sabor Baileys Nescafé Latte sin gluten 205 ml.
bebidas	bebida	Bebida láctea con cereales crecimiento y desarrollo Puleva 1 L
bebidas	bebida	Bebida láctea con chocolate blanco y sabor pistacho Lateado Pascual 230 ml.
bebidas	bebida	Bebida láctea crecimiento con galleta maria Nativa 1 L
bebidas	bebida	Bebida láctea crecimiento original +12 meses Nativa 1 L
bebidas	bebida	Bebida láctea crecimiento y desarrollo Puleva 1 L
bebidas	bebida	Bebida láctea de cacao africano Pascual botella 230 ml
bebidas	bebida	Bebida láctea de fresa 0% azúcares añadidos Diacol 6 x 100 g
bebidas	bebida	Bebida láctea desnatada Naturcol Central Lechera Asturiana brik 1 l.
bebidas	bebida	Bebida láctea desnatada con colágeno vita calcio Puleva 1 L
bebidas	bebida	Bebida láctea desnatada omega 3 Hacendado
bebidas	bebida	Bebida láctea junior de crecimiento con cereales +3 años Nativa 1 L
bebidas	bebida	Bebida láctea omega 3 sin Lactosa Puleva 1 L
bebidas	bebida	Bebida láctea omega3 EROSKI, brik 1 litro
bebidas	bebida	Bebida láctea sabor vainilla PULEVA HIGH PRO, botella 250 ml
bebidas	bebida	Bebida mini de arroz y cacao c/ calcio bio ECOCESTA, brik 250 ml
bebidas	bebida	Bebida multifrutas con 11 vitaminas GRANINI, botella 1 litro
bebidas	bebida	Bebida multifrutas con 11 vitaminas GRANINI, botella 1,5 litro
bebidas	bebida	Bebida multifrutas sin azúcar EROSKI, brik 1,75 litros
bebidas	bebida	Bebida multifrutas sin azúcar añadido EROSKI, pack 6x20 cl
alcohol	bebida	Bebida preparada de vodka sabor maracuyá Knebep Passion fruit
bebidas_lata	bebida	Bebida refrescante BITTER KAS, lata 33 cl
bebidas	bebida	Bebida refrescante sin alcohol GRANPECHER, botella 70 cl
cafe	bebida	Bebida soluble sabor a café MERITENE, pack 15x30 g
bebidas	bebida	Bebida soluble sabor chocolate MERITENE, pack 15x30 g
bebidas	bebida	Bebida tropical Carrefour sin azúcar añadido brik 1 l.
veg_drinks	bebida	Bebida vegetal de almendra sin azúcar ECOCESTA, brik 1 litro
veg_drinks	bebida	Bebida vegetal de avena 0% bio BIOGRAN, brik 1 litro
veg_drinks	bebida	Bebida vegetal proteína ECOCESTA, brick 1 l
bebidas	bebida	Bechamel EROSKI, brik 500 ml
bebidas	bebida	Bechamel Knorr 500 ml
bebidas	bebida	Bechamel Président sin lactosa 500 ml.
bebidas	bebida	Bechamel RENY PICOT, brik 500 ml
bebidas	bebida	Bechamel sin lactosa PRESIDENT, brik 500 ml
proteina		Beef Hydro Isolate ULTIMATE SERIES - Chocolate (Prozis)
proteina		Beef Hydro Isolate ULTIMATE SERIES - Speculoos (Prozis)
bebidas	bebida	Beefeater Black 70 cl
bebidas	bebida	Beefeater light 70 cl
otros		Berberecho DANI, lata 90 g
otros		Berberechos al natural 55/65 piezas Baymar 63 g
otros		Berberechos al natural Dia Mari Marinera 90 g
otros		Berberechos pequeños al natural BAYMAR, lata 63 g
suplementos		Berberina 175mg & cardo mariano (silimarina 210mg) complex (Essential Series)
suplementos		Berberina 60 cápsulas Nutrabasicos Drasanvi
suplementos		Berberina complex 500mg Berberine (Essential Series)
suplementos		Berberina veganas (Prozis)
verduras		Berenjena de Almagro aliñada Antonio 350 g
res		Berenjena rellena de carne gratinada El Buen Comer Carretilla 350 g.
panaderia		Berlina Bombon Donuts 6 ud.
panaderia		Berlina Fondant Donuts 204 g.
panaderia		Berlina Hoops Party 1 ud.
panaderia		Berlinas al cacao Carrefour Classic 180 g.
panaderia		Berlinas de azúcar Carrefour 4 ud
panaderia		Berlinas nubes Carrefour 4 ud
panaderia		Berlinas rellenas Carrefour 300 g (4 ud de 75 g)
suplementos		Beta-caroteno natural (vitamina A) 15000UI (Essential Series)
suplementos		Betaína HCl 650mg complex (Essential Series)
frutas		Biacochos sabor naranja y zanahoria Pausa Si Schär sin gluten 300 g.
otros		Bifi Activium natural KAIKU, pack 8x125 g
yogurt		Bifidus Activia líquido granada-frambuesa DANONE, botella 280 g
yogurt		Bifidus de avena y frutos rojos ACTIVIA, pack 4x115 g
bebidas	bebida	Bifrutas dark Pascual 330 ml
bebidas	bebida	Bifrutas mediterráneo Pascual pack 6 x 200 ml
bebidas	bebida	Bifrutas original tropical sin azúcar PASCUAL, pack 6x200 ml
leche	bebida	Bifrutas sabor tropical con leche PASCUAL, pack 6x200 ml
bebidas	bebida	Bifrutas tropical Pascual pack 3 x 330 ml
pavo		Big Pavo (ElPozo)
proteina		Big Shot - Intra-Workout - Explosión de frutas (Prozis)
bebidas_lata	bebida	Big Shot - Intra-Workout - Flash Cola (Prozis)
proteina		Big Shot - Pre-Workout (Prozis)
bebidas_lata	bebida	Big Shot - Pre-Workout - Flash Cola (Prozis)
bebidas_lata	bebida	Big Shot - Pre-Workout - Flash Cola 46 dosis (Prozis)
proteina		Big Shot - Pre-Workout - Frambuesa (Prozis)
proteina		Big Shot - Pre-Workout - Frambuesa 46 dosis (Prozis)
proteina		Big Shot - Pre-Workout - Mango y Melocotón (Prozis)
proteina		Big Shot - Pre-Workout - Mango y Melocotón 46 dosis (Prozis)
proteina		Big Shot - Pre-Workout - Melocotón y fruta de la pasión (Prozis)
proteina		Big Shot - Pre-Workout - Melocotón y fruta de la pasión 46 dosis (Prozis)
alcohol	bebida	Big Shot - Pre-Workout - Mojito (Prozis)
alcohol	bebida	Big Shot - Pre-Workout - Mojito 46 dosis (Prozis)
proteina		Big Shot - Pre-Workout - Naranja (Prozis)
proteina		Big Shot - Pre-Workout - Naranja 46 dosis (Prozis)
bebidas_lata	bebida	Big Shot - Pre-Workout sin cafeína 46 dosis - Flash Cola (Prozis)
proteina		Big Shot - Pre-Workout sin cafeína 46 dosis - Frambuesa (Prozis)
frutas		Big Shot - Recovery - Explosión de frutas (Prozis)
barrita		Billion - Barrita proteica de cacahuete x 9 - Cacahuete y chocolate con leche 9 x (Prozis)
barrita		Billion - Barrita proteica de cacahuete x 9 - Caramelo y chocolate 9 x (Prozis)
bebidas	bebida	Bio Olinat 0,75 L Ecosana (Drasanvi)
hamburguesas		Bio burger vegetal de quinoa y borraja AHIMSA, paquete 750 g
hamburguesas		Bio burger vegetal de setas y pimientos AHIMSA, paquete 750 g
carne_vegetal		Bio filete vegetal de seitán AHIMSA, paquete 750 g
suplementos		Bioflavonoides cítricos complex (Essential Series)
suplementos		Biotics tindalizados 50 billion u - espectro completo Tyndallized (Essential Series)
suplementos		Biotin (Prozis)
suplementos		Biotina 10000mcg (Swanson)
suplementos		Biotina 10000mcg - 120 veg caps (Now Foods)
suplementos		Biotina 1000mcg (Now Foods)
suplementos		Biotina 5000mcg (Swanson)
suplementos		Biotina 5000mcg Biotin Beauty (Essential Series)
suplementos		Biotina complex 10000mcg (Essential Series)
suplementos		Biotina complex 450mcg (Essential Series)
panes		Biscotes El Molino de Dia 540 g
panes		Biscotes de espelta integral VERITAS, caja 300 g
otros		Biscottes Classic Carrefour 540 g.
otros		Biscottes mini integrales Carrefour 120 g.
otros		Biscottes normales ecológicos Carrefour Bio 300 g.
suplementos		Bisglicinato de cobre (3mg cobre) (Essential Series)
suplementos		Bisglicinato de hierro (20mg hierro) (Essential Series)
suplementos		Bisglicinato de magnesio (100mg magnesio) Chelated Magnesium (Essential Series)
suplementos		Bisglicinato de magnesio (175mg magnesio) (Essential Series)
suplementos		Bisglicinato de magnesio + Malato de magnesio 10x25 ml viales Drasanvi
suplementos		Bisglicinato de magnesio 10x25 ml viales Drasanvi
suplementos		Bisglicinato de magnesio tamponado (175mg magnesio) (Essential Series)
suplementos		Bisglicinato de magnesio tamponado Albion® (125mg magnesio) (Essential Series)
suplementos		Bisglicinato de manganeso (8mg manganeso) (Essential Series)
suplementos		Bisglicinato de zinc (25mg zinc) Chelated (Essential Series)
suplementos		Bisglicinato de zinc Albion® Minerals (25mg zinc) (Essential Series)
suplementos		Bitartrato de colina 500mg (Essential Series)
bebidas	bebida	Bitter Dia Bobbi Bitter 250 ml
bebidas_lata	bebida	Bitter sin alcohol KAS ZERO, lata 33 cl
bebidas	bebida	Bitter sin azúcar ROYAL BLISS MARE ROSSO, botellín 20 cl
panaderia		Bizcochadas Dulcesol
otros		Bizcochito EROSKI, 18 unid., paquete 370 g
otros		Bizcochitos Bimbo Pantera Rosa 165 g
otros		Bizcochitos Tosta Rica 125 g.
untables		Bizcochitos con huevo y mantequilla FONTANEDA, caja 140 g
frutas		Bizcochitos de limón Mandul 200 g
otros		Bizcochitos rellenos Cuétara Tostarica 125 g
panaderia		Bizcocho CORAL, paquete 300 g
panaderia		Bizcocho al cacao relleno de cacao El Molino de Dia 50 g
panaderia		Bizcocho calabaza s/ gluten s/ lactosa LA GRANJA, paquete 350 g
panaderia		Bizcocho con fruta confitada Mandul 180 g
panaderia		Bizcocho con huevo EROSKI, paquete 400 g
panaderia		Bizcocho con mantequilla y yogur EROSKI, 350 g
panaderia		Bizcocho con pepitas de chocolate El Molino de Dia 350 g
panaderia		Bizcocho con pepitas de chocolate con leche y relleno de chocolate Milka 350 g.
panaderia		Bizcocho con relleno Choc&Choc Milka 150 g.
panaderia		Bizcocho con relleno con cacao y recubierto con chocolate Milka 150 g
panaderia		Bizcocho de Zanahoria Ecológico La Granja 300 g
panaderia		Bizcocho de cacao s/ gluten s/ lactosa LA GRANJA, paquete 350 g
panaderia		Bizcocho de manzana EROSKI, bandeja 300 g
panaderia		Bizcocho de mármol LA GRANJA, bolsa 350 g
panaderia		Bizcocho de pistacho LA GRANJA, paquete 350 g
panaderia		Bizcocho de yogur EROSKI, paquete 300 g
panaderia		Bizcocho de zanahoria EROSKI, bandeja 300 g
panaderia		Bizcocho marmolado El Molino de Dia 400 g
panaderia		Bizcocho marmolado sin gluten Dr. Schar 250 g
panaderia		Bizcocho relleno de chocolate LU OSITOS LULU , caja 150 g
panaderia		Bizcocho rondo de cacao Carrefour El Mercado 700 g
panaderia		Bizcocho rústico EROSKI, bandeja 425 g
panaderia		Bizcocho sabor chocolate blanco Cuétara 112 g
panaderia		Bizcocho sin azúcares La Bella Easo 230 g.
panaderia		Bizcocho sin gluten y sin lactosa LA GRANJA, paquete 350 g
panaderia		Bizcocho soletilla EL GRECO, paquete 250 g
panaderia		Bizcochos Gullón 400 g
panaderia		Bizcochos con huevo Galleteca de Dia 400 g
panaderia		Bizcochón Romo 400 g
bebidas	bebida	Blanco de verano limón Don Simón botella 1,5 l.
untables		Bloc de Foie de pato ZUBIA, lata 130 g
untables		Bloc de Foie gras de pato Mi Cuit ZUBIA, tarrina 110 g
pollo		Bloc de pato 98 % Eroski SELEQTIA, lata 130 g
untables		Bloc foie de pato MARTIKO, lata 130 g
helados		Bloque de helado de chocolate, nata y vainilla Carrefour Classic' sin azúcar añadido 475 g.
otros		Boca Bits 75 g
otros		Bocabits LAYS, bolsa 75 g
otros		Bocadito marmolado sin gluten El Molino de Dia 120 g
panaderia		Bocaditos Dulcesol
carne_vegetal		Bocaditos Garden Gourmet
verduras		Bocaditos de ajo SNATT'S, bolsa 110 g
cerdo		Bocaditos de jamón y tomate SNATT'S, bolsa 110 g
otros		Bocaditos de olivas SNATT`S, bolsa 110 g
especias		Bocaditos de tomate y orégano SNATT¿S, bolsa 110 g
especias		Bocaditos de tomate y orégano Snatt's 110 g
otros		Bocados mediterraneo de Heüra sin gluten 160 g.
otros		Bocados originales HEURA, bandeja 310 g
suplementos		Bodyguard Ultimate – Amix™
chocolates		Boer cacao Dulcesol
frutas		Boer sabor coco Dulcesol
panaderia		Boer sabor stracciatella Dulcesol
dulces		Bola de chicle pintalenguas sabor fresa Meteorite Dubble Bubble sin gluten 85 g.
galletas		Bolas de galleta bañadas en chocolate con leche Conguitos doy pack 120 g.
te		Boldo en bolsitas Pompadour 20 ud.
verduras		Boletus edulis LA TUDELANA, frasco 200 g
verduras		Boletus en aceite de oliva EROSKI SELEQTIA, frasco 180 g
leche	bebida	Bolitas Cereales Choco Leche Bio 400 g Ecosana (Drasanvi)
untables		Bolitas Maíz Miel Bio 400 g Ecosana (Drasanvi)
chocolates		Bolitas de chocolate rellenas de leche malteada Maltesers 175 g
otros		Bollitos EROSKI, paquete 200 g
leche	bebida	Bollitos rellenos de leche Phoskitos 160 g
leche	bebida	Bollo con pepitas de choco con leche WEIKIS , paquete 240 g
infantil		Bolsita de 3 frutas HERO Baby, doypack 100 g
infantil		Bolsita de 4 frutas desde 4 meses Nestlé sin gluten y sin azúcar añadido pack de 4 unidades de 90 g.
infantil		Bolsita de fresa desde 6 meses ecológico My Carrefour Baby Bio sin gluten y sin azúcar añadido pack de 4 bolsitas de 100 g.
frutas		Bolsita de fresa y plátano bio SMILEAT, doypack 100 g
infantil		Bolsita de mango desde 6 meses ecológico Gerber sin gluten y sin azúcar añadido 90 g.
frutas		Bolsita de manzana y albaricoque Goodies 100 g.
infantil		Bolsita de manzana y plátano desde 4 meses My Carrefour Baby sin azúcar añadido 120 g.
infantil		Bolsita de manzana, fresa, plátano y arándanos ecológica Hero Solo sin gluten pack de 4 unidades de 100 g.
frutas		Bolsita de manzana, melón y platano HERO, doypack 100 g
infantil		Bolsita de manzana, plátano, arándano y avena desde 6 meses My Carrefour Baby sin gluten y sin azúcar añadido 120 g.
infantil		Bolsita de manzana, plátano, arándanos y avena desde 6 meses ecológico My Carrefour Baby Bio sin gluten y sin azúcar añadido pack de 4 unidades de 100 g.
infantil		Bolsita de manzana, zanahoria y mango desde 6 meses Nestlé sin gluten y sin azúcar añadido 90 g.
frutas		Bolsita de manzana, zanahoria y mango ecológica My Carrefour Baby Bio 100 g.
infantil		Bolsita de manzana-plátano HERO Baby, doypack 100 g
infantil		Bolsita de multifrutas desde 12 meses ecológico My Carrefour Baby Bio sin gluten y sin azúcar añadido pack de 4 unidades de 100 g.
infantil		Bolsita de naranja, plátano, pera y galleta desde 12 meses Hero Solo sin azúcar añadido pack 4 unidades de 100 g.
infantil		Bolsita de pera, manzana y plátano GERBER, pack 4x90 g
cereales		Bolsita de piña, coco y avena HERO, doypack 100 g
infantil		Bolsita de plátano, pera y naranja ecológica Hero Solo sin gluten pack 4 unidades de 100 g.
frutas		Bolsita de plátano-fresa HERO, doypack 100 g
yogurt		Bolsita de yogur de frambuesa desde 9 meses ecológico Smileat sin gluten y sin azúcar añadido 100 g.
yogurt		Bolsita de yogur griego con cookies HERO, doypack 100 ml
yogurt		Bolsita de yogur griego, manzana, plátano y mango ecológico My Carrefour Baby Bio sin azúcar añadido 100 g.
infantil		Bolsita de yogur y avena desde 12 meses ecológico Smileat 100 g.
infantil		Bolsita de yogur, manzana y fresa desde 6 meses Hero Solo sin gluten y sin azúcar añadido 100 g.
infantil		Bolsita manzana, fresa y plátano desde 4 meses My Carrefour Baby sin azúcar añadido 120 g
infantil		Bolsita multifrutas con galletas HERO Baby, doypack 100 g
infantil		Bolsitas de mango GERBER, pack 4x90 g
otros		Bomba de crema PANAMAR, bandeja 2 uds
otros		Bomboneira Magum sin gluten 12 ud.
chocolates		Bombones Dulces Deseos LINDT, caja 337 g
chocolates		Bombones LA MENORQUINA, caja 230 ml
chocolates		Bombones MERCI, caja 400 g
chocolates		Bombones de cacao 70% LINDT Cornet Lindor, caja 200 g
chocolates		Bombones de chocolate cuore Nestlé Caja Roja 24 g
leche		Bombones de leche LINDT Cornet Lindor, caja 200 g
alcohol	bebida	Bombones de licor EROSKI, bolsa 130 g
chocolates		Bombones surtidos DARLET, caja 150 g
chocolates		Bombones surtidos DARLET, caja 470 g
chocolates		Bombones surtidos LINDT Champs Élysées, caja 469 g
chocolates		Bombones surtidos LINDT Cornet Lindor, caja 200 g
chocolates		Bombones surtidos Nestlé Caja Roja lata 250 g.
chocolates		Bombons assortits 4 unitats (Torras)
chocolates		Bombón After Dinner Classic Magnun sin gluten 8 ud.
helados		Bombón Helado Magnum Classic 3 ud.
chocolates		Bombón almendrado (Dulcesol)
leche		Bombón almendrado sabor nata (Dulcesol)
leche		Bombón de leche LINDT NUXOR CORNET, caja 150 g
helados		Bombón helado Sunlover Double Magnum sin gluten 3 ud.
helados		Bombón helado almendrado sin azúcares añadidos Nestlé 3 ud.
chocolates		Bombón mini intenso dark MAGNUM, 6 uds., caja 264 g
chocolates		Bombón negro LINDT CORNET NUXOR, caja 150 g
chocolates		Bombón relleno surtido EROSKI, bolsa 340 g
leche		Bombón sabor nata (Dulcesol)
chocolates		Bombón surtido LINDT Cornet Lindor, caja 337 g
otros		Bon Matin sin gluten SCHAR, pack 4x50 g
pescado		Bonito ARROYABE, frasco 400 g
pescado		Bonito al natural ALBO, lata 78 g
pescado		Bonito del Norte MSC en aceite de oliva Dia Mari Marinera 140 g
pescado		Bonito del Norte al natural Carrefour 74 g.
pescado		Bonito del Norte en aceite de oliva CAMPOS, lata 150 g
pescado		Bonito del Norte en aceite de oliva virgen extra ecológico Planeta Huerto 133 g.
pescado		Bonito del Norte frito en escabeche ORTIZ, lata 190 g
pescado		Bonito del Norte frito en escabeche ORTIZ, lata 720 g
pescado		Bonito del Norte pescado a caña MSC E. SELEQTIA, frasco 320 g
pescado		Bonito del norte al natural EROSKI, frasco 150 g
pescado		Bonito del norte al natural LA MUTRIKUARRA, frasco 150 g
pescado		Bonito del norte en a. de oliva ORTIZ El Velero, frasco 220 g
pescado		Bonito del norte en aceite de girasol alto oleico Dia Mari Marinera 228 g
pescado		Bonito del norte en aceite de oliva Albo 67 g
pescado		Bonito del norte en aceite de oliva Carrefour Extra 72 g.
pescado		Bonito del norte en aceite de oliva ORTIZ, frasco 400 g
pescado		Bonito del norte en aceite de oliva ORTIZ, lata 250 g
pescado		Bonito del norte en aceite de oliva Zallo 2 x 52 g
pescado		Bonito del norte en aceite de oliva bajo en sal (Calvo)
pescado		Bonito del norte en escabeche Extra Carrefour 140 g.
pescado		Bonito del norte en escabeche Zallo 2 x 52 g
pescado		Bonito del norte en escabeche bajo en sal ORTIZ, lata 112 g
pescado		Bonito en aceite de oliva ALBO, lata 112 g
pescado		Bonito en aceite de oliva ALBO, pack 3x65 g
pescado		Bonito en aceite de oliva ZALLO, lata 266 g
pescado		Bonito en aceite de oliva bajo en sal EROSKI, lata 111 g
pescado		Bonito en escabeche ARROYABE, frasco 227 g
pescado		Bonito en escabeche CAMPOS, lata 160 g
pescado		Bonito en escabeche CAMPOS, lata 266 g
pescado		Bonito en escabeche EROSKI, lata 111 g
pescado		Bonito encebollado ORTIZ, pouch 300 g
pescado		Bonito fresco COSTA VASCA, frasco 185 g
pescado		Boquerones en aceite de oliva ORTIZ, lata 80 g
pescado		Boquerón en tempura Dia Mari Marinera 350 g
pescado		Boquerón limpio congelado Carrefour 500 g
pescado		Boquerón mariposa en tempura Delfín 350 g.
suplementos		Boro 3mg Boron (Essential Series)
panaderia		Borracho Dulcesol
otros		Borraja GUTARRA, frasco 400 g
otros		Borraja troceada EROSKI, frasco 400 g
infantil		Bosita de manzana y plátano desde 6 meses Danone Blédina sin gluten y sin azúcar añadido 100 g.
infantil		Bosita de manzana, pera, plátano y albaricoque desde 6 meses Danone Blédina sin gluten y sin azúcar añadido 100 g.
proteina		Botella monodosis Whey protein concentrada Cookies & Cream 30 g (Drasanvi)
proteina		Botella monodosis Whey protein concentrada Doble Chocolate 30 g (Drasanvi)
proteina		Botella monodosis whey protein concentrada neutra 30 g (Drasanvi)
proteina		Botella monodosis whey protein concentrada vainilla 30 g (Drasanvi)
proteina		Botella monodosis whey protein concentrada yogur fresa 30 g (Drasanvi)
panaderia		Bracito de azúcar Dulcesol
frutas		Bracito relleno sabor fresa Dulcesol
panaderia		Bracito relleno sabor trufa Dulcesol
panaderia		Bracitos con sabor tubes strawberry (Dulcesol)
galletas		Bracitos de galleta caramelizada Dulcesol
suplementos		Brain Care * (Essential Series)
suplementos		Bran Sticks Bio 300 g Ecosana (Drasanvi)
alcohol	bebida	Brandy Centenario 1 L
alcohol	bebida	Brandy DUQUE DE ALBA, botella 70 cl
alcohol	bebida	Brandy Jerez Solera FUNDADOR, botella 70 cl
alcohol	bebida	Brandy LEPANTO, botella 70 cl
alcohol	bebida	Brandy MAGNO, botella 70 cl
alcohol	bebida	Brandy Magno 70 cl
alcohol	bebida	Brandy Soberano 70 cl
alcohol	bebida	Brandy Solera Gran Reserva triple madera FUNDADOR, botella 70 cl
alcohol	bebida	Brandy Solera Reserva INSUPERABLE, botella 70 cl
alcohol	bebida	Brandy TERRY 1900, botella 70 cl
alcohol	bebida	Brandy VETERANO, botella 1 litro
alcohol	bebida	Brandy Veterano 1 l
alcohol	bebida	Brandy de Jerez Magno solera reserva 1 l.
panaderia		Brazo de azúcar Dulcesol
chocolates		Brazo de cacao Dulcesol
chocolates		Brazo de chocolate con leche 500 g
frutas		Brazo sabor fresa Dulcesol
leche		Brazo sabor nata Dulcesol
otros		Brioche Listo para Comer
otros		Brioche artesano BIMBO, paquete 500 g
pollo		Brocheta de pechuga de pollo EROSKI , bandeja 360 g
cerdo		Brochetas de cerdo adobadas con varilla
pollo		Brochetas de pollo al limón con varilla
suplementos		Bromelina 500mg (Essential Series)
otros		Brotes de germinados EROSKI, frasco 180 g
carne_vegetal		Brotes tiernos Dia Vegecampo 70 g
verduras		Brócoli Dia Vegecampo 900 g
verduras		Brócoli Findus 360 g,
verduras		Brócoli empanado Cocinarte 400 g
verduras		Brócoli para microondas Florette 225 g
verduras		Brócoli, coliflor y zanahoria Dia Vegecampo 1 Kg
res		Buey de mar cocido Hacendado congelado
res		Buey de mar cocido congelado Extra Carrefour 400 g.
granos		Bulgur Grano Bio 500 g Ecosana (Drasanvi)
granos		Bulgur integral BIA, caja 400 g
hamburguesas		Burger Con Pechuga De Pavo (ElPozo)
hamburguesas		Burger De Cerdo Ajo Y Perejil Xxl (ElPozo)
hamburguesas		Burger Maestra 99% Selección de Dia 150 g
hamburguesas		Burger Meat LUMAGORRI, bandeja 400 g
hamburguesas		Burger brioche mini Dulcesol
hamburguesas		Burger de pescado MSC Findus 270 g
hamburguesas		Burger de pollo 6 unidades Selección de Dia 540 g
hamburguesas		Burger de vacuno (Noel)
hamburguesas		Burger de vacuno La Roja Elpozo 240 g
hamburguesas		Burger de vacuno gruesas
hamburguesas		Burger doble Dulcesol
hamburguesas		Burger estilo pollo con cebolla (Noel)
hamburguesas		Burger estilo ternera (Noel)
hamburguesas		Burger mixta de cerdo y vacuno (Noel)
hamburguesas		Burger mixta de cerdo y vacuno al queso (Noel)
hamburguesas		Burger mixta de cerdo y vacuno con ajo y perejil (Noel)
hamburguesas		Burger picada de pavo Carrefour 400 g
cerdo		Burgermeat de Vacuno Master Lomo Carrefour El Mercado 2x180 g
otros		Burguer brioche ST PIERRE, paquete 250 g
bebidas	bebida	Burn (Prozis)
bebidas	bebida	Burn - Appetite Control (Prozis)
bebidas	bebida	Burn - Burn (Prozis)
quesos		Burrata Granarolo 125 g.
quesos		Burrata con Pesto 150g (Central Lechera Asturiana)
quesos		Burrata con Trufa 150g (Central Lechera Asturiana)
quesos		Burratinas 200g (Central Lechera Asturiana)
preparados		Burrito de carne cheesy barbacoa ElPozo 160 g.
preparados		Burritos MEXIFOODS, bolsa 370 g
embutidos		Butifarra Ajo y Perejil Carrefour El Mercado 445 g
embutidos		Butifarra de payés (Noel)
embutidos		Butifarra extra (Noel)
embutidos		Butifarra fresca
yogurt		Bífidus 0% con mango y frutos rojos EROSKI, pack 4x125 g
yogurt		Bífidus con avena, nueces y manzana ACTIVIA, pack 4x115 g
yogurt		Bífidus con avena-nuez EROSKI, pack 4x125 g
yogurt		Bífidus con frutos del bosque Activia 4 x 120 g
yogurt		Bífidus con kiwi y ciruela doble 0% Dia 4 x 125 g
yogurt		Bífidus con pera Activia pack 4 x 120 g
yogurt		Bífidus con piña desnatado Activia 4 x 120 g
yogurt		Bífidus cremoso con fresa Activia 4 x 115 g
yogurt		Bífidus cremoso sabor lima-limón ACTIVIA, pack 4x115 g
yogurt		Bífidus desnatado con trozos de kiwi sin azúcar añadido Carrefour pack de 4 unidades de 125 g.
yogurt		Bífidus fibras con muesli EROSKI, pack 4x125 g
suplementos		Bífidus fibras y probióticos con avena y nueces Danone Activia pack de 8 unidades de 115 g.
yogurt		Bífidus natural ACTIVIA, pack 8x120 g
yogurt		Bífidus natural Dia Láctea 4 x 125 g
yogurt		Bífidus natural con crunchy y muesli Margui 170 g.
yogurt		Bífidus natural vegetal sabor coco Naturgreen 370 g.
suplementos		Bífidus probiótico cremoso con coco sin gluten Extra Carrefour pack de 4 unidades de 125 g.
chocolates		Búlgaros de cacao Dulcesol
cerdo		CABEZA DE LOMO DE CERDO EXTRATIERNA Marinado (ElPozo)
aceites		CABO DE PEÑAS Sardinillas en aceite de girasol lata de 385 g.
chocolates		CACAO NEGRO INTENSO 70% (Valor)
suplementos		CACAOLAT PRO [ ] - Unidad (bigsuplements)
panaderia		CAÑAS CABELLO ÁNGEL - CAJA 2kg (Dulcesol)
chocolates		CAÑAS DE CACAO RELLENAS DE CREMA - CAJA 2,8kg (Dulcesol)
panaderia		CHEESE CAKE 3U (Dulcesol)
fiambres		CHOPPED DE PAVO 3,5kg (ElPozo)
suplementos		CHROMIUM PICOLINATE [ ] (bigsuplements)
res		CHULETERO C/CAB. C/SOLOMILLO EXTRATIERNO Marinado (ElPozo)
res		CHULETERO S/CAB. S/SOLOMILLO EXTRATIERNO Marinado (ElPozo)
suplementos		CICLO AMINO DEXTRIN [ ] - Watermelon (bigsuplements)
suplementos		CLA de Be Essential®
suplementos		CLEAR ISO ZERO Smint® Sours [ ] - Smint® Sours Lemon (bigsuplements)
suplementos		CLEAR ISO ZERO [ ] - Icepop (bigsuplements)
instantanea		CLUSTER DEXTRIN ULTRA PURE [ ] - Neutral Unflavoured (bigsuplements)
suplementos		COD LIVER OIL [1000mg] (bigsuplements)
frutas		COMPOTA DE MANZANA (Be Plus)
bebidas_lata	bebida	CONSTRUCTOR - Cola (bigsuplements)
suplementos		CORTIREN (bigsuplements)
suplementos		CORTIREN [ ] (bigsuplements)
proteina		CREABIG Creatina [ ] - Ultra Pure / Pürest Creatine™ (bigsuplements)
bebidas_lata	bebida	CREABIG FIESTA® KOJAK® COLA [ ] (BIG®)
otros		CREABIG FIESTA® PIRULETA [ ] (BIG®)
proteina		CREATINA DE LLAVE ÁCIDA [ ] (BIG®)
untables		CREMA DE CACAHUETE CRUNCHY (Be Plus)
untables		CREMA DE CACAO 500 g (Dulcesol)
panaderia		CROISSANTS RELLENOS DE CACAO 3U (Dulcesol)
snacks		CRUCHIPS Snack crujiente de vacuno deshidratado, no frito CRUCHIPS 25 g.
chocolates		CUADRADITOS CACAO - CAJA 2kg (Dulcesol)
chocolates		CUADRADITOS DE CACAO 4U (Dulcesol)
panaderia		CUADRADOS DECORADOS - CAJA 3kg (Dulcesol)
pescado		Caballa baja en sal en aceite de oliva CALVO, lata 120 g
pescado		Caballa del sur en aceite de girasol EROSKI, lata 85 g
pescado		Caballa en aceite de oliva ALBO, lata 167 g
pescado		Caballa en aceite de oliva al gril ISABEL, lata 120 g
pescado		Caballa salvaje en AOVE (REALFOODING)
cerdo		Cabecero de Lomo en lonchas Boadas 1880 Al Corte sin gluten 90 g
cerdo		Cabecero de lomo EROSKI, al corte, compra mínima 100 g
cerdo		Cabecero de lomo-paleta serrana IGLESIAS, pack 2x125 g
dulces		Cabello de angel espelta VERITAS, paquete 250 g
dulces		Cabello de angel integral VERITAS, paquete 250 g
dulces		Cabello de ángel estilo casero Hida sin gluten 850 g.
cerdo		Cabeza de cerdo CARNICAS SERRANO, sobre 75 g
cerdo		Cabeza de cerdo EROSKI, lonchas finas, bandeja 150 g
cerdo		Cabeza de cerdo I VICENTE LOPEZ, sobre 200 g
cerdo		Cabeza de cerdo URKABE, sobre 200 g
cerdo		Cabeza de cerdo VICENTE LÓPEZ, al corte, compra mínima 100 g
cerdo		Cabeza de lomo de cerdo sin hueso (Noel)
frutos_secos		Cabeza ibérica con pistacho V. LÓPEZ, al corte, compra mínima 100 g
chocolates		Cacahuete cubierto de chocolate blanco Conguitos sin gluten doy pack 200 g.
chocolates		Cacahuete cubierto de chocolate blanco y negro Lacasa sin gluten y sin aceite de palma 450 g.
frutos_secos		Cacahuete en polvo desgrasado EROSKI, bolsa 200 g
frutos_secos		Cacahuete repelado frito EROSKI, bolsa 250 g
chocolates		Cacahuetes con chocolate negro EROSKI, bolsa 150 g
chocolates		Cacahuetes cubiertos de chocolate Conguitos 200 g
frutos_secos		Cacahuetes fritos con miel EAGLE, lata 250 g
frutos_secos		Cacahuetes tostados con cáscara EROSKI, bolsa 400 g
chocolates		Cacao Bio 175 g Doypack Superalimentos Drasanvi
proteina		Cacao Caliente con Proteína Whey - Clásico - Chocolate blanco (Prozis)
chocolates		Cacao Puro Desgrasado Bio 275 g Ecosana (Drasanvi)
chocolates		Cacao Real - Pack 4 unidades (REALFOODING)
chocolates		Cacao Real 100% Puro (Com Co-Agency 2016, S.L.)
chocolates		Cacao a la taza sabor tradicional LACASA, bolsa 400 g
chocolates		Cacao desgrasado en polvo Deffated Cocoa Powder (Food Series)
chocolates		Cacao desgrasado en polvo. 0% azúcares añadidos (Valor)
chocolates		Cacao en polvo COLACAO Turbo, ecobolsa 1 kg
chocolates		Cacao en polvo Cocoa Powder (Food Series)
chocolates		Cacao en polvo PEDRO MAYO, paquete 400 g
chocolates		Cacao en polvo proteína NESQUIK, lata 330 g
chocolates		Cacao en polvo sin gluten VALOR, bolsa 500 g
chocolates		Cacao instantáneo + inulina en polvo Instant Cocoa Powder (Food Series)
chocolates		Cacao instantáneo blanco PALADIN, sobre 250 g
chocolates		Cacao instantáneo noir PALADIN, sobre 250 g
chocolates		Cacao instantáneo original PALADIN, sobre 340 g
chocolates		Cacao natural desgrasado en polvo (no alcalinizado) Deffated Cocoa Powder (Food Series)
chocolates		Cacao puro en polvo 0% azúcares añadidos Valor 250 g
chocolates		Cacao puro en polvo desgrasado 0% Azúcares añadidos (Valor)
bebidas	bebida	Cacao soluble 0% COLA CAO, bote 325 g
bebidas	bebida	Cacao soluble 0% COLA CAO, bote 700 g
bebidas	bebida	Cacao soluble 0% fibra COLA CAO, bote 300 g
bebidas	bebida	Cacao soluble COLA CAO Complet, bote 360 g
bebidas	bebida	Cacao soluble COLA CAO TURBO, caja 2,2 kg + Regalo
bebidas	bebida	Cacao soluble COLA CAO Turbo, bote 750 g
bebidas	bebida	Cacao soluble COLA CAO, bote 760 g
bebidas	bebida	Cacao soluble COLA CAO, ecobolsa 1,1 kg
chocolates		Cacao soluble Carrefour Classic sin gluten 500 g.
bebidas	bebida	Cacao soluble ColaCao Original Star Wars 4,3 kg.
bebidas	bebida	Cacao soluble Crispy Rocks COLA CAO, 6 sobres, caja 132 g
chocolates		Cacao soluble Dia Temptation 900 g
bebidas	bebida	Cacao soluble NESQUIK, bolsa 500 g
bebidas	bebida	Cacao soluble NESQUIK, lata 700 g
bebidas	bebida	Cacao soluble con fibra Cola Cao Cero sin azúcar añadido 300 g.
bebidas	bebida	Cacao soluble con frutas y cereales Cola Cao Complet 750 g.
bebidas	bebida	Cacao soluble instantáneo Cola Cao Turbo 375 g.
chocolates		Cacao soluble instantáneo Dia Temptation 800 g
chocolates		Cacao soluble instantáneo Dulcinea 800 g
bebidas	bebida	Cacao soluble instantáneo Nesquik
bebidas	bebida	Cacao soluble instantáneo sabor plátano Nestlé Nesquik 350 g.
bebidas	bebida	Cacao soluble puro Cola Cao sin gluten y sin azúcar añadido 250 g.
chocolates		Cacaolat Xocolata amb llet 75g (Torras)
bebidas	bebida	Cacau a la tassa instantani 1L (Torras)
res		Cachopo de vacuno con jamón y queso sin gluten
res		Cacitos de carne KNORR, pack 4x28 g
suplementos		Cafeína (Quamtrax)
suplementos		Cafeína 200 mg (Prozis)
suplementos		Cafeína 200 mg - Cafeína 200 mg (Prozis)
suplementos		Cafeína 200 mg con Taurina – Amix™
suplementos		Cafeína 200mg Caffeine 200 Mg (Essential Series)
suplementos		Cafeína 200mg Caffeine Tabs 240 (Essential Series)
suplementos		Cafeína 200mg Caffeine Tabs 30 (Essential Series)
suplementos		Cafeína Pura Comprimidos (Myprotein)
suplementos		Cafeína de liberación prolongada (400mg CaffXtend®) Caffeine Sr 100 Pure (Raw Series)
suplementos		Cafeína de liberación prolongada (400mg CaffXtend®) en polvo (Raw Series)
suplementos		Cafeína de liberación prolongada (400mg CaffXtend™) Caffeine Sr (Essential Series)
suplementos		Cafeína inteligente * Smart Caffeine (Essential Series)
suplementos		Cafeína natural 200mg Caffeine (Essential Series)
suplementos		Cafeína natural en polvo (Raw Series)
cafe	bebida	Caffé Latte cappuccino KAIKU, vaso 370 ml
cafe	bebida	Caffé Latte machiato KAIKU, vaso 23 cl
cafe	bebida	Caffé latté cremoso Mr. Big KAIKU CAFFE LATTE, vaso 370 ml
cafe	bebida	Café Cappuccino NESCAFÉ DOLCE GUSTO, caja 16 cápsulas
cafe	bebida	Café Cortado NESCAFÉ DOLCE GUSTO, caja 30 cápsulas
cafe	bebida	Café Cortado descafeinado NESCAFÉ DOLCE GUSTO, caja 16 cápsulas
cafe	bebida	Café Espresso intenso descafeinado DOLCE GUSTO, caja 16 cápsulas
cafe	bebida	Café Latte Light (Hacendado)
cafe	bebida	Café Mocha DOLCE GUSTO, caja 16 uds
cafe	bebida	Café c/ leche Delicato NESCAFÉ DOLCE GUSTO, caja 16 cápsulas
cafe	bebida	Café cappuccino descafeinado NESCAFÉ Gold, bote 250 g
cafe	bebida	Café cappuccino descafeinado NESCAFÉ Gold, caja 10 sobres
cafe	bebida	Café capuccino KAIKU CAFFE LATTE, botella 650 g
cafe	bebida	Café capuccino NESCAFÉ Gold, caja 10 sobres
cafe	bebida	Café con leche Genova NESCAFÉ DOLCE GUSTO, caja 14 cápsulas
cafe	bebida	Café con leche NESCAFÉ DOLCE GUSTO, caja 16 cápsulas
cafe	bebida	Café con leche NESCAFÉ DOLCE GUSTO, caja 30 uds
cafe	bebida	Café con leche Puleva 1 L
cafe	bebida	Café con leche en cápsula descafeinado Hacendado
cafe	bebida	Café con leche intenso DOLCE GUSTO, caja 30 uds
cafe	bebida	Café cortado en cápsulas Marcilla Tassimo 16 unidades de 11,5 g.
cafe	bebida	Café cápsulas espresso clássico Illy compatible con Nespresso 10 unidades de 5,7 g.
cafe	bebida	Café doppio espresso en cápsulas Nescafé Dolce Gusto 16 ud.
cafe	bebida	Café en cápsula extra forte Hacendado
cafe	bebida	Café en cápsula ristretto Hacendado
cafe	bebida	Café en grano Colombia BONKA, paquete 500 g
cafe	bebida	Café en grano fuerte Hacendado
cafe	bebida	Café en grano intenssisimo FORTALEZA, paquete 500 g
cafe	bebida	Café en grano mezcla BONKA, paquete 500 g
cafe	bebida	Café en grano mezcla Dia Cafetería 500 g
cafe	bebida	Café en grano natural FORTALEZA, paquete 1 kg
cafe	bebida	Café en grano natural FORTALEZA, paquete 500 g
cafe	bebida	Café en grano natural La Estrella 500 g
cafe	bebida	Café grano natural Abbantia 1 kg.
cafe	bebida	Café grano natural arábica ecológico Saula 500 g.
cafe	bebida	Café ice cappuccino (Dulcesol)
cafe	bebida	Café ice latte macchiato (Dulcesol)
cafe	bebida	Café latte cappuccino Dia Arom'arte 250 ml
cafe	bebida	Café latte cookies Nescafé sin gluten 205 ml.
cafe	bebida	Café latte light Kaiku 230 ml
cafe	bebida	Café latte macchiato caramel en cápsulas Nescafé Dolce Gusto 8 unidades de 21,1 g.
cafe	bebida	Café liquido espresso concentrado black Nescafé 500 ml.
bebidas_lata	bebida	Café molido Brasil Selección Arábica Illy Lata 250 g.
cafe	bebida	Café molido Colombia BONKA, paquete 250 g
cafe	bebida	Café molido Colombia Hacendado
cafe	bebida	Café molido descafeinado BAQUÉ, paquete 250 g
cafe	bebida	Café molido descafeinado BONKA, paquete 400 g
cafe	bebida	Café molido mezcla 70/30 BONKA, paquete 250 g
cafe	bebida	Café molido mezcla Carrefour Extra 250 g.
cafe	bebida	Café molido mezcla La Estrella 250 g
cafe	bebida	Café molido mezcla MARCILLA, paquete 500 g
cafe	bebida	Café molido mezcla de cultivo sostenible Nestlé Bonka 500 g.
cafe	bebida	Café molido mezcla descafeinado Carrefour Classic 250 g.
cafe	bebida	Café molido mezcla descafeinado Dia Cafetería 250 g
cafe	bebida	Café molido mezcla natural Saimaza 250 g.
cafe	bebida	Café molido natural BONKA, paquete 250 g
cafe	bebida	Café molido natural Bonka 250 g
cafe	bebida	Café molido natural Colombia Dia Arom'arte 250 g
cafe	bebida	Café molido natural Dia Cafetería 2 x 250 g
cafe	bebida	Café molido natural EROSKI BASIC, paquete 250 g
cafe	bebida	Café molido natural Tierra Madre Oxfam Intermón 250 g.
cafe	bebida	Café molido natural descafeinado BONKA, paquete 250 g
cafe	bebida	Café molido natural descafeinado Dia Cafetería 250 g
cafe	bebida	Café molido natural ecológico Saula 250 g.
cafe	bebida	Café molido tueste intenso Illy bote 250 g.
cafe	bebida	Café proteico #CaféFitConQ (Food Series)
cafe	bebida	Café proteico sin edulcorantes #CaféFitConQ Monodose No Sweetener (Food Series)
cafe	bebida	Café proteina CAFFE LATTE, vaso 370 ml
cafe	bebida	Café soluble 3en1 NESCAFÉ, paquete 160 g
cafe	bebida	Café soluble cappuccino Nescafé Gold 250 g.
cafe	bebida	Café soluble cappuccino en sobres Dia Cafetería 125 g
cafe	bebida	Café soluble classic en sobres Carrefour 25 unidades de 2 g.
cafe	bebida	Café soluble clásico EROSKI, frasco 200 g
cafe	bebida	Café soluble crema Dia Cafetería 100 g
cafe	bebida	Café soluble descafeinado NESCAFÉ Vitalíssimo, frasco 200 g
cafe	bebida	Café soluble descafeinado Nescafé 100 g
cafe	bebida	Café soluble descafeinado en sobres Hacendado
cafe	bebida	Café soluble mezcla descafeinado Carrefour Classic 100 g.
cafe	bebida	Café soluble natural Carrefour Classic 200 g.
cafe	bebida	Café soluble natural NESCAFÉ Gold, frasco 100 g
cafe	bebida	Café soluble natural NESCAFÉ, frasco 200 g
alcohol	bebida	Caja de 6 botellas de vino blanco verdejo Caballito de Mar D.O. Rueda 75 cl.
alcohol	bebida	Caja de 6 botellas de vino tinto de autor Seda 75 cl.
suplementos		Caja de Iron Man de MARVEL de edición limitada (Myprotein)
barrita		Caja variada de barritas Layered (Myprotein)
panaderia		Cake Chip Carrefour El Mercado 550 g
panaderia		Cake brownie EROSKI, 400 g
panaderia		Cake de frutas EROSKI, 400 g
panaderia		Cake mármol TUESTA BAKERY, paquete 350 g
panaderia		Cake&Choc MILKA, caja 175 g
res		Calabacín relleno de carne gratinada El Buen Comer Carretilla 350 g.
verduras		Calabaza limpia en trozos EROSKI, bolsa 750 g
mariscos		Calamar EROSKI, bandeja 300 g
mariscos		Calamar de la India limpio 400 g
mariscos		Calamar en salsa americana ALBO, pack 3x65 g
mariscos		Calamar en trozos en salsa americana ALBO, lata 112 g
mariscos		Calamar grande Hacendado congelado
mariscos		Calamar patagónico Carrefour el Mercado 500 g
mariscos		Calamar patagónico entero EROSKI, bolsa 450 g
mariscos		Calamar relleno en aceite de oliva DANI, lata 106 g
mariscos		Calamar relleno, al peso, compra mínima 500 g
mariscos		Calamar relleno, bandeja 300 g
mariscos		Calamar troceado Dia Mari Marinera 450 g
mariscos		Calamar troceado EROSKI, bolsa 450 g
mariscos		Calamar troceado PESCANOVA, bandeja 300 g
mariscos		Calamares en salsa americana (Calvo)
mariscos		Calamares en su tinta (Calvo)
mariscos		Calamares en su tinta Albo pack 3 unidades de 50 g.
otros		Calcetín efecto frío hidratante Iroha nature 2 unidades
suplementos		Calcio + magnesio + vitamina D3 (Essential Series)
suplementos		Calcio + magnesio 250mg/125mg - 120 caps (Now Foods)
suplementos		Calcio + magnesio quelados Albion® Minerals (2,5:1) (Essential Series)
suplementos		Calcio de coral 1000 mg (Prozis)
suplementos		Calcio quelado Albion® Minerals + vitamina D3 vegana (250mg calcio/1000UI) (Essential Series)
suplementos		Calcio quelado en polvo Albion® Minerals (Raw Series)
suplementos		Calcio, Cinc y Magnesio (Prozis)
instantanea		Caldo Casero de Puchero 100% Natural (Gallina Blanca)
instantanea	bebida	Caldo casero de cocido Original Carrefour sin gluten y sin lactosa brik 1 l.
instantanea	bebida	Caldo casero de pescado Gallina Blanca sin gluten pack de 2 briks de 1 l.
instantanea		Caldo clásico para ramen ITSU, doypack 500 g
instantanea		Caldo de Pollo y 8 Verduras 100% Natural (Gallina Blanca)
instantanea		Caldo de carne AVECREM, caja 20 pastillas
instantanea		Caldo de carne EROSKI, 24 pastillas, caja 216 g
instantanea		Caldo de carne KNORR Starlux, 12 pastillas, caja 120 g
instantanea	bebida	Caldo de cocido Carrefour sin gluten 1 l.
instantanea	bebida	Caldo de cocido Gallina Blanca 2 L
instantanea	bebida	Caldo de huesos mixto con verduras eco VERITAS, frasco 500 ml
instantanea	bebida	Caldo de pescado Classic Carrefour sin gluten 1 l.
instantanea	bebida	Caldo de pescado Dia Al Punto 1 L
instantanea		Caldo de pescado con un toque de aceite de oliva virgen extra Knorr sin gluten 12 pastillas
instantanea	bebida	Caldo de pollo Aneto 500 ml
instantanea		Caldo de pollo Avecrem Gallina Blanca sin gluten 48 pastillas
instantanea		Caldo de pollo EROSKI, 24 pastillas, caja 216 g
instantanea		Caldo de pollo Original Carrefour 12 pastillas
instantanea	bebida	Caldo de pollo VERITAS, brik 1 litro
instantanea	bebida	Caldo de pollo bajo en sal Gallina Blanca 1 L
instantanea		Caldo de pollo bajo en sal Original Carrefour 12 pastillas
instantanea	bebida	Caldo de pollo casero suave Gallina Blanca sin gluten 1 l.
instantanea		Caldo de pollo en cacitos Knorr sin gluten pack de 4 unidades de 28 g.
instantanea	bebida	Caldo de pollo y ocho verduras Gallina Blanca 1 L
instantanea	bebida	Caldo de verduras Classic Carrefour sin gluten brik 1 l.
instantanea		Caldo de verduras EROSKI, 12 pastillas, caja 120 g
instantanea		Caldo de verduras PERLINGER, caja 66 g
instantanea	bebida	Caldo gourmet de pescado Gallina Blanca 1 L
instantanea	bebida	Caldo natural de cocido madrileño Aneto sin gluten y sin lactosa brik 1 l.
instantanea	bebida	Caldo natural de jamón Aneto sin gluten y sin lactosa brik 1 l.
instantanea	bebida	Caldo natural de pollo ANETO, pack 2x1 litro
instantanea	bebida	Caldo natural de pollo Aneto sin gluten y sin lactosa brik 1 l.
instantanea	bebida	Caldo natural de pollo asado Aneto sin gluten y sin lactosa brik 1 l.
instantanea	bebida	Caldo natural de pollo bajo en sal Aneto sin gluten y sin lactosa brik 1 l.
instantanea	bebida	Caldo natural de pollo bajo en sal Aneto sin gluten y sin lactosa pack de 2 briks de 1 l.
instantanea	bebida	Caldo natural de pollo ecológico Aneto sin gluten y sin lactosa brik 1 l.
instantanea	bebida	Caldo natural de puchero Aneto sin gluten y sin lactosa pack de 2 briks de 1 l.
instantanea	bebida	Caldo natural de verduras ecológico Aneto sin gluten y sin lactosa brik 1 l.
instantanea		Caldo para Paella Fácil de Carne 100% Natural (Gallina Blanca)
instantanea		Caldo proteico de pollo en polvo Chicken Protein Broth Powder (Food Series)
frutas		Calippo lima limón 5 x 105 g
embutidos		Callos EMBUTIDOS LOMBERA, al peso, compra mínima 500 g
otros		Callos a la madrileña De Nuestra Tierra 500 g
otros		Callos a la madrileña Gancedo 500 g
otros		Callos a la madrileña Hacendado
cerdo		Callos con chorizo EROSKI, lata 380 g
otros		Callos guisados URKABE, bandeja 480 g
suplementos		Calostro 500mg Colostrum 30 Igg (Essential Series)
suplementos		Calostro 500mg Colostrum 40 Igg (Essential Series)
suplementos		Calostro en polvo 40% de IgG activa (Raw Series)
mariscos		Camarón Cocido 1kg (Pescanova)
mariscos		Camarón cocido pelado procedente de pesca sostenible Carrefour 200 g.
pasta		Canelones con espinacas sin glutén Schär sin gluten 300 g.
pasta		Canelones de carne 325g (Noel)
pasta		Canelones de carne EROSKI, pack 2x300 g
pasta		Canelones de carne con bechamel MAHESO, caja 300 g
pasta		Canelones de foie-trufa MAHESO, caja 300 g
pasta		Canelón de atún MSC LA COCINERA, caja 280 g
mariscos		Cangrejo cocido EROSKI, bandeja 500 g
carne_vegetal		Canónigos Dia Vegecampo 70 g
otros		Canónigos EROSKI, bolsa 125 g
frutas		Capricho de mango&frutas del bosque PASTORET, tarrina 150 g
frutas		Capricho de manzanas al horno PASTORET, tarrina 150 g
otros		Caprichos de mar PESCANOVA, caja 400 g
cafe	bebida	Capuchino Proteico - Latte de avellana proteico - Con cafeína extra (Prozis)
otros		Carabinero crudo congelado Carrefour Extra 400 g
otros		Caracol bobe precocido Caracoles Peribáñez 500 g
otros		Caracoles cabrilla precocinados 500 g
galletas		Caramel Crunch Topping - Choco Cookie Crumble (Prozis)
galletas		Caramel Crunch Topping - Choco Cookie Crunch (Prozis)
galletas		Caramel Crunch Topping - Digestive Crumble (Prozis)
dulces		Caramelo balsámico de miel y limón Garganta RICOLA, bolsa 70 g
dulces		Caramelo c/ palo relleno chicle bubbaloo CHUPA CHUPS, bolsa 96 g
dulces		Caramelo con palo de fresa melody pops Chupa Chups 1 unidad
dulces		Caramelo con palo varios sabores Chupa Chups 1 unidad
dulces		Caramelo de café sin azúcar SOLANO, bolsa 99 g
dulces		Caramelo de fresa sin azúcar SMINT, pack 2x35 g
dulces		Caramelo de hierbas suizas sabor arándano sin azúcar Ricola 70 g.
dulces		Caramelo de limón Lc SMINT, lata 35 g
dulces		Caramelo de menta sin azúcar SMINT, pack 2x35 g
dulces		Caramelo de miel y hierbas sin azúcar RICOLA, caja 50 g
dulces		Caramelo de miel-limón sin azúcar EROSKI, bolsa 90 g
dulces		Caramelo duro sabor miel y limón sin azúcar Damel pack 3 unidades de 93 g.
dulces		Caramelo mentol sin azúcar RICOLA, caja 50 g
dulces		Caramelo sin azúcar HALLS VITA-C, pack 4x32 g
dulces		Caramelo sin azúcar de menta EROSKI, bolsa 90 g
dulces		Caramelos Extra Fuerte Mentolin 115 g.
dulces		Caramelos Marshmallo Little Becky 280 g.
dulces		Caramelos blandos sabor frutos rojos Virginias sin gluten, sin lactosa y sin azúcar 110 g.
dulces		Caramelos bubble fresh sin azúcar Smint 35 g
dulces		Caramelos clásicos de toffee con chocolate Werther's 120 g
dulces		Caramelos con mentol refrescante limón VICKS, bolsa 72 g
dulces		Caramelos con mentol refrescante miel VICKS, bolsa 72 g
dulces		Caramelos con mentol refrescante vapomentol VICKS, bolsa 72 g
dulces		Caramelos con palo sabores sin azúcar CHUPA CHUPS, bolsa 66 g
dulces		Caramelos de arándanos sin azúcar RICOLA, caja 50 g
dulces		Caramelos de eucalipto y mentol sin azúcar Pectol 93 g
dulces		Caramelos de eucaliptosin azúcar SMINT, pack 2 unid.
dulces		Caramelos de fresa lollipops Pop ups 10 g (modelos diferentes)
dulces		Caramelos de frutos rojos sin azúcar Smint 35 g
dulces		Caramelos de goma Favoritos Classic Haribo 1 kg.
dulces		Caramelos de goma Favoritos Haribo 1 kg.
dulces		Caramelos de goma Funky Mix Haribo 1 kg.
dulces		Caramelos de goma Happy Party Fini sin gluten 500 g.
dulces		Caramelos de goma Magic Party Haribo 450 g.
dulces		Caramelos de goma surtidos Carrefour Classic sin gluten 200 g.
dulces		Caramelos de limón sin azúcar Smint 35 g
dulces		Caramelos de limón y miel Mentolin 100 g
dulces		Caramelos de limón-melisa RICOLA, caja 50 g
dulces		Caramelos de toffe sin azúcar WERTHER'S Original, bolsa 90 g
dulces		Caramelos extra fuerte sin azúcar Halls 4 paquetes de 32 g.
dulces		Caramelos fresas love CHUPACHUPS, bolsa 10 uds
dulces		Caramelos masticables SUGUS, bolsa 150 g
dulces		Caramelos masticables dipper ball Vidal 70 g
dulces		Caramelos masticables sour tones Mentos 140 g
dulces		Caramelos sabor café expresso Solano 99 g
dulces		Caramelos sabor cítrico sin azúcar Halls 4 paquetes de 32 g.
dulces		Caramelos sabor cítricos Halls 2 x 32 g
dulces		Caramelos sabor eucalipto Mentolin sin gluten 100 g.
dulces		Caramelos sabor eucalipto sin azúcar Ricola 70 g.
dulces		Caramelos sabor flores de saúco sin azúcar Ricola 70 g.
dulces		Caramelos sabor fresa Smint pack de 2 paquetes de 50 ud.
dulces		Caramelos sabor fresa con vitamina C Smint 49 g
dulces		Caramelos sabor fresa y menta Mentolín sin gluten 100 g.
dulces		Caramelos sabor limón melisa sin azúcar Ricola 70 g.
dulces		Caramelos sabor limón y melisa Mentolin 115 g.
dulces		Caramelos sabor menta Respiral sin gluten 350 g.
dulces		Caramelos sabor menta Smint sin gluten y sin azúcar pack de 2 paquetes de 50 ud.
dulces		Caramelos sabor menta extra fuerte Halls 2 x 32 g
dulces		Caramelos sabor mentol y limón Iceberg de Dia 300 g
dulces		Caramelos sabor miel y limón Halls 2 x 32 g
dulces		Caramelos sin azúcar a las hierbas RICOLA, caja 50 unid.
dulces		Caramelos sin azúcar de regalíz RICOLA, bolsa 50 g
dulces		Caramelos sin azúcar flor de sauco RICOLA, caja 50 g
dulces		Caramelos sin azúcar menta montaña RICOLA, caja 50 uds
dulces		Caramelos surtidos EROSKI, bolsa 150 g
suplementos		Carb Blocker - Cabello, piel y uñas (Prozis)
suplementos		Carb Blocker - Carb Blocker (Prozis)
suplementos		Carb Blocker - Diuretic Complex (Prozis)
suplementos		Carb Blocker - Sun Complex (Prozis)
suplementos		Carbohidrato Carbojet Basic – Amix™ - VAINILLA
frutas		Carbohidrato Vitargo + Kre-Alkalyn – Amix™ - LIMÓN
proteina		Carbohidratos 100% Amylopectin - Manzana (Vitobest)
proteina		Carbohidratos 100% Amylopectin - Neutro (Vitobest)
proteina		Carbohidratos 100% Dextrose Powder (Vitobest)
proteina		Carbohidratos 100% Maltodextrin (Vitobest)
proteina		Carbohidratos 100% Palatinose (Vitobest)
proteina		Carbohidratos Amylopectin+Electrolytes (Vitobest)
proteina		Carbohidratos Amylopectin+Electrolytes - Blue Arctic (Vitobest)
proteina		Carbohidratos Carbo Mix XXL - Fresa (Vitobest)
proteina		Carbohidratos Carbo Mix XXL - Neutro (Vitobest)
proteina		Carbohidratos Carbojet Gain – Amix™ - FRESA
proteina		Carbohidratos Carbojet Mass Professional – Amix™ - VAINILLA
proteina		Carbohidratos Glycodex Pure Ciclodextrina – Amix Pro® (AMIXPRO)
proteina		Carbohidratos Monstrous Gainer - Chocolate (Vitobest)
proteina		Carbohidratos Monstrous Gainer - Fresa (Vitobest)
proteina		Carbohidratos Sweet Potato Clean Carbs - Mr.Popper‘s® - NATURAL (MR POPPER´S)
proteina		Carbohidratos WaxIont Glycogen Loader - Amix Performance - FRESA
proteina		Carbohidratos WaxIont Glycogen Loader - Amix Performance - LIMA-LIMÓN
proteina		Carbohidratos WaxIont Glycogen Loader - Amix Performance - MANGO
otros		Carbón Vegetal Carcoa 3 Kg
suplementos		Carbón activo complex Activated Charcoal (Essential Series)
pollo		Carcasa de pollo certificado alimentado con un 50% de maíz
pollo		Carcasa y espinazo de pollo
otros		Cardo natural FINDUS, bolsa 400 g
otros		Cardo troceado GUTARRA, frasco 400 g
otros		Cardo troceado Gvtarra 400 g.
res		Carne Cocinada De Vacuno (ElPozo)
res		Carne de Vieira 225g (Pescanova)
res		Carne de mejillón LEIRO, bandeja 360 g
res		Carne de mejillón gallego LEIRO, bolsa 260 g
untables		Carne de membrillo Dia Fruticampo 250 g
untables		Carne de membrillo QUIJOTE, tarrina 250 g
res		Carne de pimiento choricero Carrefour Original tarro 140 g.
res		Carne de vieira con coral congelada Carrefour Extra 300 g.
res		Carne picada de ternera EUSKO LABEL E. SELEQTIA, bandeja 500 g
res		Carne picada de vacuno Selección de Dia 500 g
res		Carpaccio de vacuno
bebidas	bebida	Carrefour Sensation Isofresh bebida isotónica yellow botella 50 cl.
res		Carrillada de vacuno congelado
cerdo		Carrillera en salsa CARRETILLA, bandeja 300 g
cerdo		Carrilleras COCINA MAGUI, bandeja 300 g
cerdo		Carrilleras en salsa con patatas y setas Carretilla 300 g.
panaderia		Carrot cake s/ gluten s/ lactosa LA GRANJA, paquete 350 g
proteina		Caseína - Vainilla y canela (Quamtrax)
proteina		Caseína Micelle HD Casein - Amix Pro® - MILK VAINILLA (AMIXPRO)
proteina		Caseína nativa (Lacprodan® MicelPure™) Native Casein (Raw Series)
otros		Castañas asadas y peladas Natur3 sin gluten doy pack 100 g.
alcohol	bebida	Cava Bonaval brut nature D.O Cava 75 cl.
alcohol	bebida	Cava Bonaval semiseco D.O Cava 75 cl.
alcohol	bebida	Cava Brut FREIXENET CARTA NEVADA, botella 75 cl
alcohol	bebida	Cava Brut FREIXENET MIA, botella 75 cl
alcohol	bebida	Cava Brut Nature CONDE DE CARALT, botella 75 cl
alcohol	bebida	Cava Brut Nature ELYSSIA GRAN CUVÉ, botella 75 cl
alcohol	bebida	Cava Brut Nature FREIXENET Carta Nevada, botella 75 cl
alcohol	bebida	Cava Brut Nature Reserva FREIXENET, botella 75 cl
alcohol	bebida	Cava Codorniu Herencia brut 75 cl.
alcohol	bebida	Cava Dulce Ice FREIXENET, botella 75 cl
alcohol	bebida	Cava El Hayedo brut ecológico D.O. Cava 75 cl.
alcohol	bebida	Cava FREIXENET Cordón Negro, pack 3x20 cl
alcohol	bebida	Cava Freixenet rosé 75 cl.
alcohol	bebida	Cava Gran Reserva FREIXENET MERITUM, botella 75 cl
alcohol	bebida	Cava Rosado Icónica ANNA, botella 75 cl
alcohol	bebida	Cava Seco FREIXENET Carta Nevada, botella 75 cl
alcohol	bebida	Cava Semi Seco FREIXENET MIA, botella 75 cl
alcohol	bebida	Cava Semi-seco FREIXENET CORDÓN, botella 75 cl
alcohol	bebida	Cava Semi-seco FREIXENET Carta Nevada, botella 75 cl
alcohol	bebida	Cava Semi-seco FREIXENET Mini Nevada, pack 3x20 cl
alcohol	bebida	Cava brut Freixenet Carta Nevada 75 cl
alcohol	bebida	Cava brut Grand Astoria 75 cl
alcohol	bebida	Cava brut Vía de la P 75 cl
alcohol	bebida	Cava brut nature Grand Astoria 75 cl
alcohol	bebida	Cava brut nature Reyes de Aragón 75 cl
alcohol	bebida	Cava semi seco Cabré & Sabaté Ice
alcohol	bebida	Cava semiseco Freixenet Carta Nevada 75 cl
alcohol	bebida	Cava semiseco Freixenet Carta Nevada pack 3 x 20 cl
alcohol	bebida	Cava semiseco Grand Astoria 75 cl
chocolates		Caña cacao Dulcesol
panaderia		Caña de cabello Dulcesol
otros		Caña de crema QÉ!, 3 uds., caja 255 g
chocolates		Caña rellena de cacao Dulcesol
otros		Caña rellena de crema QÉ, pack 1 unid.
chocolates		Cañas de chocolate 4 uds.
verduras		Cebolla caramelizada Dia Vegecampo 210 g
verduras		Cebolla caramelizada Extra Carrefour 240 g.
verduras		Cebolla frita Toptaste 150 g
verduras		Cebolla troceada EROSKI, bolsa 450 g
verduras		Cebollas rojas en vinagre SARASA, frasco 500 g
aceitunas		Cebollitas extra RIOVERDE, frasco 180 g
aceitunas		Cebollitas sabor anchoa EROSKI, frasco 190 g
frutas		CelluMax – Amix™ - LIMÓN
cerdo		Centro de jamón curado EROSKI basic, al corte, compra mínima 100 g
pescado		Centros de Salmón con piel Pescanova 250 g.
pavo		Centros de pavo vuelta y vuelta (Campofrío)
pescado		Centros de salmón PESCANOVA, caja 250 g
suplementos		Ceramidas (CERAMOSIDES™) 30mg (Essential Series)
cerdo		Cerdo
cerdo		Cerdo a tacos
cereales		Cereal cini minis NESTLÉ, caja 375 g
cereales		Cereal de avena NESTLÉ Cheerios, caja 300 g
cereales		Cereal de chocolate con leche NESTLÉ FITNESS, caja 375 g
cereales		Cereal de chocolate negro NESTLÉ FITNESS, caja 375 g
cereales		Cereal original CHOCO KRISPIES, caja 420 g
cereales		Cereal soluble con jalea real EKO, frasco 150 g
cereales		Cereales Cookie crisp NESTLÉ, caja 375 g
cereales		Cereales Copos de Avena (Avena Instant) (Vitobest)
cereales		Cereales Crunchy Nut KELLOGGS, caja 460 g
cereales		Cereales Estrellitas con miel NESTLÉ, caja 270 g
cereales		Cereales FROSTIES, caja 400 g
cereales		Cereales Golden Grahams NESTLÉ, caja 375 g
cereales		Cereales Harina de Arroz - Galleta María (Vitobest)
cereales		Cereales Harina de Arroz - Neutro (Vitobest)
cereales		Cereales Harina de Arroz - Tarta De Limón (Vitobest)
cereales		Cereales Harina de Arroz - Tarta De Plátano (Vitobest)
cereales		Cereales Harina de Avena (Bolsa) - Neutro (Vitobest)
cereales		Cereales Harina de Avena (Bolsa) - Tiramisú (Vitobest)
cereales		Cereales KELLOGG'S ALL-BRAN PLUS, caja 500 g
cereales		Cereales Lion Minis NESTLÉ, caja 300 g
cereales		Cereales Lion proteína NESTLÉ, caja 340 g
cereales		Cereales NESTLÉ CHOCAPIC, caja 625 g
cereales		Cereales NESTLÉ KIT KAT, caja 330 g
cereales		Cereales NESTLÉ Lion, caja 400 g
cereales		Cereales Oaties de avena crujientes al cacao KELLOGG`S caja 360
cereales		Cereales Salvado de Avena (Vitobest)
cereales		Cereales Variety KELLOGG'S, 8 unid., caja 215 g
cereales		Cereales chocolateados NESTLÉ Crunch, caja 375 g
cereales		Cereales con chocolate Kellogg's Choco Krispies 330 g
cereales		Cereales con chocolate SPECIAL K, caja 325 g
cereales		Cereales con miel NESTLE CHEERIOS, caja 330 g
cereales		Cereales copos de arroz y trigo integral con chocolate Gran Dia 300 g
cereales		Cereales copos de trigo integral fibre flakes Gran Dia 375 g
cereales		Cereales cubiertos de chocolate y galleta balls Huesitos 140 g
cereales		Cereales de bolas de maíz con miel Gran Dia 500 g
cereales		Cereales de cacao 0% azúcares NESTLÉ FITNESS PROTEIN, caja 310 g
cereales		Cereales de chocolate NESTLÉ Nesquik, caja 625 g
cereales		Cereales de copos de maíz con azúcar Gran Dia 500 g
cereales		Cereales de desayuno con avena integral Nestlé Cheerios 300 g
cereales		Cereales de maíz KELLOGG`S Corn Flakes, caja 500 g
cereales		Cereales de trigo WEETABIX, caja 430 g
cereales		Cereales de trigo integral, arroz y maíz tostados con cacao Crunch Nestlé 375 g.
cereales		Cereales de trigo, avena y quinoa integral con cacao proteína Nestlé Fitness 310 g
barrita		Cereales en Barritas con Almendras y Chocolate con Leche El Almendro 100 gr.
cereales		Cereales masa madre RUSTIK BAKERY, paquete 400 g
cereales		Cereales original NESTLÉ FITNESS, caja 300 g
cereales		Cereales rellenos con chocolate Krave Kellogg's 410 g.
cereales		Cereales rellenos de cacao y avellana Gran Dia 500 g
infantil		Cereales sin gluten ecológicos ALMIRÓN, bolsa 200 g
cereales		Cereales solubles Eko 150 g
cereales		Cereales, avellanas y chocolate negro 0% (Bicentury)
frutas		Cereza dulce deshuesada congelada La Cuerva 300 g.
cerveza	bebida	Cerveza 0,0 AMSTEL Radler, lata 33 cl
cerveza	bebida	Cerveza 0,0 ESTRELLA GALICIA, pack botellín 6x25 cl
cerveza	bebida	Cerveza 0,0 Radler AMSTEL, pack lata 12x33 cl
cerveza	bebida	Cerveza 0,0 Radler SAN MIGUEL, lata 33 cl
cerveza	bebida	Cerveza 0,0 SAN MIGUEL, pack lata 12x33 cl
cerveza	bebida	Cerveza 0,0 limón SAN MIGUEL, pack botellín 6x25 cl
cerveza	bebida	Cerveza 0,0 tostada ESTRELLA GALICIA, lata 33 cl
cerveza	bebida	Cerveza 0,0 tostada ESTRELLA GALICIA, pack botellín 6x25 cl
cerveza	bebida	Cerveza 0,0 tostada MAHOU, botellín 33 cl
cerveza	bebida	Cerveza 0,0 tostada MAHOU, pack 12x33 cl
cerveza	bebida	Cerveza 0,0% CORONA, lata 33 cl
cerveza	bebida	Cerveza 0,0% alcohol Amstel 33 cl
cerveza	bebida	Cerveza 0,0% sin alcohol Estrella Galicia
cerveza	bebida	Cerveza 0,0% sin alcohol Falke
cerveza	bebida	Cerveza 0,0% sin alcohol tostada Falke
cerveza	bebida	Cerveza 18/70 La rubia 33 cl
cerveza	bebida	Cerveza 1906, lata 33 cl
cerveza	bebida	Cerveza 1906, pack botellín 6x33 cl
cerveza	bebida	Cerveza 1925 ALHAMBRA, lata 33 cl
cerveza	bebida	Cerveza ALHAMBRA ESPECIAL, pack 6x20 cl
cerveza	bebida	Cerveza ALHAMBRA ESPECIAL, pack lata 12x33 cl
cerveza	bebida	Cerveza ALHAMBRA RESERVA 1925, pack botella 6x22,5 cl
cerveza	bebida	Cerveza AMSTEL ORO, pack lata 12x33 cl
cerveza	bebida	Cerveza AMSTEL Radler, pack botellín 6x25 cl
cerveza	bebida	Cerveza AMSTEL Radler, pack lata 12x33 cl
cerveza	bebida	Cerveza Alhambra Reserva 1925 pack 6 botellas 33 cl.
cerveza	bebida	Cerveza Alhambra especial sin alcohol botella 1 l.
cerveza	bebida	Cerveza Alhambra pack 6 x 25 cl
cerveza	bebida	Cerveza Alhambra tradicional pack 12 latas 33 cl.
cerveza	bebida	Cerveza All Day Ipa FOUNDERS, lata 33 cl
cerveza	bebida	Cerveza Amstel
cerveza	bebida	Cerveza Amstel radler con zumo natural de limón pack 12 latas 33 cl.
cerveza	bebida	Cerveza Amstel radler con zumo natural de limón pack 6 botellas 25 cl.
cerveza	bebida	Cerveza Budejovicky botella 33 cl.
cerveza	bebida	Cerveza CORONITA, pack botellín 6x21 cl
cerveza	bebida	Cerveza CRUZCAMPO Shandy, lata 33 cl
cerveza	bebida	Cerveza Carrefour Lager botella 1 l.
cerveza	bebida	Cerveza Carrefour especial lata 50 cl.
cerveza	bebida	Cerveza Clásica Steinburg
cerveza	bebida	Cerveza Corona 33 cl
cerveza	bebida	Cerveza Corona botella 35,5 cl.
cerveza	bebida	Cerveza Coronita pack de 6 botellas de 21 cl.
cerveza	bebida	Cerveza Cruzcampo 1904 lata 33 cl.
cerveza	bebida	Cerveza Cruzcampo 50 cl
cerveza	bebida	Cerveza Cruzcampo Pilsen pack 28 latas 33 cl.
cerveza	bebida	Cerveza Daura Marzen Lager sin gluten botella 33 cl.
cerveza	bebida	Cerveza Desperados 33 cl
cerveza	bebida	Cerveza Desperados mojito botella 33 cl.
cerveza	bebida	Cerveza ESTRELLA DAMM Estrella, lata 50 cl
cerveza	bebida	Cerveza ESTRELLA DAMM, pack 12x33 cl
cerveza	bebida	Cerveza El Alcázar botella 33 cl.
cerveza	bebida	Cerveza El Alcázar lata 33 cl.
cerveza	bebida	Cerveza El Águila sin filtrar
cerveza	bebida	Cerveza El Águila sin filtrar pack 12 botellas 33 cl.
cerveza	bebida	Cerveza Erdinger Weissbier alemana de trigo botella 50 cl
cerveza	bebida	Cerveza Estrella Damm pack 12 x 33 cl
cerveza	bebida	Cerveza Estrella Galicia 33 cl
cerveza	bebida	Cerveza Estrella Galicia especial pack 12 botellas 25 cl.
cerveza	bebida	Cerveza Franziskaner 50 cl
cerveza	bebida	Cerveza Grimbergen blonde botella 33 cl.
cerveza	bebida	Cerveza Grimbergen doble ambrée botella 33 cl.
cerveza	bebida	Cerveza Guinness Draught irlandesa negra lata 44 cl.
cerveza	bebida	Cerveza Heineken 0,0 alcohol pack 12 latas 33 cl.
cerveza	bebida	Cerveza Heineken 33 cl
cerveza	bebida	Cerveza Heineken pack 12 latas 33 cl.
cerveza	bebida	Cerveza Heineken pack 5 botellas 25 cl.
cerveza	bebida	Cerveza Hoegaarden blanca de trigo botella 33 cl.
cerveza	bebida	Cerveza Lager Auténtica LA SALVE, lata 33 cl
cerveza	bebida	Cerveza Leffe Brune negra botella 33 cl.
cerveza	bebida	Cerveza MAHOU 5 Estrellas, lata 33 cl
cerveza	bebida	Cerveza MAHOU 5 Estrellas, pack botellín 6x25 cl
cerveza	bebida	Cerveza MAHOU 5 Estrellas, pack lata 12x33 cl
cerveza	bebida	Cerveza MAHOU Clásica, lata 33 cl
cerveza	bebida	Cerveza MAHOU Clásica, pack lata 12x33 cl
cerveza	bebida	Cerveza MAHOU Maestra, lata 33 cl
cerveza	bebida	Cerveza MAHOU Shandy Mixta, lata 33 cl
cerveza	bebida	Cerveza Maestra MAHOU, pack lata 12x33 cl
cerveza	bebida	Cerveza Maestra Mahou Maestra 33 cl
cerveza	bebida	Cerveza Mahou 5 Estrellas 25 cl
cerveza	bebida	Cerveza Mahou 5 Estrellas 50 cl
cerveza	bebida	Cerveza Mahou 5 Estrellas Session tipo IPA lata 33 cl.
cerveza	bebida	Cerveza Mahou 5 Estrellas pack 12 botellas 25 cl.
cerveza	bebida	Cerveza Mahou 5 Estrellas pack 12 x 25 cl
cerveza	bebida	Cerveza Mahou 5 Estrellas pack 12 x 33 cl
cerveza	bebida	Cerveza Mahou 5 Estrellas pack 24 botellas 25 cl.
cerveza	bebida	Cerveza Mahou 5 Estrellas pack 28 latas 33 cl.
cerveza	bebida	Cerveza Mahou 5 Estrellas pack 6 x 25 cl
cerveza	bebida	Cerveza Mahou Cinco Estrellas pack 6 botellas 20 cl.
cerveza	bebida	Cerveza Mahou Clásica pack 6 botellas 25 cl.
cerveza	bebida	Cerveza Mahou Clásica pack de 12 botellas de 25 cl.
cerveza	bebida	Cerveza Mahou Clásica pack de 12 latas de 33 cl.
cerveza	bebida	Cerveza Mahou Clásica pack de 28 latas de 33 cl.
cerveza	bebida	Cerveza Mahou Maestra Dunkel lager oscura botella 33 cl.
cerveza	bebida	Cerveza Mahou Mixta sabor limón pack 6 botellas 25 cl.
cerveza	bebida	Cerveza Mahou clásica lata 50 cl.
cerveza	bebida	Cerveza Mahou sin alcohol pack de 6 botellas de 25 cl.
cerveza	bebida	Cerveza Munich LA SALVE, lata 33 cl
cerveza	bebida	Cerveza Peroni botella 33 cl.
cerveza	bebida	Cerveza Radler Falke 0,0% sin alcohol
cerveza	bebida	Cerveza Radler Steinburg con zumo natural de limón
cerveza	bebida	Cerveza SAN MIGUEL Selecta, lata 33 cl
cerveza	bebida	Cerveza SAN MIGUEL, botella 1 litro
cerveza	bebida	Cerveza SAN MIGUEL, pack lata 12x33 cl
cerveza	bebida	Cerveza Saer Brau 0,0 alcohol lata 33 cl.
cerveza	bebida	Cerveza Saer Brau Clásica lata 33 cl.
cerveza	bebida	Cerveza Saer Brau Especial pack 12 latas 33 cl.
cerveza	bebida	Cerveza Saer Brau extra malta lata 33 cl.
cerveza	bebida	Cerveza Saer Brau radler sabor limón lata 33 cl.
cerveza	bebida	Cerveza Saer Brau sin alcohol pack de 6 botellas de 25 cl.
cerveza	bebida	Cerveza San Miguel 1 L
cerveza	bebida	Cerveza San Miguel especial Lager lata 50 cl.
cerveza	bebida	Cerveza San Miguel especial Lager pack de 28 latas de 33 cl.
cerveza	bebida	Cerveza San Miguel pack 6 x 25 cl
cerveza	bebida	Cerveza Sureña 1 L
cerveza	bebida	Cerveza VOLL-DAMM, pack lata 12x33 cl
cerveza	bebida	Cerveza Victoria 33 cl
cerveza	bebida	Cerveza Victoria de Málaga pack 12 latas 33 cl.
cerveza	bebida	Cerveza Voll-Damm pack 24 latas 33 cl.
cerveza	bebida	Cerveza WOLL-DAMM, pack 12x25 cl
cerveza	bebida	Cerveza ale negra irlandensa Guinnes Original botella 33 cl.
cerveza	bebida	Cerveza alemana FRANZISKANER Dunkel, botellín 50 cl
cerveza	bebida	Cerveza alemana FRANZISKANER, botellín 50 cl
cerveza	bebida	Cerveza alemana PAULANER Heffe Weissbier, botellín 50 cl
cerveza	bebida	Cerveza americana BUDWEISER, lata 33 cl
cerveza	bebida	Cerveza aromatizada Desperados
cerveza	bebida	Cerveza belga GRIMBERGEN DOUBLE, botellín 33 cl
cerveza	bebida	Cerveza belga negra LEFFE, botellín 33 cl
cerveza	bebida	Cerveza clásica Dia Ramblers 1 L
cerveza	bebida	Cerveza clásica Dia Ramblers 33 cl
cerveza	bebida	Cerveza clásica Dia Ramblers 50 cl
cerveza	bebida	Cerveza clásica Dia Ramblers pack 6 x 25 cl
cerveza	bebida	Cerveza clásica Mahou 1 L
cerveza	bebida	Cerveza clásica Mahou 33 cl
cerveza	bebida	Cerveza clásica Mahou pack 12 x 25 cl
cerveza	bebida	Cerveza clásica Mahou pack 12 x 33 cl
cerveza	bebida	Cerveza clásica Mahou pack 24 x 33 cl
cerveza	bebida	Cerveza con limonada CRUZCAMPO Shandy, pack botellín 6x25 cl
cerveza	bebida	Cerveza con limón AMSTEL Radler, lata 33 cl
cerveza	bebida	Cerveza con limón EL AGUILA, lata 33 cl
cerveza	bebida	Cerveza de trigo Paulaner 50 cl
cerveza	bebida	Cerveza doble malta 1897
cerveza	bebida	Cerveza doble malta Dia Ramblers 33 cl
cerveza	bebida	Cerveza doble malta Voll Damm 33 cl
cerveza	bebida	Cerveza dorada El águila 33 cl
cerveza	bebida	Cerveza especial Cruzcampo pack 6 x 20 cl
cerveza	bebida	Cerveza especial Dia Ramblers 33 cl
cerveza	bebida	Cerveza especial sin gluten Falke
cerveza	bebida	Cerveza extra San Miguel Selecta 33 cl
cerveza	bebida	Cerveza extra reserva especial 1906, pack botellín 12x33 cl
cerveza	bebida	Cerveza gran reserva Cruzcampo 33 cl
cerveza	bebida	Cerveza irlandesa negra GUINNESS, lata 44 cl
cerveza	bebida	Cerveza limón SHANDY, pack 12x33 cl
cerveza	bebida	Cerveza maestra Dunkel MAHOU, botellín 33 cl
cerveza	bebida	Cerveza negra Ambar
cerveza	bebida	Cerveza negra Bock-Damm Munich lata 33 cl.
cerveza	bebida	Cerveza negra Dia Ramblers 33 cl
cerveza	bebida	Cerveza negra Guinnes Draught 0,0 lata 44 cl.
cerveza	bebida	Cerveza negra Saer Brau lata 33 cl.
cerveza	bebida	Cerveza pilsner 1516 Dia Ramblers 50 cl
cerveza	bebida	Cerveza radler Dia Ramblers 33 cl
cerveza	bebida	Cerveza radler Mahou 5 Estrellas 33 cl
cerveza	bebida	Cerveza radler San Miguel 33 cl
cerveza	bebida	Cerveza radler triple zero Ambar 33 cl
cerveza	bebida	Cerveza reserva 1906 pack 6 x 20 cl
cerveza	bebida	Cerveza reserva 1925 Alhambra 33 cl
cerveza	bebida	Cerveza reserva Mahou 33 cl
cerveza	bebida	Cerveza reserva artesana Dia Ramblers 33 cl
cerveza	bebida	Cerveza roja Alhambra reserva pack 4 botellas 33 cl.
cerveza	bebida	Cerveza rosé Mahou 33 cl
cerveza	bebida	Cerveza rubia 0,0% alcohol Mahou 33 cl
cerveza	bebida	Cerveza rubia Heineken Lager pack 12 botellas 25 cl.
cerveza	bebida	Cerveza rubia especial Victoria pack 6 x 25 cl
cerveza	bebida	Cerveza sabor limón DAMM, lata 33 cl
cerveza	bebida	Cerveza shandy Cruzcampo 33 cl
cerveza	bebida	Cerveza sin FRANZISKANER, botellín 50 cl
cerveza	bebida	Cerveza sin alcohol 0,0 SAN MIGUEL, pack botellín 6x25 cl
cerveza	bebida	Cerveza sin alcohol AURUM, lata 33 cl
cerveza	bebida	Cerveza sin alcohol Dia Ramblers 33 cl
cerveza	bebida	Cerveza sin alcohol MAHOU, lata 33 cl
cerveza	bebida	Cerveza sin alcohol sabor limón FREE DAMM, lata 33 cl
cerveza	bebida	Cerveza sin filtrar 0,0 El águila 33 cl
cerveza	bebida	Cerveza sin filtrar Mahou 5 estrellas lata 33 cl.
cerveza	bebida	Cerveza sin filtrar con limón El águila 33 cl
cerveza	bebida	Cerveza sin gluten Dia Ramblers 33 cl
cerveza	bebida	Cerveza sin gluten MAHOU, lata 33 cl
cerveza	bebida	Cerveza sin gluten Mahou 33 cl
cerveza	bebida	Cerveza sin gluten Mahou 5 Estrellas 33 cl
cerveza	bebida	Cerveza sin gluten Mahou pack 6 x 25 cl
cerveza	bebida	Cerveza tostada 0,0 SAN MIGUEL, lata 33 cl
cerveza	bebida	Cerveza tostada 0,0 SAN MIGUEL, pack botellín 6x25 cl
cerveza	bebida	Cerveza tostada 0,0% alcohol Dia Ramblers 33 cl
cerveza	bebida	Cerveza tostada 0,0% alcohol Victoria 33 cl
cerveza	bebida	Cerveza tostada 6,6% vol. AURUM, lata 33 cl
cerveza	bebida	Cerveza tostada Amstel Oro 0,0 alcohol pack 12 latas 33 cl.
cerveza	bebida	Cerveza tostada Amstel Oro 33 cl
cerveza	bebida	Cerveza tostada Dia Ramblers 33 cl
cerveza	bebida	Cerveza tostada Free Damm 0.0 alcohol sin gluten lata 33 cl.
cerveza	bebida	Cerveza tostada Saer Brau 0,0 sin alcohol lata 33 cl.
cerveza	bebida	Cerveza tostada Turia 33 cl
cerveza	bebida	Cerveza tostada doble lúpulo Mahou Maestra 33 cl
cerdo		Cesta de jamón y queso Carrefour 100 g
frutas		Cetonas de frambuesa (Essential Series)
bebidas	bebida	Champagne Brut MUMM CORDÓN ROUGE, botella 75 cl
bebidas	bebida	Champagne Brut VEUVE CLICQUOT, botella 75 cl
bebidas	bebida	Champagne Veuve Clicquot brut 75 cl.
verduras		Champiñon entero EROSKI, pack 3x105 g
verduras		Champiñon entero extra EROSKI, lata 185 g
verduras		Champiñones enteros Carrefour pack de 3 unidades de 115 g.
verduras		Champiñones enteros Dia Vegecampo 185 g
verduras		Champiñones laminados Dia Vegecampo 185 g
verduras		Champiñón laminado CICADOS, pack 3x85 g
verduras		Champiñón laminado Dia Vegecampo 3 x 105 g
verduras		Champiñón liofilizado en láminas (Food Series)
verduras		Champiñón portobello bandeja 250 g
otros		Chantilly ROYAL, caja 72 g
otros		Chapata de cristal 2 unidades Cristallino 190 g
chocolates		Chapela bañada al cacao Dulcesol
panaderia		Chapela pinky Dulcesol
carne_vegetal		Cheese & Ham-Style Crispy Twist (Garden Gourmet)
panaderia		Cheesecake REINA, pack 2x90 g
otros		Cherries DAMEL, bolsa 90 g
suplementos		Chewable Vitamin C 500 mg 180 chewable tabs masticables (Prozis)
suplementos		Chewable Vitamin C 500 mg 90 chewable tabs masticables (Prozis)
otros		Chicharro EL VIGILANTE, lata 120 g
carne_vegetal		Chick'n style Classic Filet (Garden Gourmet)
otros		Chicken Dippers LA COCINERA, caja 220 g
hamburguesas		Chicken fillet burgers 227 g (La Cocinera)
pollo		Chicken nuggets LA COCINERA, caja 250 g
dulces		Chicle de hierbabuena 60 minutos Lc TRIDENT, bote 68,2 g
dulces		Chicle de hierbabuena sin azúcar EROSKI, bote 100 g
dulces		Chicle de hierbauena en gragea ORBIT, bote 64 g
dulces		Chicle de menta sin azúcar en gragea TRIDENT, paquete 43,5 g
dulces		Chicle de sandía TRIDENT Senses Lc, paquete 23 g
dulces		Chicle hinchable sabor tutti frutti Cry Baby Dubble Bubble sin gluten 85 g.
dulces		Chicle refresher tropical ORBIT, bote 67 g
dulces		Chicle sabor a menta Clix One sin gluten y sin azúcar 50 g.
dulces		Chicle sabor hierbabuena White Trident sin azúcar 68 g.
dulces		Chicle vibes sabor frambuesa TRIDENT, bote 70,2 g
dulces		Chicle vibes sabor hierbabuena TRIDENT, bote 70,2 g
dulces		Chicles de hierbabuena Refreshers Orbit sin azúcar 67 g.
dulces		Chicles de melón Migueláñez 125 g
dulces		Chicles de menta Klét's Fini sin gluten 100 g.
dulces		Chicles de menta Oral B Trident sin azúcar bote 68 g.
dulces		Chicles de menta sin azúcar Orbit pack de 4 paquetes de 14 g.
dulces		Chicles energy Dia El diablo 16,8 g
dulces		Chicles sabor bubblemint Orbit sin azúcar 64 g.
dulces		Chicles sabor bubblemint sin azúcar Orbit 46 unidades
dulces		Chicles sabor clorofila Trident sin azúcar pack de 4 unidades de 14 g.
dulces		Chicles sabor eucalipto Orbit sin azúcar 64 g.
dulces		Chicles sabor fresa Bubbaloo 38 g
dulces		Chicles sabor fresa Clix Plus sin gluten, sin lactosa y sin azúcar 45 g.
dulces		Chicles sabor fresa Orbit sin azúcar 64 g.
dulces		Chicles sabor fresa sin azúcar Trident 43 g
dulces		Chicles sabor fresa y limón Orbit Refreshers sin azúcar 67 g.
dulces		Chicles sabor frutas y mentas sin azúcar Refreshers Orbit 30 ud.
dulces		Chicles sabor hierbabuena 60 minutos sin azúcar Trident 22 g
dulces		Chicles sabor hierbabuena 60 minutos sin azúcar Trident 39 g
dulces		Chicles sabor hierbabuena Orbit sin azúcar 64 g.
dulces		Chicles sabor hierbabuena Orbit sin azúcar packde 2 unidades de 67 g.
dulces		Chicles sabor hierbabuena Trident 60 minutos sin azúcar pack de 3 unidades de 22 g.
dulces		Chicles sabor hierbabuena Trident sin azúcar 82,6 g.
dulces		Chicles sabor hierbabuena sin azúcar Iceberg de Dia 44.8 g
dulces		Chicles sabor hierbabuena sin azúcar Orbit 14 g
dulces		Chicles sabor hierbabuena sin azúcar Trident 23 g
dulces		Chicles sabor hierbabuena sin azúcar Trident 43 g
dulces		Chicles sabor menta 60 minutos sin azúcar Trident 22 g
dulces		Chicles sabor menta Orbit sin azúcar 64 g.
dulces		Chicles sabor menta Trident sin azúcar 30 g.
dulces		Chicles sabor menta Trident sin azúcar 82,6 g.
dulces		Chicles sabor menta fresca sin azúcar Mentos 30 g
dulces		Chicles sabor menta sin azúcar Trident 43 g
dulces		Chicles sabor mentón fuerte Orbit sin azúcar 64
dulces		Chicles sabor sandía Trident Senses sin azúcar pack de 3 unidades de 23 g.
dulces		Chicles sabor sandía sin azúcar Trident 23 g
dulces		Chicles sabor sandía y frambuesa Orbit Refreshers sin azúcar 67 g.
dulces		Chicles sabor tropical Refreshers Orbit sin azúcar 67 g.
otros		Chifles dulces SAMAI, bolsa 75 g
otros		Chifles salados SAMAI, bolsa 75 g
res		Chili con carne OLD EL PASO, lata 418 g
res		Chili con carne Old El Paso 418 g
res		Chili con carne Texicana Maggi sin gluten 425 g.
mariscos		Chipirones en su tinta Eroski SELEQTIA, bandeja 250 g
otros		Chipirones enharinados Hacendado ultracongelado
aceites		Chipirones rellenos en aceite girasol Pay pay 72 g
mariscos		Chipirones rellenos en su tinta Dia Mari Marinera 72 g
mariscos		Chipirones rellenos en su tinta Lamberti 72 g
aceites		Chipirón en aceite de oliva EROSKI, lata 106 g
mariscos		Chipirón en su tinta EROSKI, lata 106 g
aceites		Chipirón relleno en aceite de oliva ALBO, lata 115 g
mariscos		Chipirón relleno en su tinta ALBO, lata 115 g
snacks		Chips Coco 150 g Bio Ecosana (Drasanvi)
snacks		Chips de arroz - Unidad / Cheese (Quamtrax)
snacks		Chips de plátano dulce Samai sin gluten 75 g.
snacks		Chips naturales de coco orgánico Organic Natural Coconut (Bio Series)
otros		Chiquilin ARTIACH, caja 525 g
embutidos		Chistorra ARBIZU, pieza 220 g
embutidos		Chistorra EROSKI MAESTRO, pieza 220 g
embutidos		Chistorra GALAR, pieza 130 g
embutidos		Chistorra al natural ALEJANDRO, pieza 200 g
embutidos		Chistorra artesana al vacío IRURA, bandeja 275 g
embutidos		Chistorra de Navarra Selección de Dia 220 g
embutidos		Chistorra ecológica ARBIZU, pieza 220 g
otros		Chocapic NESTLÉ, caja 375 g
untables		ChoccaFit crema de cacahuete, coco y cacao Split Spread Natural (Food Series)
leche	bebida	Choco protein - Choco leche (Quamtrax)
chocolates		ChocoNuts - Avellanas y chocolate con leche x 10 - Avellana y Chocolate con Leche 10 x (Prozis)
chocolates		ChocoNuts - Avellanas y chocolate con leche x 10 - Frambuesa y chocolate blanco 10 x (Prozis)
chocolates		ChocoNuts - Avellanas y chocolate con leche x 10 - Pistacho y chocolate blanco 10 x (Prozis)
chocolates		Chocobiscuit de chocolate con leche MILKA, caja 150 g
otros		Chococao soluble Carrefour sin gluten 6 ud.
leche	bebida	Chocoflakes La Leche CUÉTARA, caja 480 g
galletas		Chocogalleta MILKA, pack 2x300 g
galletas		Chocogalleta sin gluten SCHAR, paquete 150 g
chocolates		Chocolate 70% cacao LINDT Excellence, tableta 100 g
chocolates		Chocolate 70% cacao con almendras LACASA, tableta 200 g
chocolates		Chocolate 70% cacao, relleno de crema fundente y trozos de macadamia caramelizada (Valor)
chocolates		Chocolate 70% naranja eco VERITAS, tableta 100 g
chocolates		Chocolate 78% cacao LINDT Excellence, tableta 100 g
chocolates		Chocolate 85% cacao EXCELLENCE, tableta 100 g
chocolates		Chocolate 85% sin azúcar VALOR, tableta 100 g
chocolates		Chocolate 90% cacao LINDT Excellence, tableta 100 g
chocolates		Chocolate Blanco (REALFOODING)
chocolates		Chocolate Blanco Sin Azúcar Cacaolat 75g (Torras)
chocolates		Chocolate Blanco Sin Azúcar con Fresa (Torras)
chocolates		Chocolate Blanco sin Azúcar con Avellanas y Sal (Torras)
chocolates		Chocolate Blanco sin Azúcar con Pistacho 60g (Torras)
chocolates		Chocolate Chips - Zero Added Sugars - Chocolate blanco (Prozis)
chocolates		Chocolate Chips - Zero Added Sugars - Chocolate blanco - Chocolate blanco y negro (Prozis)
chocolates		Chocolate Chips - Zero Added Sugars - Chocolate blanco - Chocolate negro (Prozis)
chocolates		Chocolate Jungly NESTLÉ, tableta 90 g
chocolates		Chocolate KAIKU, vaso 23 cl
chocolates		Chocolate Les Grandes negro-avellana LINDT, tableta 150 g
chocolates		Chocolate Les grandes de leche-avellana LINDT, tableta 150 g
chocolates		Chocolate Mousse sin azùcar con avellanas VALOR, tableta 150 g
chocolates		Chocolate NESTLÉ, pack 3x125 g
chocolates		Chocolate Negro 70% Postres (Valor)
chocolates		Chocolate Negro 70% con naranja (Valor)
chocolates		Chocolate Negro 72% Cacao Con Edulcorando (Torras)
chocolates		Chocolate Negro 72% Cacao Sin Azúcar (Torras)
chocolates		Chocolate Negro Cremosso  70% cacao (Valor)
chocolates		Chocolate Negro Cremosso  70% cacao con naranja (Valor)
chocolates		Chocolate Negro Cremosso  85% cacao (Valor)
chocolates		Chocolate Negro Sin Azúcar con Café (Torras)
chocolates		Chocolate Negro Sin Azúcar con Fresas (Torras)
chocolates		Chocolate Negro Sin Azúcar con Mango (Torras)
chocolates		Chocolate Negro Sin Azúcar con Menta (Torras)
chocolates		Chocolate Negro Sin Azúcar con Naranja (Torras)
chocolates		Chocolate Negro con 51% de Cacao: Comprar Ahora (Torras)
chocolates		Chocolate Negro con Frutos del Bosque Stevia 125g (Torras)
chocolates		Chocolate Negro con Nibs de cacao y Arándanos (Torras)
chocolates		Chocolate Negro sin Azúcar y Limón 60g (Torras)
chocolates		Chocolate Orgánico Negro 100% Cacao (CHOCOLATES TORRAS)
chocolates		Chocolate Orgánico Negro 90% (CHOCOLATES TORRAS)
chocolates		Chocolate Para Fundir [Chocolate Fondant para Postres] (Torras)
chocolates		Chocolate Puro Crocanti (Valor)
chocolates		Chocolate Puro con Avellanas (Valor)
chocolates		Chocolate Puro con Naranja y Almendra Caramelizada (Valor)
chocolates		Chocolate a la taza 42% LACASA, tableta 300 g
chocolates		Chocolate a la taza Cibeles 300 g
chocolates		Chocolate a la taza EROSKI, tableta 300 g
chocolates		Chocolate a la taza PEDRO MAYO, tableta 200 g
chocolates		Chocolate a la taza RAM, brik 1 litro
chocolates		Chocolate a la taza Ram 1 L
chocolates		Chocolate a la taza original Paladín 340 g.
chocolates		Chocolate blanco Carrefour Classic sin gluten 100 g.
chocolates		Chocolate blanco Nestlé Milkybar 100 g
chocolates		Chocolate blanco Zero - Pistacho - Almendras con chocolate con leche 12 x Chocolate con Leche Zero (Prozis)
chocolates		Chocolate blanco Zero - Pistacho - Almendras con chocolate negro 12 x Chocolate Negro Zero (Prozis)
chocolates		Chocolate blanco Zero - Pistacho - Chocolate blanco - Frambuesa 12 x Chocolate Blanco Zero (Prozis)
chocolates		Chocolate blanco Zero - Pistacho - Chocolate blanco y pistacho 12 x Chocolate Blanco Zero (Prozis)
chocolates		Chocolate blanco Zero - Pistacho - Chocolate con leche 12 x Chocolate con Leche Zero (Prozis)
chocolates		Chocolate blanco Zero - Pistacho - Chocolate negro 12 x Chocolate Negro Zero (Prozis)
chocolates		Chocolate blanco Zero - Pistacho - Crujiente de proteína 12 x Chocolate Negro Zero (Prozis)
chocolates		Chocolate blanco con lacasitos LACASITOS, tableta 100 g
chocolates		Chocolate blanco para postre EROSKI, tableta 200 g
chocolates		Chocolate blanco para postres exquisitos (Torras)
chocolates		Chocolate blanco sin azúcar añadido Trapa 90 g
chocolates		Chocolate caliente sueño profundo * Bedtime Hot (Essential Series)
chocolates		Chocolate con Kiwi sin Azúcar: Comprar Ahora (Torras)
chocolates		Chocolate con Leche (Chocolates Torra)
chocolates		Chocolate con Leche sin Azúcar Avellanas 75g (Torras)
chocolates		Chocolate con Leche y Avellanas sin Azúcar (Torras)
chocolates		Chocolate con Plátano (Torras)
chocolates		Chocolate con almendras MILKA, tableta 125 g
chocolates		Chocolate con almendras enteras MILKA, tableta 100 g
chocolates		Chocolate con almendras sin lactosa VALOR, tableta 150 g
chocolates		Chocolate con avellanas NESTLÉ, tableta 123 g
chocolates		Chocolate con caramelo y cacahuetes crujientes Milka 90 g.
chocolates		Chocolate con lacasitos LACASITOS, tableta 100 g
chocolates		Chocolate con leche LINDT, pack 3x100 g
chocolates		Chocolate con leche MILKA TUC, tableta 87 g
chocolates		Chocolate con leche Nestle Extrafino pack de 3 unidades de 123 g.
chocolates		Chocolate con leche avellanas EROSKI, tableta 150 g
chocolates		Chocolate con leche con almendras enteras EROSKI, tableta 200 g
chocolates		Chocolate con leche con almendras enteras Valor 250 g
chocolates		Chocolate con leche con avellanas Milka 250 g
chocolates		Chocolate con leche con avellanas enteras Nestlé 100 g
chocolates		Chocolate con leche con galleta Dia Temptation 100 g
chocolates		Chocolate con leche crujiente CRUNCH, tableta 100 g
chocolates		Chocolate con leche milkinis Milka 87.5 g
chocolates		Chocolate con leche original Ferrero Rocher 90 g.
chocolates		Chocolate con leche para repostería Dr. Oetker bolsa 150 g
chocolates		Chocolate con leche relleno de brownie oreo Milka 100 g
chocolates		Chocolate con leche relleno de galleta lu Milka 87 g
chocolates		Chocolate con leche relleno de trocitos de maíz Nestlé Extrafino 84 g
chocolates		Chocolate con leche sin azúcar EROSKI, tableta 100 g
chocolates		Chocolate con leche sin azúcar LINDT, tableta 100 g
chocolates		Chocolate con leche sin azúcar VALOR, tableta 100 g
chocolates		Chocolate con leche sin azúcares añadidos Dia Temptation 100 g
chocolates		Chocolate con leche y almendras 0% azúcares añadidos Trapa 100 g
chocolates		Chocolate con leche y almendras EROSKI, tableta 150 g
chocolates		Chocolate con leche y almendras Nestlé Extrafino 123 g
chocolates		Chocolate con leche y almendras mediterráneas. 0% Azúcares Añadidos. (Valor)
chocolates		Chocolate con leche y galleta XXL Nestlé Jungly 235 g
chocolates		Chocolate con leche, avellanas y pasas 180 g.
chocolates		Chocolate con leche, relleno de crema fundente y trozos de almendra (Valor)
chocolates		Chocolate con sal LINDT Excellence, tableta 100 g
chocolates		Chocolate de naranja-almendras LINDT Excellence, tableta 100 g
chocolates		Chocolate de oreo blanco MILKA, tableta 100 g
chocolates		Chocolate de postre LINDT, tableta 200 g
chocolates		Chocolate duo con leche y blanco caramelo y sal Valor 130 g
chocolates		Chocolate negro 100% cacao Lindt Excellence 50 g.
chocolates		Chocolate negro 52% cacao Carrefour Sensation sin gluten y sin azúcar añadido 100 g.
chocolates		Chocolate negro 70% Lindt Excellence pack de 2 tabletas de 100 g.
chocolates		Chocolate negro 70% con caramelo y sal (Valor)
chocolates		Chocolate negro 70% con macadamia Valor 150 g
chocolates		Chocolate negro 70% sin azúcar-almendras VALOR, tableta 150 g
chocolates		Chocolate negro 72% cacao con almendras EROSKI, tableta 200 g
chocolates		Chocolate negro 72% cacao especial postres Carrefour Original sin gluten y sin azúcar añadido 200 g.
chocolates		Chocolate negro 74% cacao EROSKI, tableta 100 g
chocolates		Chocolate negro 80% noir 0% azúcares Trapa 80 g
chocolates		Chocolate negro 80% sin azúcar 0% TRAPA, tableta 80 g
chocolates		Chocolate negro 85% cacao EROSKI SELEQTIA, tableta 100 g
chocolates		Chocolate negro 85% cacao en porciones Dia Temptation 176 g
chocolates		Chocolate negro 92% (Valor)
chocolates		Chocolate negro 92% VALOR, tableta 170 g
chocolates		Chocolate negro 95% ORBEA, tableta 100 g
chocolates		Chocolate negro 95% cacao EROSKI, tableta 100 g
chocolates		Chocolate negro 99% VALOR, tableta 170 g
chocolates		Chocolate negro Flor de Sal Lindt Excellence pack de 2 unidades de 100 g.
chocolates		Chocolate negro con aceite esencial de limón y pepitas de jengibre confitadas ecológico Carrefour Bio 100 g.
chocolates		Chocolate negro con almendras NESTLÉ, tableta 270 g
chocolates		Chocolate negro con almendras Nestlé sin gluten 270 g.
chocolates		Chocolate negro con pistacho LINDT EXCELLENCE, tableta 100 g
chocolates		Chocolate negro extrafino EROSKI BASIC, tableta 150 g
chocolates		Chocolate negro intenso con naranja Lindt Excellence pack de 2 tabletas de 100 g.
chocolates		Chocolate negro para postre EROSKI, tableta 200 g
chocolates		Chocolate negro para postres sin azúcares añadidos Dia Temptation 200 g
chocolates		Chocolate negro postre 70% cacao s/ azúcar EROSKI, tableta 200 g
chocolates		Chocolate negro sin azúcar EROSKI, tableta 100 g
chocolates		Chocolate negro-almendras LINDT Oro, tableta 300 g
chocolates		Chocolate negro-avellanas EROSKI, tableta 200 g
chocolates		Chocolate para postres NESTLÉ, pack 2x200 g
chocolates		Chocolate praliné para repostería Nestlé Postres 170 g.
chocolates		Chocolate puro con pistacho Valor 150 g
chocolates		Chocolate puro para postre VALOR, tableta 200 g
chocolates		Chocolate relleno de avellana caramelizada y galleta Dia Temptation 100 g
chocolates		Chocolate relleno de crema de kadayif y pistacho Delicadore Dubai Style 98 g.
chocolates		Chocolate suave EXCELLENCE, tableta 100 g
chocolates		Chocolatina Negra Menta con Stevia 35g (24 ud) (Torras)
otros		Chocolatina infantil T12 KINDER, caja 151,2 g
instantanea		Chocolatina rellena de crema de leche Lacasitos sin gluten pack de 5 unidades de 21 g.
panaderia		Chocolatissimo Surtido Sin Azúcar (Valor)
otros		Chocolatíssimo negro 70% (Valor)
chocolates		Chocote Negro Sin Azúcar Nibs Cacao (Torras)
huevo		Chopirones al huevo PESCANOVA, bolsa 300 g
fiambres		Chopped Beef al Corte 3.5Kg (Campofrío)
fiambres		Chopped De Pavo (ElPozo)
fiambres		Chopped Pork Lata (ElPozo)
fiambres		Chopped Pork Sabor Tradicional (ElPozo)
fiambres		Chopped Tipo Lata (ElPozo)
fiambres		Chopped en Lata (Campofrío)
embutidos		Chorizo (Noel)
embutidos		Chorizo EROSKI, bandeja 350 g
embutidos		Chorizo Extra 1954 (ElPozo)
embutidos		Chorizo Ibérico (ElPozo)
embutidos		Chorizo Ibérico 90g (Noel)
embutidos		Chorizo Nobleza Extra – Lonchas (ElPozo)
embutidos		Chorizo Nobleza Extra – Pieza (ElPozo)
embutidos		Chorizo Pamplona extra EROSKI BASIC, pack 4x56,25 g
embutidos		Chorizo Pamplona-Salchichón EROSKI, pack 2x90 g
embutidos		Chorizo Pincho 1954 (ElPozo)
embutidos		Chorizo Pétalos 60g (Noel)
embutidos		Chorizo Vegano en forma de rollito Hi Vegs sin gluten 110 g
embutidos		Chorizo al Corte (Campofrío)
embutidos		Chorizo casero OROZKO, sarta 250 g
embutidos		Chorizo cular ibérico de bellota IGLESIAS, pieza 500 g
embutidos		Chorizo de bellota ibérico cortado a máquina
embutidos		Chorizo de cerdo ibérico oreado Carrefour El Mercado 400 g aprox
embutidos		Chorizo de león dulce Dia Nuestra Alacena 100 g
embutidos		Chorizo de pavo (Campofrío)
embutidos		Chorizo de pavo ELPOZO, bandeja 65 g
embutidos		Chorizo de pavo extra Dia Nuestra Alacena 2 x 60 g
embutidos		Chorizo dulce extra EROSKI BASIC, pack 4x60 g
embutidos		Chorizo dulce-Pamplona EROSKI, pack 2x90 g
embutidos		Chorizo dulce-Salchichón EROSKI, pack 2x90 g
embutidos		Chorizo extra 4/4 LOMBERA de CARRANZA, sobre aprox. 350 g
embutidos		Chorizo extra 70g (Noel)
embutidos		Chorizo extra dulce EROSKI, sarta 250 g
embutidos		Chorizo extra en lonchas extrafinas Carrefour El Mercado sin gluten 100 g
embutidos		Chorizo extra picante Carrefour sin gluten 280 g.
embutidos		Chorizo extra picante EROSKI, sarta 250 g
embutidos		Chorizo ibérico NAVIDUL Gran Selección, sobre 100 g
embutidos		Chorizo ibérico de cebo DELICATAPAS, sobre 40 g
embutidos		Chorizo ibérico en lonchas Nico sin gluten 90 g
embutidos		Chorizo ibérico extra MONTARAZ, sobre 125 g
embutidos		Chorizo ibérico extra Villa rmaestros del corte 90 g
embutidos		Chorizo ibérico picante extra EROSKI, sobre 100 g
embutidos		Chorizo oreado
embutidos		Chorizo oreado del País Vasco EROSKI, sarta aprox. 250 g
embutidos		Chorizo oreado dulce EROSKI, 4 uds., bandeja aprox. 320 g
snacks		Chorizo picante aperitivo
embutidos		Chorizo picante artesano IRURA, pieza 260 g
embutidos		Chorizo plamplona 80g (Noel)
embutidos		Chorizo ya cortado Dia Nuestra Alacena 200 g
pavo		Chuleta pavo al ajillo EROSKI, bandeja aprox. 550 g
cerdo		Chuletas aguja de cerdo
cerdo		Chuletas cordero de lechal congeladas
cerdo		Chuletas lomo de cerdo finas
res		Churrasquito de vacuno añojo
panaderia		Churros Dia Al Punto 500 g
panaderia		Churros crujientes y tiernos ultracongelados Carrefour Original 500 g.
panaderia		Churros de lazo EROSKI, bolsa 500 g
panaderia		Churros fritos MAHESO, bolsa 500 g
frutas		Chutney de higos Extra Carrefour 150 g,
bebidas_lata	bebida	Cider LADRÓN DE MANZANAS, lata 33 cl
bebidas	bebida	Cider Ladrón de manzanas botella 25 cl.
bebidas	bebida	Cider Ladrón de manzanas sabor frutos rojos botella 25 cl.
bebidas	bebida	Cider Ladrón de manzanas sabor manzana verde botella 25 cl.
bebidas	bebida	Cider sabor frutos rojos LADRÓN DE MANZANAS, botellín 25 cl
mariscos		Cigala congelada cocida 1,5kg (Pescanova)
mariscos		Cigala cruda mediana Hacendado ultracongelada
suplementos		Circu Care* (Essential Series)
frutas		Ciruela pasa sin hueso EROSKI, bolsa 250 g
frutas		Ciruelas deshidratadas sin hueso Dia Naturmundo 200 g
frutas		Ciruelas sin hueso BORGES, bolsa 150 g
suplementos		Citicolina (CDP-colina) 250mg (Essential Series)
suplementos		Citrato de calcio + magnesio (2:1) (Swanson)
chocolates		Citrato de calcio + magnesio + vitamina D kid cal 100 tabletas masticables naranja (Now Foods)
suplementos		Citrato de calcio + vitamina D3 (150mg calcio/300UI) Calcium Citrate Vitamin (Essential Series)
suplementos		Citrato de calcio en polvo Calcium Citrate (Raw Series)
suplementos		Citrato de magnesio 10x25 ml viales Drasanvi
suplementos		Citrato de magnesio 112,5mg (Swanson)
suplementos		Citrato de magnesio 133mg (Now Foods)
suplementos		Citrato de magnesio 200mg (Now Foods)
suplementos		Citrato de magnesio Magnesium Citrate (Essential Series)
suplementos		Citrato de magnesio Magnesium Citrate 150Mg (Essential Series)
suplementos		Citrato de magnesio en polvo (Swanson)
suplementos		Citrato de magnesio en polvo - 227g (Now Foods)
suplementos		Citrato de magnesio en polvo Magnesium Citrate Powder (Raw Series)
suplementos		Citrato de magnesio en polvo Magnesium Citrate Powder Raw (Raw Series)
suplementos		Citrato de potasio 200mg Potassium Citrate (Essential Series)
suplementos		Citrato de potasio 200mg Potassium Citrate 01 (Essential Series)
suplementos		Citrato de potasio 300 mg (Prozis)
suplementos		Citrato de potasio 99mg (Swanson)
suplementos		Citrato de potasio 99mg - 180 veg caps (Now Foods)
suplementos		Citrato de potasio en polvo Potassium Citrate Powder (Raw Series)
suplementos		Citrato de potasio puro en polvo - 340g (Now Foods)
suplementos		Citrato de zinc (25mg zinc) Citrate (Essential Series)
suplementos		Citrato de zinc (25mg zinc) Citrate 240 V Caps (Essential Series)
suplementos		Citrulina malato 2:1 1000mg (Essential Series)
bebidas	bebida	Clara de huevo pasteurizada Carrefour Classic' 1 l.
huevo		Claras de Huevo (Vitobest)
frutas		Clear All-In-One Lima y Limón (Myprotein)
suplementos		Clear Collagen Powder Tub Sin Sabor (Myprotein)
proteina		Clear Protein Water - RTD (pack de 6 unidades) (Myprotein)
proteina		Clear Vegan Protein Fresa (Myvegan)
proteina		Clear Vegan Protein Naranja Roja (Myvegan)
proteina		Clear Vegan Protein Pineapple & Grapefruit (Myvegan)
proteina		Clear Vegan Protein Sandía (Myvegan)
proteina		Clear Whey + Collagen - Fruta de la Pasión (Prozis)
proteina		Clear Whey + Collagen - Gominola de Cereza Ácida (Prozis)
proteina		Clear Whey Electrolyte Pomelo Rosa (Myprotein)
proteina		Clear Whey Gainer Piña (Myprotein)
proteina		Clear Whey Isolate - Peach Ice Tea - Naranja (Prozis)
proteina		Clear Whey Isolate Té de Melocotón (Myprotein)
proteina		Clear Whey Protein - MARVEL Black Panther - Blue Raspberry (Myprotein)
proteina		Clear Whey Protein - MARVEL Captain Marvel - Orange, Mango & Tropical (Myprotein)
proteina		Clear Whey Protein - MARVEL Hulk - Green Plum & Kiwi (Myprotein)
proteina		Clear Whey Protein - MARVEL Spider-Man - Raspberry & Strawberry (Myprotein)
proteina		Clear Whey Protein and Collagen Plus (Myvitamins)
proteina		Clear Whey Splash Splash Of - Mango Orange (Myprotein)
proteina		Clear Whey Splash Splash Of - Pineapple (Myprotein)
proteina		Clear Whey Splash Splash Of - Raspberry & Lemon (Myprotein)
suplementos		Cloruro de potasio en polvo - 227g (Now Foods)
suplementos		Cluster Dextrin™ - Palatinose™ (Prozis)
suplementos		CoQ10 + BioPerine® 100mg (Vitaminalia)
chocolates		Cobertura de chocolate blanco en gotas (Torras)
chocolates		Cobertura de chocolate con leche en gotas (Valor)
chocolates		Cobertura de xocolata 70% cacau en gotes (Torras)
chocolates		Cobertura de xocolata blanc endolcida amb dàtil en gotes (Torras)
chocolates		Cobertura de xocolata negra amb edulcorant (Torras)
postres		Cobertura para postres MAYO, tableta 200 g
bebidas_lata	bebida	Coca Cola light pack 24 latas 33 cl.
bebidas_lata	bebida	Coca Cola light sin cafeína lata 33 cl.
bebidas_lata	bebida	Coca Cola pack 12 latas 33 cl.
bebidas_lata	bebida	Coca Cola pack 4 botellas 1,25 l.
bebidas_lata	bebida	Coca Cola zero azúcar botella 1 l.
bebidas_lata	bebida	Coca Cola zero azúcar zero cafeina pack 4 botellas 2 l.
bebidas_lata	bebida	Coca-Cola mini pack 10 latas 20 cl.
bebidas_lata	bebida	Coca-Cola zero azúcar lata 50 cl.
bebidas_lata	bebida	Coca-Cola zero mini pack 10 latas 20 cl.
otros		Cocas de dacsa Susana congeladas
otros		Cocido madrileño EROSKI, lata 440 g
otros		Cocido madrileño Extra Carrefour 350 g.
otros		Cocktail Top 5 FRIT RAVICH, bolsa 160 g
aceitunas		Cocktail de aceitunas y encurtidos La explanada 185 g
aceitunas		Cocktail de encurtidos EROSKI, cubeta 300 g
aceitunas		Cocktail de encurtidos FRAGATA, frasco 250 g
aceitunas		Cocktail de encurtidos Rioverde sin gluten 380 g.
frutas		Cocktail de f.secos- fruta desecada BORGES Natura, bolsa 130 g
frutos_secos		Cocktail de frutos secos Mix 5 GREFUSA MAXI, bolsa 300 g
frutos_secos		Cocktail de frutos secos Mix 5 GREFUSA, paquete 160 g
frutos_secos		Cocktail de frutos secos crudos BORGES NATURA, bolsa 130 g
frutos_secos		Cocktail de frutos secos crudos Borges sin gluten doy pack 130 g.
frutos_secos		Cocktail de frutos secos sabor chilli Cocteleo sin gluten 300 g.
aceites		Cocktail en aceite de oliva EROSKI, lata 150 g
aceitunas		Cocktail encurtidos EROSKI, frasco 500 g
frutos_secos		Cocktail frutos secos Twist Up Hacendado sabor lima y pimienta
frutos_secos		Cocktail frutos secos natural Hacendado
otros		Cocktail natumix FRIT RAVICH, bolsa 120 g
otros		Cocktail sin cáscara original FRIT RAVICH, bolsa 160 g
frutas		Coco Rallado Fino Bio 150 g Ecosana (Drasanvi)
snacks		Coco rallado - 2 x Chips de plátano (Prozis)
frutas		Coco rallado - Bayas de goji (Prozis)
frutas		Coco rallado - Coco Deshidratado (Prozis)
frutas		Coco rallado - Coco rallado (Prozis)
frutas		Coco rallado EROSKI, bolsa 100 g
untables		Coctel de miel-mostaza FRIT RAVICH, bolsa 160 g
cerdo		Codillo Asado (ElPozo)
cerdo		Codillo de cerdo asado con salsa (Noel)
cerdo		Codillo de cerdo entero asado al estilo alemán Cascajares 650 g
cerdo		Codillo de jamón ELPOZO, pieza 850 g
caza		Codornices
suplementos		Coenzima Q10 100mg + BioPerine® (Essential Series)
suplementos		Coenzima Q10 200mg + BioPerine® Coenzyme (Essential Series)
suplementos		Coenzima Q10 blandas (Prozis)
suplementos		CogniMag * (Essential Series)
suplementos		CogniView - Ultimate Gaming Cognitive & Vision Complex (Prozis)
suplementos		CogniView - Ultimate Gaming Cognitive & Vision Complex - ActiFlexor - Ultimate Gaming Complex (Prozis)
te	bebida	Cola de caballo y sen en bolsitas Adelgasana Susarón 20 ud.
bebidas_lata	bebida	Cola de gambón pelada EROSKI, bolsa 200 g
bebidas_lata	bebida	Cola de langosta del caribe cruda congelado Carrefour Extra 300 g.
bebidas_lata	bebida	Cola de rape 100/300 COMPESCA, bolsa 480 g
bebidas	bebida	ColaCao 0% azúcares añadidos 325 g
bebidas	bebida	ColaCao 2.2 Kg
bebidas	bebida	ColaCao energy sin gluten y sin azúcar añadido pack 4 botellas 188 ml.
bebidas_lata	bebida	Colas de Langostino Carrefour El Mercado 280 g
bebidas_lata	bebida	Colas de gambón 2kg (Pescanova)
bebidas_lata	bebida	Colas de langostino con ajo y perejil EROSKI, bandeja 175 g
bebidas_lata	bebida	Colas de langostino natural EROSKI, bandeja 160 g
bebidas_lata	bebida	Colas de langostino rebozadas EROSKI, bolsa 300 g
cafe	bebida	Cold Brew - Café solo listo para tomar (REALFOODING)
verduras		Coles de bruselas FINDUS, bolsa 400 g
verduras		Coliflor Dia Vegecampo 1 Kg
verduras		Coliflor EROSKI, frasco 390 g
verduras		Coliflor FINDUS, bolsa 400 g
suplementos		Colina e inositol 300mg/300mg Choline (Essential Series)
harinas		Colines 100% integral de trigo EROSKI, bolsa 250 g
aceites		Colines con aceite de oliva EROSKI, bolsa 250 g
suplementos		Collagen + Magnesium (Prozis)
frutas		Collagen - Joint Formula - Mango y Melocotón (Prozis)
frutas		Collagen - Joint Formula - Ponche de frutas (Prozis)
suplementos		Collagen Coffee Milk+Magnesium+Vitamin C Vitobest
suplementos		Collagen Coffee+Magnesium+Vitamin C Vitobest
dulces		Collagen Creamer - Caramelo (Prozis)
chocolates		Collagen Creamer - Chocolate (Prozis)
suplementos		Collagen Creamer - Neutro (Prozis)
frutas		Collagen Drink - Melocotón x 4 - 4 x (Prozis)
te	bebida	Collagen Drink -Amix™ - Té y limón
suplementos		Collessence colágeno complex - pack degustación (HSN Packs)
suplementos		Collessence colágeno complex Collagen Apple (Essential Series)
suplementos		Collessence colágeno complex Collagen Coffee (Essential Series)
suplementos		Collessence colágeno complex Collagen Lemon (Essential Series)
suplementos		Collessence colágeno complex Collagen Neutral Flavour (Essential Series)
suplementos		Collessence colágeno complex Collagen Orange (Essential Series)
suplementos		Collessence colágeno complex Collagen Pineapple (Essential Series)
suplementos		Collessence colágeno complex Collagen Red Fruits (Essential Series)
suplementos		Collessence colágeno complex Collagen Watermelon (Essential Series)
suplementos		Collessence vegan (collagen booster) * Peach (Essential Series)
suplementos		Collessence vegan (collagen booster) * Tropical Orange (Essential Series)
frutas		Collmar Beauty Frutas del Bosque 275 g Drasanvi
frutas		Collmar Belleza SublimLift Sabor Cereza 300 g Drasanvi
suplementos		Collmar Cao 300 g Drasanvi
frutas		Collmar Magnesio Limón 300 g Drasanvi
otros		Colorante alimentario DUCROS, frasco 310 g
otros		Colorantes alimentarios Dr. Oetker 40 g
suplementos		Colágeno + Magnesio (Prozis)
suplementos		Colágeno + Magnesio - Frutos del bosque (Prozis)
suplementos		Colágeno + Magnesio - Limón (Prozis)
suplementos		Colágeno + Magnesio - Melocotón (Prozis)
suplementos		Colágeno + Magnesio - Neutro (Prozis)
suplementos		Colágeno + Magnesio - Piña colada (Prozis)
suplementos		Colágeno + Whey - Chocolate Collagen + Whey (Prozis)
suplementos		Colágeno / Limón (Quamtrax)
suplementos		Colágeno / Neutro (Quamtrax)
suplementos		Colágeno / Tropical (Quamtrax)
suplementos		Colágeno Marino , Naranja y Mango (Myvitamins)
suplementos		Colágeno complex beauty * Collagen (Essential Series)
suplementos		Colágeno complex beauty * Collagen 120 Coat Tablets (Essential Series)
suplementos		Colágeno de belleza en polvo Sin Sabor (Myvitamins)
suplementos		Colágeno marino & vitamina C (Essential Series)
suplementos		Colágeno marino (Quamtrax)
suplementos		Colágeno marino complex (Essential Series)
suplementos		Colágeno plus / Limón (Quamtrax)
suplementos		Colágeno plus / Neutro (Quamtrax)
suplementos		Colágeno salud articular en polvo ** Collagen Joint Cherry (Essential Series)
suplementos		Colágeno salud articular en polvo ** Collagen Joint Orange (Essential Series)
suplementos		Colágeno salud articular en polvo ** Collagen Joint Tropical Peach (Essential Series)
suplementos		Colágeno salud articular en polvo ** Stick Collagen Joint Gral (Essential Series)
suplementos		Colágeno super beauty * Collagen (Essential Series)
suplementos		Colágeno super beauty * Collagen Peach (Essential Series)
suplementos		Colágeno super beauty * Collagen Red Fruits (Essential Series)
pollo		Comida húmeda clásicos con pollo para perro Cesar 20x150 g
pescado		Comida húmeda en gelatina selección pescado para gato Whiskas 38x85 g
postres		Comida húmeda mousse de ternera para gato Poésie Vitakraft 85 g.
otros		Comida húmeda selección clásicos para perro Cesar pack de 8 unidades de 150 g.
infantil		Complemento Alimenticio desde 12 meses sabor vainilla Pediasure 850gr
chocolates		Complemento alimenticio de choco ENSURE Nutrivigor, lata 850 g
zumo	bebida	Complete Breakfast Smoothie - Avena y Frutos Rojos (Prozis)
zumo	bebida	Complete Breakfast Smoothie - Avena y Frutos Rojos - Avena y frutos rojos + Verduras (Prozis)
suplementos		Complete Nutrigreens (Essential Series)
suplementos		Complete Nutrigreens + colágeno Collagen (Essential Series)
frutas		Compota de manzana ANDROS, frasco 750 g
frutas		Compota de manzana y pera Andros 750 g.
chocolates		Compra Online Chocolate Negro Zero con Naranja (Torras)
chocolates		Compra Online Xocolata Amb Llet al Millor Preu (Torras)
chocolates		Compra la Mejor Chocolatina Blanca del Mercado (30u) (Torras)
chocolates		Compra la Millor Xocolatina amb Llet Sense Sucre (Torras)
chocolates		Comprar Cobertura de Chocolate Torras 70% Cacao en Gotas
fiambres		Comprar Jamón cocido
chocolates		Comprar Online Chocolatina De Chocolate Negro (30u) (Torras)
suplementos		Comprimidos de magnesio (Myvitamins)
suplementos		Comprimidos de vitamina C con bioflavonoides y escaramujo 180TABLETS (Myvitamins)
suplementos		Comprimidos de vitamina C con bioflavonoides y escaramujo 60TABLETS (Myvitamins)
suplementos		Comprimidos efervescentes THE Electro Baya (MyPRO)
suplementos		Comprimidos efervescentes THE Electro Frambuesa y Limonada (MyPRO)
suplementos		Comprimidos efervescentes THE Electro Mango (MyPRO)
suplementos		Comprimidos gourmet NATREEN, dosificador 400 uds
bebidas	bebida	Concentrado de granadina sin alcohol RIVES, botella 1 litro
bebidas	bebida	Concentrado de lima sin alcohol RIVES, botella 1 litro
caza		Conejo entero
pollo		Confit de pato Eroski SELEQTIA, lata 600 g
otros		Confitura de albaricoque BEBÉ, frasco 280 g
otros		Confitura de albaricoque HERO Diet, frasco 280 g
otros		Confitura de albaricoques Diet Hero 280 g.
frutas		Confitura de arándanos-frambuesa HERO Diet, frasco 280 g
frutas		Confitura de cerezas Diet Hero sin azúcar añadido 280 g.
frutas		Confitura de frambuesa Bonne Maman 370 g.
frutas		Confitura de frambuesa Temporada Hero sin gluten 350 g.
frutas		Confitura de fresa HERO CLASSICA, frasco 330 g
frutas		Confitura de fresas Diet Hero sin azúcar añadido 280 g.
frutas		Confitura de higo 0% HERO, frasco 280 g
frutas		Confitura de melocotón HERO CLASSICA, frasco 330 g
frutas		Confitura de naranja amarga HERO DIET, frasco 280 g
frutas		Confitura natural de fresa HELIOS, frasco 330 g
dulces		Cono chuches celebración sin gluten Midel 60 g
chocolates		Cono de chocolate EROSKI, pack 6x120 ml
bebidas	bebida	Cono de limón EROSKI, pack 6x120 ml
chocolates		Cono de vainilla y chocolate EROSKI, pack 6x120 ml
helados		Cono helado de vainilla con nueces pecanas y dulce de arce Carrefour Extra 6 uds.
helados		Cono helado sabor a caramelo crunch Carrefour Extra 6 uds.
leche		Cono sabor nata y fresa (Dulcesol)
chocolates		Cono sabor vainilla y chocolate (Dulcesol)
chocolates		Cono sabor vainilla y chocolate 0% azúcares (Dulcesol)
panaderia		Cono vainilla (Dulcesol)
otros		Conos 3D xlb LAYS, bolsa 136 g
helados		Conos con helado de anacardos con sirope de guindas Valsoia sin gluten 4 ud.
helados		Conos con helado de tres chocolates Extreme Nestlé 6 ud.
helados		Conos con helado de vainilla Carrefour Extra sin lactosa y sin azúcar añadido 4 ud.
leche		Conos de nata y fresa Dia Temptation 4 x 68 g
otros		Consomé al Jerez con Picatostes - Gallina Blanca
pollo		Contramuslos de pollo deshuesados y sin piel
suplementos		Control de peso Fat Burner (Vitobest)
suplementos		Control de peso GarciMax (Vitobest)
suplementos		Control de peso Hellcore (Vitobest)
suplementos		Control de peso Hellcore Woman (Vitobest)
suplementos		Control de peso LipoBurn 3300 (Vitobest)
suplementos		Control de peso ThermoBurn (Vitobest)
suplementos		Control de peso ThermoCarnitine 3000 - Acid Fruit (Vitobest)
suplementos		Control de peso ThermoCarnitine 3000 - Strong Lemon (Vitobest)
suplementos		Control de peso W-Retic (Vitobest)
galletas		Cookie Proteica 12 x Chocolate Doble (Myprotein)
galletas		Cookie Proteica al Horno 12 x Chocolate Chip (Gooey Filled) (Myprotein)
leche	bebida	Cookies de choco c/ leche-avell. s/ gluten EROSKI, paquete 150 g
galletas		Cookies doble chocolate Florbu 90 g
galletas		Cookies suaves de doble chocolate SCHAR, caja 210 g
galletas		Cookies triple de choco sin gluten EROSKI, paquete 150 g
aceites		Cookin'Spray - Aceite de oliva virgen extra - Aceite de cocina antiadherente (Prozis)
verduras		Cookin'Spray - Aceite de oliva virgen extra - Ajo (Prozis)
postres		Copa de chocolate y nata EROSKI, pack 4x115 g
postres		Copa de chocolate-nata DANONE, pack 2x110 g
postres		Copa de vainilla con caramelo y nata Dia Caprichoso 4 x 115 g
postres		Copa de vainilla-nata-caramelo EROSKI, pack 4x115 g
cereales		Copos 4 cereales integrales VERITAS, bolsa 500 g
cereales		Copos Avena Finos Integrales Bio 1 kg Ecosana (Drasanvi)
cereales		Copos Avena Finos Integrales Sin Gluten Bio 500 g Ecosana (Drasanvi)
cereales		Copos Avena Gruesos Integrales Bio 1 kg Ecosana (Drasanvi)
cereales		Copos Avena Gruesos Integrales Sin Gluten Bio 1 Kg Ecosana (Drasanvi)
cereales		Copos Trigo Sarraceno Bio 500 g Ecosana (Drasanvi)
cereales		Copos de Avena Bayas y Chocolate Blanco (Myprotein)
cereales		Copos de Maíz Proteicos - Doble Chocolate (Prozis)
cereales		Copos de Maíz Proteicos - Doble Chocolate - Chocolate y cacahuetes (Prozis)
cereales		Copos de Maíz Proteicos - Doble Chocolate - Fresa y chocolate blanco (Prozis)
cereales		Copos de Quinoa Real Bio (NaturGreen)
cereales		Copos de avena finos integrales VERITAS, bolsa 500 g
cereales		Copos de avena integral ecológicos EcoCesta sin azúcar añadido 500 g.
cereales		Copos de avena multifrutas NATURCESTA, 1 kg
cereales		Copos de trigo integral, avena integral y arroz tostados Nestlé 300 g
cereales		Copos finos de avena integral sin gluten bio ECOCESTA, 500g
cereales		Copos integrales EROSKI, caja 500 g
cereales		Copos integrales de chocolate EROSKI, caja 300 g
huevo		Coquillete con 7 huevos VALFLEURI, paquete 250 g
otros		Coquina 250 g
otros		Coquito
verduras		Corazones baby de alcachofa VERLEAL, bolsa 300 g
verduras		Corazones de alcachofa Dia Vegecampo 240 g
verduras		Corazones de alcachofa Hacendado
verduras		Corazones de alcachofa en mitades GVTARRA, frasco 400 g
verduras		Corazones de alcachofa troceados Findus 300 g.
verduras		Corazones de alcachofas Dia Vegecampo 165 g
verduras		Corazones de alcachofas de Tudela De Nuestra Tierra 400 g.
verduras		Corazones de alcachofas de Tudela Extra Carrefour 250 g.
verduras		Corazón alcachofa al natural 10/12 frutos EROSKI, lata 240 g
verduras		Corazón de alcachofa D.O. frasco 13/16 LA TUDELANA, frasco 400 g
otros		Corazón de escarola EROSKI, bolsa 150 g
pavo		Cordon Bleu de carne de pechuga de pollo con fiambre de pavo y queso El Mercado sin gluten 260 g
otros		Cordon bleu Recetas crujientes La Cocinera 376 g.
suplementos		Corn Flakes Bio 320 g Ecosana (Drasanvi)
otros		Corn Flakes sin gluten NESTLÉ Go Free, caja 375 g
otros		Cornetto Miniature CORNETTO, 10 uds, caja 190 g
otros		Cornetto mini 8 x 36 g
snacks		Corteza de jamón natural 110 g
snacks		Cortezas de lentejas bio ECOCESTA, bolsa 65 g
suplementos		Cortisol Blocker’s – Amix™
cerdo		Costilla de Cerdo Ibérico Adobada Carrefour 750 g aprox
cerdo		Costilla de cerdo adobada en tiras EROSKI, bandeja aprox. 500 g
cerdo		Costilla de cerdo churrasco
cerdo		Costilla de vacuno
cerdo		Costillas de cerdo a la barbacoa cortadas Hacendado
cerdo		Costillas de cerdo asadas con salsa barbacoa (Noel)
cerdo		Costillas de cerdo carnosas a tacos
cerdo		Costillas de cerdo marinadas Smoke Honey
chocolates		Coulant de chocolate EROSKI, pack 2x90 g
chocolates		Coulant de chocolate Extra Carrefour 180 g.
suplementos		Cous Cous Integral Bio 400 g Ecosana (Drasanvi)
snacks		Cracker de semillas GULLON, bote 250 g
snacks		Crackers EROSKI, paquete 500 g
infantil		Crackers de zanahoria desde 12 meses ecológico Nestlé 100 g.
snacks		Crackers integrales EROSKI, paquete 500 g
snacks		Crackers tomate infantiles Nestlé 100 g
otros		Creamy Original Violife sin gluten y sin lactosa 150 g.
bebidas	bebida	Creamy lima con fermentos Dia Vegedia 200 ml
proteina		Creatina 200 MESH 300 g Sport Live Drasanvi
proteina		Creatina CGT-3 – Amix™
proteina		Creatina CreAge Concentrated – Musclecore™
proteina		Creatina Crea-Trix – Amix™
proteina		Creatina Creapure en Formato Masticable 60 Tabl - Amix Performance
proteina		Creatina Creapure formato masticable - Black Line - 60 TBL
proteina		Creatina MagnaPower – Musclecore™
proteina		Creatina Monohidrato Masticable 60 tabl – Amix™
proteina		Creatina Smint® Sours - Smint® Sours Lemon (BIG®)
proteina		Creatina Smint® Sours - Smint® Sours Strawberry (BIG®)
proteina		Creatina monohidrato 200 Mesh 300 g Drasanvi
proteina		Creatina monohidrato en polvo alta en proteína sabor galleta con cacao Just Loading doy pack 345 g.
proteina		Creatina sabor neutro Ynsadiet complemento alimenticio
proteina		Creatinas Cellbest Extreme - Fresa (Vitobest)
proteina		Creatinas Cellbest Extreme - Limón (Vitobest)
proteina		Creatinas Creamap+GFS (Polvo) - Fresa (Vitobest)
proteina		Creatinas Creamap+GFS (Polvo) - Limón (Vitobest)
proteina		Creatinas Creatine (Clonapure®) (Vitobest)
proteina		Creatinas Creatine Monohydrate (Creapure®) (Vitobest)
proteina		Creatinas Creatine Monohydrate - Cereza (Vitobest)
proteina		Creatinas Creatine Monohydrate - Neutro (Vitobest)
proteina		Creatinas Premium (Cr-ystalPure®) (Vitobest)
bebidas	bebida	Crema Alicia KNORR, brik 500 ml
frutos_secos		Crema Avellanas Cacao Bio (NaturGreen)
frutos_secos		Crema Cacao y Avellanas (SOIFA ALIMENT)
pollo		Crema Casera de Champiñones con Pollo 100% Natural (Gallina Blanca)
otros		Crema Salted Caramel (CALCONUT)
leche	bebida	Crema al cacao y leche con avellanas Nocilla
salsas		Crema balsámica de Módena BORGES, botella 250 g
salsas		Crema balsámica de Módena ORTALLI, botella 250 g
bebidas	bebida	Crema balsámica de frambuesa Carrefour Selection 250 ml.
bebidas	bebida	Crema balsámico al Pedro Ximénez Carrefour Selection 250 ml.
bebidas	bebida	Crema balsámico de módena Carrefour Selection 250 ml.
chocolates		Crema bombón 0,7% CLESA, pack 4 x 125 g
chocolates		Crema bombón Original Clesa sin gluten pack de 8 unidades de 125 g.
postres		Crema catalana EROSKI, pack 4x100 g
postres		Crema catalana GOSHUA, pack 2x100 g
salsas		Crema con vinagre balsámico de módena Carrefour Extra sin gluten 250 ml.
chocolates		Crema d'Avellanes i Cacau Sense Sucre i amb Stevia 200g (Torras)
untables		Crema de Almendra Bio 350 g Ecosana (Drasanvi)
untables		Crema de Almendra Sabor Vainilla (CALCONUT)
untables		Crema de Almendra y Coco (CALCONUT)
untables		Crema de Almendras - Crema de almendras (Prozis)
untables		Crema de Almendras - Crema de anacardos (Prozis)
untables		Crema de Almendras - Crema de avellanas - Cremosa (Prozis)
untables		Crema de Almendras - Crema de pistacho (Prozis)
cereales		Crema de Arroz - Chocolate (Vitobest)
cereales		Crema de Arroz - Neutro (Vitobest)
cereales		Crema de Arroz - Vainilla (Vitobest)
cereales		Crema de Arroz sabor Chocolate Blanco 1kg Sport Live (Drasanvi)
cereales		Crema de Arroz sabor Cookies & Cream 1kg Sport Live (Drasanvi)
cereales		Crema de Arroz sabor Vainilla 1kg Sport Live (Drasanvi)
untables		Crema de Avellanas Bio 350 g Ecosana (Drasanvi)
untables		Crema de Avellanas y Cacao Ecológica 200g (Torras)
untables		Crema de Avellanas y Chocolate - Crujiente - Cremoso Avellanas y chocolate blanco (Prozis)
untables		Crema de Avellanas y Chocolate - Crujiente - Cremoso Choco Peanut Delight (Prozis)
untables		Crema de Avellanas y Chocolate - Crujiente - Hazelnut-Choco Butter - Avellanas y cacao (Prozis)
untables		Crema de Cacahuete - Cremoso Crema de cacahuete (Prozis)
untables		Crema de Cacahuete Bio 350 g Ecosana (Drasanvi)
untables		Crema de Cacahuete Crunchy Bio 350 g Ecosana (Drasanvi)
untables		Crema de Cacahuete con Chocolate - Freakin' Good (Prozis)
untables		Crema de Cacahuete con Nueces Pacanas Caramelizadas (Prozis)
untables		Crema de Cacahuete con Nueces Pacanas Caramelizadas - Canela (Prozis)
untables		Crema de Cacahuete con Nueces Pacanas Caramelizadas - Caramelo (Prozis)
untables		Crema de Cacahuete con Nueces Pacanas Caramelizadas - Caramelo - Crujiente (Prozis)
untables		Crema de Cacahuete con Nueces Pacanas Caramelizadas - Chocolate (Prozis)
untables		Crema de Cacahuete con Nueces Pacanas Caramelizadas - Chocolate blanco (Prozis)
proteina		Crema de Cacahuete en Polvo - con Suero de Leche - Crema de Cacahuete en Polvo - Con Whey (Prozis)
untables		Crema de Cacahuete en Polvo - con Suero de Leche - Crema de cacahuete en polvo (Prozis)
untables		Crema de Cacao y Avellanas Bio 200 g Ecosana (Drasanvi)
untables		Crema de Cacao y avellanas sin lactosa Bio 200 g Ecosana (Drasanvi)
postres		Crema de Chocolate Negro Bio 200 g Ecosana (Drasanvi)
instantanea		Crema de Coco en Polvo (Prozis)
alcohol	bebida	Crema de Licor 43 caramel cookie 70 cl.
instantanea		Crema de Pollo con Picatostes - Gallina Blanca
untables		Crema de almendra - Choco blanco (Quamtrax)
untables		Crema de almendras ecológica Carrefour Bio sin gluten 290 g.
untables		Crema de anacardo Split Cashew Cream Smooth (Food Series)
untables		Crema de anacardo y coco (Food Series)
untables		Crema de anacardos ecológica Carrefour Bio sin gluten 290 g.
cereales		Crema de arroz , Chocolate y Caramelo (Fudge) (Myprotein)
cereales		Crema de arroz Bag Printed Rice Cream Unflavoured (Food Series)
cereales		Crema de arroz Cream of Rice - MR POPPER'S® - Banoffee (MR POPPER´S)
cereales		Crema de arroz proteica - pack degustación (HSN Packs)
cereales		Crema de arroz proteica High Protein Rice Cream Cinnamon Roll (Food Series)
pescado		Crema de atún suave La piara 2 x 75 g
untables		Crema de avellana - Choco leche (Quamtrax)
untables		Crema de avellana DULCESOL, tarro 500 g
untables		Crema de avellanas y cacao Natruly sin gluten 300 g.
untables		Crema de avellanas y cacao con galleta Dia Temptation 350 g
untables		Crema de avellanas y cacao sin aceite de palma ecológica Carrefour 350 g.
untables		Crema de cacahuete (Quamtrax)
untables		Crema de cacahuete Just loading 475 g
untables		Crema de cacahuete bio WHOLE EARTH, frasco 227 g
untables		Crema de cacahuete crujiente CAPITAN MANI, frasco 340 g
untables		Crema de cacahuete garrapiñado Split Peanut Butter Caramelised (Food Series)
untables		Crema de cacahuete suave ecológica Whole Earth 227 g.
untables		Crema de cacao 1 sabor NOCILLA, bote 750 g
untables		Crema de cacao 1 sabor NOCILLA, vaso 180 g
untables		Crema de cacao 1 sabor NOCILLA, vaso 360 g
untables		Crema de cacao 2 sabores NOCILLA, vaso 360 g
untables		Crema de cacao Dulcesol
untables		Crema de cacao NUTELLA, bote 750 g
untables		Crema de cacao VERITAS, frasco 200 g
untables		Crema de cacao chocoleche NOCILLA, bote 850 g
untables		Crema de cacao con avellanas Nocilla sin gluten 320 g.
untables		Crema de cacao con avellanas original Nocilla sin gluten y sin azúcar añadido 180 g.
untables		Crema de cacao crunchy NOCILLA, vaso 180 g
untables		Crema de cacao en sticks 2 sabores NOCILLA, pack 2x30 g
untables		Crema de cacao noir Nocilla 180 g
untables		Crema de cacao original NOCILLA, bote 850 g
untables		Crema de cacao y avellanas Nocilla 180 g
untables		Crema de cacao y cacahuete con coco Split Cocoa And Peanut Cream With Coconut (Food Series)
untables		Crema de cacao y leche con avellanas Nocilla sin gluten 390 g.
untables		Crema de cacao y leche con avellanas Nocilla sin gluten 750 g.
untables		Crema de cacao y leche con avellanas Nocilla sin gluten y 850 g
untables		Crema de cacao y leche de avellanas dúo Nocilla 360 g
untables		Crema de cacao y leche de avellanas dúo Nocilla 610 g
instantanea		Crema de calabacín con quesito KNORR, brik 500 ml
instantanea		Crema de calabaza y puré de patatas 100% ecológica Hero 190 g
instantanea		Crema de champiñones Gallina Blanca 62 g.
instantanea		Crema de champiñones Knorr 68 g
postres		Crema de chocolate blanco alta en proteína Weider sin azúcar añadido 250 g.
postres		Crema de chocolate fondant light Nestlé Sveltesse sin gluten pack de 4 unidades de 125 g.
instantanea		Crema de coco GOYA, lata 425 g
instantanea		Crema de espárragos Dia Al Punto 300 g
galletas		Crema de galleta LOTUS BISCOFF, frasco 400 g
galletas		Crema de galletas crunchy Lotus 380 g
untables		Crema de leche y avellanas con cookies Nocilla sin gluten 180 g.
instantanea		Crema de marisco deshidratado KNORR Gourmet, sobre 72 g
untables		Crema de membrillo QUIJOTE, tarrina 250 g
instantanea		Crema de orujo EL AFILADOR, botella 70 cl
instantanea		Crema de orujo Ruavieja 70 cl
untables		Crema de pistacho (Food Series)
untables		Crema de pistacho Dulcesol
untables		Crema de pistacho Nocilla 180 g
untables		Crema de pistacho estilo Dubai Sensation Carrefour 180 g.
instantanea		Crema de pollo Gallina Blanca 63 g.
instantanea		Crema de puerro y patata Knorr 500 ml
quesos		Crema de queso Camembert PRESIDENT, tarrina 125 g
quesos		Crema de queso brie Président 125 g.
quesos		Crema de queso con finas hierbas Philadelphia 150 g.
quesos		Crema de queso de untar light Philadelphia pack de 2 unidades de 250 g.
quesos		Crema de queso piña Arla 200 g.
instantanea		Crema de setas del bosque KNORR, brik 500 ml
untables		Crema de untar T1 NUTELLA&GO, bote 52 g
instantanea		Crema de untar crujiente LOTUS BISCOFF, frasco 380 g
instantanea		Crema de verduras tomate, pimiento y cebolla HERO, tarro 190 g
salsas		Crema de vinagre de manzana Vulpi sin gluten y sin azúcare añadido 400 gr.
instantanea		Crema de zanahorias y puerros KNORR, brik 500 ml
bebidas	bebida	Crema natural de gamba y rape Aneto sin gluten y sin lactosa brik de 500 ml.
bebidas	bebida	Crema para cocinar 15% MG TULIPÁN, brik 250 ml
bebidas	bebida	Crema para cocinar vegetal SOJASUN, brik 200 ml
bebidas	bebida	Crema para montar 31 % MG TULIPÁN, brik 252 ml
frutos_secos		Crema proteica duo de cacao y avellanas Nutchoco (Food Series)
frutas		Crema sabor limón LA ERMITA, tarrina 110 g
frutos_secos		Crema suave de cacahuetes pelados (Food Series)
salsas		Crema vinagre de módena sin azúcares añadidos Vulpi 400 ml
suplementos		Cremas Almond ButterCream (by Torreblanca) (Vitobest)
suplementos		Cremas ChocoCream (by Torreblanca) (Vitobest)
suplementos		Cremas Peanut ButterCream (by Torreblanca) (Vitobest)
proteina		Cremas Protein Peanut ChocoCream (by Torreblanca) (Vitobest)
salsas		Cremas de Vinagre (Vitobest)
frutos_secos		Cremas de frutos secos - pack degustación (HSN Packs)
suplementos		Cremas extra cremosas - pack degustación (HSN Packs)
panaderia		Crepe de chocolate OH LA FRANCE, bolsa 192 g
panaderia		Crepes Proteicos - Mr.Popper‘s® - VAINILLA (MR POPPER´S)
panaderia		Crepes instantáneos MAIZENA, bote 198 g
panaderia		Crepes rellenos de jamón y queso en 5 minutos (La Cocinera)
panaderia		Creppe de puerro-gamba EROSKI, bandeja 270 g
panaderia		Croissant 0% azúcar LA BELLA EASO, paquete 240 g
panaderia		Croissant BELLA EASO, 9 uds, paquete 270 g
panaderia		Croissant EROSKI BASIC, paquete 400 g
panaderia		Croissant Frankfurt Campofrio 1 ud
panaderia		Croissant NUTTELLA, 4 uds, bolsa 340 g
panaderia		Croissant de mantequilla Carrefour 8 ud
panaderia		Croissant relleno de cacao Dulcesol
panaderia		Croissant relleno de chocolate EROSKI, paquete 315 g
panaderia		Croissant relleno de chocolate LA BELLA EASO, 9 uds, bolsa 360 g
panaderia		Croissant relleno de chocolate Milka 50 g
panaderia		Croissants 0% azúcares añadidos La Bella Easo 8 ud.
panaderia		Croissants Dulcesol
panaderia		Croissants El Molino de Dia 390 g
panaderia		Croissants La Bella Easo 9 ud.
panaderia		Croissants con mantequilla Carrefour pack de 6 unidades de 60 g.
panaderia		Croissants integrales Dulcesol
panaderia		Croissants rellenos de cacao y avellanas El Molino de Dia 315 g
suplementos		Cromo (Quamtrax)
preparados		Croqueta cecina AMEZTOI, bolsa 350 g
preparados		Croqueta jamón sin gluten, sin lactosa LA CULINARIA, bolsa 300 g
preparados		Croquetas Pollo Granel (ElPozo)
preparados		Croquetas artesanas de bacalao a la cazuela (La Cocinera)
preparados		Croquetas artesanas de espinaca LA COCINERA, bolsa 400 g
preparados		Croquetas artesanas de estofado de pollo (La Cocinera)
preparados		Croquetas de bacalao EROSKI, bandeja 300 g
preparados		Croquetas de bacalao EROSKI, bolsa 350 g
preparados		Croquetas de bacalao La Cocinera 500 g.
preparados		Croquetas de boletus AMEZTOI, bandeja 350 g
preparados		Croquetas de boletus EROSKI, bolsa 350 g
preparados		Croquetas de cazuela de bacalao LA COCINERA, bolsa 500 g
preparados		Croquetas de champiñones y setas (La Cocinera)
preparados		Croquetas de chipirón EROSKI, bandeja 300 g
preparados		Croquetas de cocido Carrefour Extra 350 g.
preparados		Croquetas de estofado de pollo LA COCINERA, bolsa 500 g
preparados		Croquetas de hongos EROSKI, bandeja 300 g
preparados		Croquetas de huevo-york EROSKI, bandeja 300 g
preparados		Croquetas de ibérico Aldelís 190 g.
preparados		Croquetas de jamón EROSKI, bandeja 300 g
preparados		Croquetas de jamón ibérico 295 g
preparados		Croquetas de jamón ibérico 400 g (La Cocinera)
preparados		Croquetas de jamón ibérico AMEZTOI, bolsa 350 g
preparados		Croquetas de jamón ibérico EROSKI, bolsa 350 g
preparados		Croquetas de jamón ibérico LA COCINA DE SENÉN, caja 250 g
preparados		Croquetas de jamón serrano LA COCINERA, bolsa 500 g
preparados		Croquetas de pollo Dia Al Punto 400 g
preparados		Croquetas de pollo LA COCINERA, bolsa 500 g
preparados		Croquetas de pollo: sabrosas y rápidas (La Cocinera)
otros		Cruapán Bimbo 380 g.
chocolates		Cruesli de choco QUAKER, caja 375 g
frutos_secos		Crujiente de nueces pacanas caramelizadas - Cacahuetes picados (Prozis)
frutos_secos		Crujiente de nueces pacanas caramelizadas - Crujiente de nueces pacanas caramelizadas (Prozis)
frutos_secos		Crujiente de nueces pacanas caramelizadas - Nueces Trituradas (Prozis)
fiambres		Crujientes Bacon 20g (Noel)
embutidos		Crujientes Fuet 20g (Noel)
otros		Crunchy Chicken (ElPozo)
otros		Crunchy de gouda FRIPOZO, bolsa 300 g
pollo		Crunchy de pollo FRIPOZO, bolsa 300 g
frutas		Crunchy kisses cereza Fini 75 g
pescado		Crunchyx de merluza Pescanova sin gluten 400 g.
chocolates		Cuadraditos de cacao Dulcesol
leche		Cuadrado de nata Dulcesol
panaderia		Cuadrado relleno de moka Dulcesol
panaderia		Cuadrado relleno de trufa Dulcesol
chocolates		Cuadrados de cacao relleno sabor trufa Dulcesol 114 g
yogurt		Cuajada ROYAL, 16 raciones, caja 48 g
yogurt		Cuajada SANTI, tarro de barro 150 g
yogurt		Cuajada de oveja ULTZAMA, tarro 200 g
yogurt		Cuajada de oveja ULZAMA, tarro 130 g
yogurt		Cuajada de vaca KAIKU, pack 4x125 g
yogurt		Cuajada natural EROSKI, pack 4x125 g
yogurt		Cuajada sin azúcar Danone 2 x 135 g
pollo		Cuartos traseros de pollo
pollo		Cuartos traseros de pollo certificado alimentado con un 50% de maíz
snacks		Cubo Mini Fuets, el aperitivo ideal para compartir (Campofrío)
preparados		Curry DUCROS, frasco 42 g
preparados		Curry de lentejas Bonduelle 400 g
granos		Cuscus integral VERITAS, bolsa 500 g
suplementos		Cutgenic for Men (Prozis)
suplementos		Cutgenic for Women (Prozis)
suplementos		Cutting complex (Vitaminalia)
suplementos		Cysti Care * (Essential Series)
suplementos		Cápsulas MenoSure (Myvitamins)
suplementos		Cápsulas Precursoras de NAD+ NR (Myprotein)
suplementos		Cápsulas de Cardo Mariano 4 en 1 | Salud del hígado (Myprotein)
suplementos		Cápsulas de Cordyceps para el rendimiento (Myprotein)
suplementos		Cápsulas de Cordyceps para el rendimiento (Myvitamins)
suplementos		Cápsulas de Equilibrio Hormonal (Myvitamins)
suplementos		Cápsulas de apoyo al embarazo (Myvitamins)
suplementos		Cápsulas de apoyo al metabolismo y la glucosa (Myprotein)
cafe	bebida	Cápsulas de café cappuccino con aroma a caramelo Ubago 16 unidades
cafe	bebida	Cápsulas de café caramelo Dia Arom'arte 10 unidades
cafe	bebida	Cápsulas de café choco cookies Dia Arom'arte 10 unidades
cafe	bebida	Cápsulas de café cocoa & hazelnut Dia Arom'arte 10 unidades
cafe	bebida	Cápsulas de café con leche Marcilla 16 unidades
cafe	bebida	Cápsulas de café con leche intenso Dolce Gusto 16 unidades
cafe	bebida	Cápsulas de café cortado Dia Cafetería 16 unidades
cafe	bebida	Cápsulas de café sabor vainilla & macadamia Dia Arom'arte 10 unidades
suplementos		Cápsulas de chitosán Vivisima+ 50 unidades
suplementos		Cápsulas de cola caballo Vivisima+ 50 unidades
suplementos		Cápsulas de concentración de Melena de León (Myprotein)
suplementos		Cápsulas de concentración de Melena de León (Myvitamins)
suplementos		Cápsulas de extracto de arándano rojo (Myvitamins)
suplementos		Cápsulas de vitamina C 180CAPSULES (Myvitamins)
suplementos		Cápsulas de vitamina C 60CAPSULES (Myvitamins)
suplementos		Cápsulas de vitamina D3 y K2 30CAPSULES (Myvitamins)
suplementos		Cápsulas de vitamina D3 y K2 90CAPSULES (Myvitamins)
suplementos		Cápsulas para cabello, uñas y piel Vivisima+ 50 unidades
suplementos		Cápsulas para dormir (Myvitamins)
aceitunas		Cóctel de encurtidos inferno Sarasa 180 g
otros		Cóctel gourmet Perezsol 2,2 kg.
especias		Cóctel tostado sin sal FRIT RAVICH, bolsa 110 g
suplementos		Cúrcuma Bio 150 g Doypack Superalimentos Drasanvi
suplementos		D-AA (ácido D-aspártico) 1000mg complex (Essential Series)
suplementos		D-chiro inositol 100mg (Essential Series)
suplementos		D-glucarato de calcio 500mg (Essential Series)
suplementos		D-manosa 500mg (Essential Series)
mariscos		DELFÍN Cangrejo rojo de río cocido DELFÍN 500 g.
suplementos		DIABLO (bigsuplements)
suplementos		DIABLO [ ] (bigsuplements)
suplementos		DRY DIURETIC (bigsuplements)
quesos		Dados de queso para ensalada Dia Láctea 100 g
pescado		Dados de salmón La Mar de Tapas 100 g
pescado		Dados de salmón ahumado DOMINGUEZ, sobre 95 g
suplementos		Daily two multivitamínico (Essential Series)
suplementos		Daily two multivitamínico (sin hierro ni yodo) (Essential Series)
suplementos		Dairyzymes** (mezcla de enzimas) (Essential Series)
postres		Dalky duo LA LECHERA, pack 4x90 g
postres		Dalky sabor flan con nata LA LECHERA, pack 4x100 g
chocolates		Danone Duo Pepitas de Chocolate - Danone
yogurt		Danonino Maxi Petit sabor fresa DANONE, pack 4x100 g
yogurt		Danonino Petit sabor fresa-plátano DANONE, pack 6x50 g
suplementos		Deli syrup - Fitkat (Quamtrax)
cerdo		Delicatapas lomo ibérico cebo 50% raza ib.IGLESIAS, sobre 40 g
otros		Delicias Ibericas Leg (ElPozo)
otros		Delicias a la romana EROSKI BASIC, bolsa 400 g
cerdo		Delicias de jamón y queso (La Cocinera)
cerdo		Delicias de jamón-queso EROSKI, bandeja aprox. 350 g
quesos		Delicias de york-queso GESALAGA, al peso, compra mínima 250 g
instantanea		Deliciosa sopa de pescado fácil de hacer (La Cocinera)
chocolates		Delicioso chocolate blanco con fresas Zero: ¡Compra hoy! (Torras)
otros		Deliciosos san jacobos rápidos de preparar (La Cocinera)
cerdo		Delizias de lomo curado NOEL, bandeja 120 g
cerdo		Delizias elaboradas con jamón ibérico ELPOZO LEGADO, sobre 130 g
suplementos		Depurativo natural Liver Cleanse – Amix™
suplementos		Desayuno perfecto - pack 1 (HSN Packs)
suplementos		Dextrina cíclica (Myprotein)
suplementos		Dextrosa - Neutro Dextrosa (Prozis)
suplementos		Dextrosa en polvo Dextrose Powder (Raw Series)
suplementos		Dht-block Care * (Essential Series)
verduras		Dientes de ajo en aceite de oliva EROSKI, frasco 80 g
suplementos		Diet Aid (Myvitamins)
chocolates		Diet Meal Vitobest - Chocolate
suplementos		DigeZyme® 200mg (Essential Series)
galletas		Digestive Biscuit Crumble Topping - Caramelo crujiente (Prozis)
galletas		Digestive avena choco 0% azúcares añadidos Florbu 245 g
bebidas	bebida	Dilyte bebida isotónica hidrante con electrolitos sabor blueberry botella 65 cl.
suplementos		Diosmina complex 450mg (Essential Series)
pescado		Discos de bacalao ahumado DOMINGUEZ, sobre 90 g
suplementos		Diuretix (Quamtrax)
otros		Divinas del mar EROSKI BASIC, bandeja 200 g
leche	bebida	Doble crema leche y avellanas Dulcesol
otros		Donettes clásicos DONETTES, 8 uds, paquete 152 g
otros		Donettes rayados DONETTES, 8 uds, paquete 176 g
panaderia		Donuts glacé DONUTS, 4 uds, paquete 208 g
panaderia		Donuts glacé DONUTS, 6 uds, paquete 312 g
panaderia		Donuts sabor fresa sin gluten TINY, caja 111 g
panaderia		Doracaos Dulcesol
pescado		Dorada ASC Dia Mari Marinera 180 g
pescado		Dorada a la bilbaína con patatas GIRALDO, bandeja 300 g
otros		Doritos Bits original barbacoa 40 g
otros		Doritos Bits tex mex 35 g
galletas		Double Creamy Protein Cookies (12 packs of 4) - Chocolate & Hazelnut Cream - Avellanas y chocolate blanco 12 x (Prozis)
galletas		Double Creamy Protein Cookies (12 packs of 4) - Chocolate & Hazelnut Cream - Galletas y crema 12 x (Prozis)
galletas		Double Creamy Protein Cookies (12 packs of 4) - Chocolate & Hazelnut Cream - Lemon Pie 12 x (Prozis)
chocolates		Drops of white chocolate (Valor)
otros		Dulce de batata Márdel sin gluten 370 g.
leche	bebida	Dulce de leche Arequipe 250 g.
untables		Dulce de membrillo Classic´ Carrefour 230 g.
untables		Dulce de membrillo EROSKI basic, tarrina 400 g
untables		Dulce de membrillo QUIJOTE, tarrina 250 g
frutas		Dulce de naranja y mandarina PAIARROP, frasco 40 g
galletas		Dunky Zero - Mr.Popper‘s® - BLACK COOKIE Y CHOCOLATE NEGRO (MR POPPER´S)
otros		Duo sticks barquillos rellenos (Food Series)
frutas		Dátil Entero Bio 200 g Ecosana (Drasanvi)
frutas		Dátil Medjoul EROSKI, tarrina 215 g
frutas		Dátil con nueces, maridaje quesos PAIARROP, cuña 100 g
frutas		Dátil sin hueso EROSKI, tarrina 250 g
frutas		Dátiles Frit Ravich 500 g
frutas		Dátiles sin hueso ecológicos Paño Naturae sin gluten doy pack 250 g
chocolates		Dúo Chocolate Negro & Con Leche y Brownie (Valor)
chocolates		Dúo Chocolate con Leche & Blanco y Caramelo con un Toque de Sal (Valor)
chocolates		Dúo Chocolate con Leche & Blanco y Cookies (Valor)
verduras		Dúo de canónigos y rúcula EROSKI, bolsa 100 g
suplementos		EAA M.A.P. / Arándano (Quamtrax)
suplementos		EAA M.A.P. / Caribbean cooler (Quamtrax)
suplementos		EAA M.A.P. / Cereza (Quamtrax)
suplementos		EAA M.A.P. / Fruit punch (Quamtrax)
suplementos		EAA M.A.P. / Lima limón (Quamtrax)
suplementos		EAA M.A.P. / Mango (Quamtrax)
suplementos		EAA M.A.P. / Piña colada (Quamtrax)
suplementos		EAA M.A.P. / Sandía (Quamtrax)
suplementos		EGCG complex (Essential Series)
fiambres		EL POZO Mortadela siciliana sin gluten, cortada en lonchas 225 g.
cerveza	bebida	EL ÁGUILA Cerveza sin filtrar botella 33 cl.
bebidas_lata	bebida	ENERGY DRINK - Bebida Energética Rápido Aporte de Energía - Frutos Rojos (226ERS)
bebidas_lata	bebida	ENERGY DRINK - Bebida Energética Rápido Aporte de Energía - Limón (226ERS)
bebidas_lata	bebida	ENERGY DRINK - Bebida Energética Rápido Aporte de Energía - Mandarina (226ERS)
bebidas_lata	bebida	ENERGY DRINK LEMON - Bebida Energética Monodosis (226ERS)
panaderia		ENSAIMADAS 4U (Dulcesol)
bebidas	bebida	EST-ENERGY SHOT STICK - Blue energy zero no caffeine (226ERS)
soja		Edamame bipack CICADOS, pack 2x130 g
dulces		Edulcorante BAQUÉ, caja 60 sobres
suplementos		Edulcorante Classic comprimidos Natreen 400 ud.
dulces		Edulcorante Eritritol y Sucralosa Hacendado
dulces		Edulcorante NATREEN Stevia, caja 50 g
dulces		Edulcorante NATREEN Stevia, dosificador 120 uds.
dulces		Edulcorante Natreen 400 unidades
dulces		Edulcorante Stevia granulado en sobres Natreen 50 ud.
dulces		Edulcorante con eritritol y stevia - Fórmula en polvo - Neutro (Prozis)
dulces		Edulcorante con fibra FORTALEZA, caja 50 sobres
suplementos		Edulcorante en comprimidos NATREEN, dosificador 400 uds
dulces		Edulcorante stevia Dia 150 unidades
dulces		Edulcorante stevia en polvo Dia 200 g
suplementos		Edulcorate con extracto de estevia en comprimidos Classic Carrefour 100 ud.
suplementos		Electrolitos E-Lite Liquid Electrolytes - Amix Performance - ARÁNDANOS
suplementos		Electrolitos E-Lite Liquid Electrolytes - Amix Performance - ARÁNDANOS / 20*
suplementos		Electrolitos E-Lite Liquid Electrolytes - Amix Performance - NARANJA
suplementos		Electrolitos E-Lite Liquid Electrolytes - Amix Performance - NARANJA / 20*
embutidos		Embutido blanco
embutidos		Embutido surtido oreado
preparados		Empanada de atún
preparados		Empanada de pollo cremoso El Molino de Dia 500 g
preparados		Empanada gourmet de atún El Mercado 1 kg
preparados		Empanada hojaldre de carne El Mercado 600 g
preparados		Empanada rectangular de pollo con champiñones El Mercado 700 g
preparados		Empanada rectangular vegana El Mercado 700 g
preparados		Empanada rellena de pollo y setas con crema de queso
preparados		Empanadas de cebolla caramelizada con queso de cabra y nueces al horno Aloloco 160 g.
preparados		Empanadillas de atún Carrefour 500 g.
preparados		Empanadillas de atún EROSKI, bolsa 500 g
preparados		Empanadillas de carne Recetas Artesanas La Cocinera 312 g.
preparados		Empanadillas de carne: listas en horno en 10 minutos (La Cocinera)
preparados		Empanadillas mini de atún LA COCINERA, caja 450 g
carne_vegetal		Empanado Vegetariano (Garden Gourmet)
otros		Emperador marinado aromatizado
suplementos		Empiezo hoy - pack 2 (HSN Packs)
suplementos		Endulzante Blanco Zero (Vitobest)
suplementos		Endulzante Moreno Zero 200 g Zero (Vitobest)
otros		Endulzante de stevia 0 calorías Truvia 40 unidades
frutas		Endurance ATP Extreme (Polvo) - Manzana (Vitobest)
frutas		Endurance ATP Extreme (Polvo) - Sandía (Vitobest)
frutas		Endurance ATP Extreme (Sobres) - Manzana (Vitobest)
frutas		Endurance ATP Extreme (Sobres) - Sandía (Vitobest)
frutas		Endurance Hypotonic Hydration - Limón (Vitobest)
frutas		Endurance Hypotonic Hydration - Naranja (Vitobest)
suplementos		Endurance Recovery Total (Vitobest)
bebidas_lata	bebida	Endurance Recovery Total - Cola (Vitobest)
frutas		Endurance Recovery Total - Sandía (Vitobest)
suplementos		Endurance Recovery Total - Vainilla (Vitobest)
suplementos		Endurance Sport Drink (Vitobest)
frutas		Endurance Sport Drink - Limón (Vitobest)
frutas		Endurance Sport Drink - Naranja (Vitobest)
frutas		Endurance Ultra Fast Recovery - Fresa (Vitobest)
frutas		Endurance Ultra Fast Recovery - Limón (Vitobest)
frutas		Endurance Ultra Fast Recovery - Naranja (Vitobest)
suplementos		Energreens (Essential Series)
alcohol	bebida	Energy Charge - Preentrenamiento - Mojito (Prozis)
barrita		Energy Choco Crunch Bar x 12 - Chocolate blanco 12 x (Prozis)
barrita		Energy Choco Crunch Bar x 12 - Chocolate con leche 12 x (Prozis)
barrita		Energy Choco Crunch Bar x 12 - Chocolate negro 12 x (Prozis)
barrita		Energy Crunch Bar x 12 - Galleta 12 x (Prozis)
barrita		Energy Crunch Bar x 12 - Pepitas de Chocolate Negro 12 x (Prozis)
bebidas	bebida	Energy Electrolytes (Prozis)
bebidas	bebida	Energy IsoCarb - Isotonic Drink - Lima-Limón (Prozis)
bebidas	bebida	Energy Ultra Recovery - Limón (Prozis)
bebidas	bebida	Energy bar flapjack (Food Series)
bebidas	bebida	Energy bar flapjack (choco, berries & almonds) (Food Series)
bebidas	bebida	Energy gel · Guaraná - Unidad / Lima limón (Quamtrax)
bebidas	bebida	Energy paleo bar (Food Series)
bebidas	bebida	Energy sin azúcar ni gelatina VITALDIN, 30 uds, bote 74 g
bebidas_lata	bebida	Energético ATP Energy – Amix™
bebidas_lata	bebida	Energético Champion Sport Fuel – Amix™ - LIMA-LIMÓN
bebidas_lata	bebida	Energético CoffiTime – Amix™
bebidas_lata	bebida	Energético ultra white MONSTER pack 4x50 cl
bebidas_lata	bebida	Eneryeti Bebida Energética sabor original lata 50 cl.
panaderia		Ensaimada EROSKI, paquete 330 g
panaderia		Ensaimadas El Molino de Dia 220 g
verduras		Ensalada 4 estaciones EROSKI, bolsa 250 g
verduras		Ensalada Antiox - Productos Florette
verduras		Ensalada China EROSKI, frasco 180 g
verduras		Ensalada Completa American Style - Ensaladas Florette
verduras		Ensalada Completa Gourmet - Florette
verduras		Ensalada Completa Mixta - Productos Ensalada Florette
pasta		Ensalada Completa Pasta Integral - Florette
pescado		Ensalada Completa Patata, Atún & Huevo - Florette
verduras		Ensalada Completa Pollo y huevo - Florette
verduras		Ensalada Completa Sabores del mundo: Japón - Florette
verduras		Ensalada Completa Xtreme! Pollo Crispy - Florette
verduras		Ensalada Completa Xtreme! Pollo Tex Mex - Florette
verduras		Ensalada César EROSKI, bowl 205 g
verduras		Ensalada Foodie de alubias (Calvo)
verduras		Ensalada Foodie de garbanzos (Calvo)
verduras		Ensalada Foodie de lentejas (Calvo)
pasta		Ensalada Foodie de pasta (Calvo)
verduras		Ensalada Gourmet EROSKI, bolsa 175 g
verduras		Ensalada Gourmet Maxi EROSKI, bolsa 320 g
verduras		Ensalada Gourmet Original - Productos Florette
verduras		Ensalada Louisiana Dia Al Punto 240 g
verduras		Ensalada Mediterránea EROSKI, frasco 180 g
verduras		Ensalada Mezcla 4 Estaciones - Productos Florette
verduras		Ensalada Mezclum - Productos Florette
verduras		Ensalada Monoprodcuto Iceberg - Productos Florette
verduras		Ensalada Origen - Florette
verduras		Ensalada Tokyo Dia Al Punto 250 g
verduras		Ensalada arroz con palitos mar CARRETILLA, bol 240 g
verduras		Ensalada china Classic Carrefour 250 g.
verduras		Ensalada completa Pollo y Quinoa - Florette
verduras		Ensalada de brotes tentación EROSKI, bolsa 70 g
verduras		Ensalada de garbanzos y verduras Dia Vegecampo 370 g
pasta		Ensalada de pasta con atún Carretilla 240 g.
pasta		Ensalada de pasta con jamón CARRETILLA, bol 240 g
pasta		Ensalada de pasta y rúcula Florette 325 g
pasta		Ensalada de pasta-pavo EROSKI, bowl 200 g
verduras		Ensalada de pimientos Alsur 355 g
verduras		Ensalada de pimientos del piquillo en tiras con cebolla Carrefour pack de 2 unidades 180 g.
verduras		Ensalada gourmet Carrefour El Mercado 200 g
verduras		Ensalada gourmet con nueces y queso de cabra Florette 175 g
verduras		Ensalada palitos de cangrejo con piña CARRETILLA, bold 220 g
verduras		Ensalada rusa con atún (Calvo)
verduras		Ensalada tierna Dia Vegecampo 125 g
verduras		Ensaladilla EROSKI, bolsa 1 kg
verduras		Ensaladilla FINDUS, bolsa 850 g
verduras		Ensaladilla Findus 800 g
verduras		Ensaladilla rusa Carretilla sin gluten sin aceite de palma 240 g.
verduras		Ensaladilla rusa El Mercado 800 g
verduras		Ensaladilla rusa ISABEL, bol 220 g
verduras		Ensaladilla rusa grande Listo para Comer
cerdo		Entrecot de lomo de cerdo ibérico marinado Legado Ibérico 300 g
res		Entrecot de vacuno angus
res		Entrecot de vacuno añojo
dulces		Entrelazados con cobertura de azúcar Glass García Leñero 200 g
proteina		Entrenos Intra Training (Vitobest)
proteina		Entrenos Intra Training - Frutas Del Bosque (Vitobest)
proteina		Entrenos Intra Training - Limón (Vitobest)
suplementos		Entrenos NoPain (Vitobest)
bebidas_lata	bebida	Entrenos NoPain - Cola (Vitobest)
frutas		Entrenos NoPain - Limón (Vitobest)
suplementos		Entrenos NoPain - Menta Eucalipto (Vitobest)
suplementos		Entrenos Post Training (Vitobest)
frutas		Entrenos Post Training - Frutas Del Bosque (Vitobest)
frutas		Entrenos Post Training - Limón (Vitobest)
proteina		Entrenos Pre Training (Vitobest)
proteina		Entrenos Pre Training - Frutas Del Bosque (Vitobest)
proteina		Entrenos Pre Training - Limón (Vitobest)
suplementos		Enzima de papaya (200mg papaína) Enzyme Papain (Essential Series)
bebidas	bebida	Eristoff blue botella 27,5 cl.
suplementos		Eritritol Bio 500 g Keto Drasanvi
suplementos		Eritritol Polvo Bio 450 g Ecosana (Drasanvi)
otros		Escalope cordon bleu LA COCINERA, caja 376 g
res		Escalopines de vacuno Selección de Dia 400 g aprox.
cerdo		Escalopín de jamón de cerdo (Noel)
cerdo		Escalopín de lomo marinado Elpozo Extratiernos 600 g aprox.
otros		Escamas de grana padano EROSKI SELEQTIA, bolsa 100 g
especias		Escamas de sal marina Maldon 125 g
pasta		Espaguetis a la carbonara Selección de Dia 350 g
pasta		Espaguetis sin gluten Dia Al Diante 500 g
pasta		Espaguetis sin gluten Gallo 450 g
verduras		Esparrago blanco extra grueso 5/7 Ferba 345 g.
suplementos		Especial veganos - pack 1 (HSN Packs)
suplementos		Especiales Caffeine 200 (Vitobest)
suplementos		Especiales DigesTyme (Vitobest)
suplementos		Especiales Lactoferrin 200 (Vitobest)
suplementos		Especiales NAD+ & Pterostilbene (Vitobest)
suplementos		Especiales NADH+D-Ribose (Vitobest)
suplementos		Especiales PMS Forte (Vitobest)
suplementos		Especiales PQQ (Vitobest)
suplementos		Especiales ProstaBest (Vitobest)
suplementos		Especiales Quelation (Vitobest)
suplementos		Especiales SAMe (Vitobest)
suplementos		Especiales SLD (Vitobest)
suplementos		Especiales TensioBest (Vitobest)
suplementos		Especiales Thyroid Support (Vitobest)
suplementos		Especiales pH Total Control (Vitobest)
especias		Especialidad de manzanas y canela con trozos Andros pack de 4 unidades de 100 g.
granos		Espelta Grano Bio 5 kg Ecosana (Drasanvi)
granos		Espelta Hinchada Bio 200 g Ecosana (Drasanvi)
untables		Espelta Hinchada Miel Bio 300 g Ecosana (Drasanvi)
chocolates		Espelta Hinchada con Chocolate Bio 300 g Ecosana (Drasanvi)
granos		Espelta Inflada con Miel - Arroz integral Puffs (Prozis)
untables		Espelta Inflada con Miel - Espelta con miel Puffs (Prozis)
suplementos		Espermidina 2,5mg Spermidine (Essential Series)
verduras		Espinaca EROSKI, frasco 425 g
verduras		Espinaca en polvo Spinach Powder (Essential Series)
verduras		Espinacas a la crema CN, bolsa 450 g
verduras		Espinacas a la crema FINDUS Salto, bolsa 450 g
verduras		Espinacas al ajillo Findus 450 g.
verduras		Espinacas cortadas Dia Vegecampo 450 g
verduras		Espinacas cortadas Findus 400 g
verduras		Espinacas en hojas Carrefour 400 g.
verduras		Espinacas sin sal añadida Carrefour 425 g.
cerdo		Espinazo de cerdo
cerdo		Espinazo de cerdo salado Carrefour 300 g aprox
pasta		Espirales 100% de lenteja roja Dia Al Diante 250 g
pasta		Espirales 3 sabores PASTAS ROMERO, paquete 500 g
bebidas	bebida	Espirituoso TRIUNFADOR, botella 1 litro
suplementos		Espirulina 1000mg (Essential Series)
bebidas	bebida	Espumoso Brut Nature Reserva D.O.C. Rioja PIÉROLA, botella 75 cl
bebidas	bebida	Espumoso Spritz CHANDON GARDEN, botella 75 cl
bebidas	bebida	Espumoso blanco Bottega 0 alcohol 75 cl.
bebidas	bebida	Espumoso sin alcohol FREIXENET, botella 75 cl
bebidas	bebida	Espumoso sin alcohol VALL D'LLUNA, botella 75 cl
verduras		Espárrago 1ª 6/10 piezas PEDRO LUIS, lata 425 g
verduras		Espárrago extra IGP Navarra 6/8 piezas EROSKI, lata 220 g
verduras		Espárrago frasco verde carretilla 9/33 190 g.
verduras		Espárrago grueso 8/12 piezas EROSKI, frasco 205 g
verduras		Espárrago grueso CARRETILLA, frasco 110 g
verduras		Espárrago grueso IGP Navarra 9/12 piezas EROSKI, frasco 325 g
verduras		Espárrago verde entero FINDUS, bolsa 200 g
verduras		Espárrago verde entero Findus 200 g.
verduras		Espárragos blancos 6/9 piezas Destapa la Huerta 205 g
verduras		Espárragos blancos 6/9 piezas Destapa la Huerta 325 g
verduras		Espárragos blancos Carretilla 150 g
verduras		Espárragos blancos extra muy grueso Bujanda 205 g
verduras		Espárragos blancos gruesos bajo contenido en sal Carrefour 205 g.
verduras		Espárragos blancos muy gruesos 6/12 piezas Dia Vegecampo 325 g
verduras		Espárragos blancos muy gruesos 9/16 Classic Carrefour 325 g.
verduras		Espárragos verdes delgados Dia Vegecampo 100 g
suplementos		Essential Multivitamin (Prozis)
proteina		Essential Whey Protein Crema de Fresas (Myprotein)
pavo		Estofado de pavo al ajillo EROSKI, bandeja aprox. 400 g
otros		Estrellitas EROSKI, paquete 500 g
suplementos		Estroblock Care * (Essential Series)
cerdo		Estuche de Jamón de Cebo Ibérico 50% Raza Ibérica en lonchas IberSierra sin gluten y sin lactosa 3 sobres de 60 g
cerdo		Estuche de Jamón de Cebo Ibérico 50% Raza Ibérica en lonchas Navidul pack de 4 sobres de 40 g
otros		Estuche de surtido de ibéricos en lonchas Navidul pack de 4 sobres de 40 g
suplementos		Evo 2:1:1 (BCAA's 2:1:1 + vitaminas B6 y B12) Bcaas Vit (Sport Series)
suplementos		Evo 2:1:1 (BCAA's 2:1:1 + vitaminas B6 y B12) Bcaas Vit 120 Coat Tabs (Sport Series)
suplementos		Evo 4:1:1 (BCAA's 4:1:1 + vitaminas B6 y B12) Bcaas (Sport Series)
suplementos		Evo 4:1:1 (BCAA's 4:1:1 + vitaminas B6 y B12) Bcaas 120 Coated Tabs (Sport Series)
suplementos		Evo 4:1:1 (BCAA's 4:1:1 + vitaminas B6 y B12) Bcaas Vit (Sport Series)
suplementos		EvoBCAA's complex en polvo Apple (Sport Series)
suplementos		EvoBCAA's complex en polvo Blackcurrant (Sport Series)
suplementos		EvoBCAA's complex en polvo Evobcaa Apple (Sport Series)
suplementos		EvoBCAA's complex en polvo Evobcaa Blackcurrant (Sport Series)
suplementos		EvoBCAA's complex en polvo Watermelon (Sport Series)
bebidas	bebida	EvoEAA's energy Apple (Sport Series)
bebidas	bebida	EvoEAA's energy Evoeaas Apple (Sport Series)
bebidas	bebida	EvoEAA's energy Evoeaas Drink (Sport Series)
bebidas	bebida	EvoEAA's energy Evoeaas Lemon (Sport Series)
bebidas	bebida	EvoEAA's energy Evoeaas Orange (Sport Series)
bebidas	bebida	EvoEAA's energy Fruit Punch (Sport Series)
bebidas	bebida	EvoEAA's energy Lemon (Sport Series)
bebidas	bebida	EvoEAA's energy Watermelon (Sport Series)
suplementos		EvoHMB 1000mg 120 Coated Tabs (Sport Series)
suplementos		EvoHMB 1000mg 30 Coated Tabs (Sport Series)
suplementos		EvoRDX 2.0 - pack degustación (HSN Packs)
suplementos		EvoRDX 2.0 Apple (Sport Series)
suplementos		EvoRDX 2.0 Blackcurrant (Sport Series)
suplementos		EvoRDX 2.0 Blood Orange (Sport Series)
suplementos		EvoRDX 2.0 Blue Raspberry (Sport Series)
bebidas_lata	bebida	EvoRDX 2.0 Cola (Sport Series)
bebidas	bebida	EvoRDX 2.0 Energy Drink (Sport Series)
suplementos		EvoRDX 2.0 Fruit Punch (Sport Series)
suplementos		EvoRDX 2.0 Lemon (Sport Series)
te	bebida	EvoRDX 2.0 Lemon Ice Tea (Sport Series)
suplementos		EvoRDX 2.0 Orange (Sport Series)
te	bebida	EvoRDX 2.0 Peach Ice Tea (Sport Series)
suplementos		EvoRDX 2.0 Raspberry (Sport Series)
suplementos		EvoZMA (Sport Series)
suplementos		EvoZMA Evo Zma (Sport Series)
barrita		Evobars pro+ protein bars (Sport Series)
barrita		Evobars protein bars (Sport Series)
proteina		Evobasic whey Italian Cappuccino (Sport Series)
suplementos		Evobeast - pack degustación (HSN Packs)
suplementos		Evobeast Blackcurrant (Sport Series)
bebidas	bebida	Evobeast Energy (Sport Series)
suplementos		Evobeast Fruit Punch (Sport Series)
suplementos		Evobeast Lemon (Sport Series)
frutas		Evobeast Mango (Sport Series)
suplementos		Evobeast Orange (Sport Series)
suplementos		Evobeef 2.0 (hidrolizado de carne) + leucina extra Chocolate Caramel (Sport Series)
suplementos		Evoblocker (Sport Series)
suplementos		Evobolic (Sport Series)
suplementos		Evobomb (Sport Series)
suplementos		Evobomb - pack degustación (HSN Packs)
suplementos		Evobomb Apple (Sport Series)
suplementos		Evobomb Blue Raspberry Lemonade (Sport Series)
suplementos		Evobomb Exotic Fruits (Sport Series)
suplementos		Evobomb Lemon (Sport Series)
frutas		Evobomb Mango (Sport Series)
alcohol	bebida	Evobomb Mojito (Sport Series)
suplementos		Evobomb Orange (Sport Series)
suplementos		Evobomb Pear (Sport Series)
suplementos		Evobomb Strawberry (Sport Series)
suplementos		Evobomb Tropical (Sport Series)
suplementos		Evobrain (Sport Series)
suplementos		Evoburn (Sport Series)
suplementos		Evoburn (sin estimulantes) Sf (Sport Series)
suplementos		Evoburn (sin estimulantes) Sf 240 Vc (Sport Series)
suplementos		Evoburn (sin estimulantes) Sf 30 Vc (Sport Series)
panaderia		Evocakes 2.0 (tortitas proteicas) Neutral Sport Series
panaderia		Evocakes vegan (tortitas proteicas) Red Berries (Sport Series)
suplementos		Evocarbs 2.0 Blackcurrant (Sport Series)
proteina		Evocasein 2.0 (caseína micelar + DigeZyme®) Banana (Sport Series)
suplementos		Evocasein 2.0 - pack degustación (HSN Packs)
proteina		Evoclear gainer Pineapple (Sport Series)
suplementos		Evoclear hydro Apple (Sport Series)
suplementos		Evoclear hydro vegan - pack degustación (HSN Packs)
suplementos		Evoclear hydro vegan Apple (Sport Series)
suplementos		Evodextrin - pack degustación (HSN Packs)
suplementos		Evodextrin Apple (Sport Series)
cafe	bebida	Evodiet vegan Caffe Latte (Sport Series)
suplementos		Evodren (Sport Series)
huevo		Evoegg 2.0 (albúmina de huevo) - pack degustación (HSN Packs)
huevo		Evoegg 2.0 (albúmina de huevo) Caribbean Vanilla (Sport Series)
suplementos		Evoendurance - pack degustación (HSN Packs)
suplementos		Evoendurance Pineapple (Sport Series)
suplementos		Evoenergy Maxigel con cafeína Caffeine Lemon (Sport Series)
suplementos		Evoenergy gel con cafeína (Sport Series)
suplementos		Evoenergy gel x15 - pack degustación (HSN Packs)
barrita		Evoenergy gummy bar sin cafeína Orange Caffeine Free (Sport Series)
bebidas	bebida	Evoenergy hydrogel con cafeína Energy Caffeine Neutral (Sport Series)
suplementos		Evoepic muscle (Sport Series)
proteina		Evoexcel (whey protein isolate + concentrate) 2 Chocolate (Sport Series)
proteina		Evoexcel sin edulcorantes (whey protein isolate + concentrate) No Sweeteners Chai Tea Latte (Sport Series)
suplementos		Evoflex (glucosamina, condroitina y MSM) (Sport Series)
suplementos		Evoflex (glucosamina, condroitina y MSM) 240 Coat Tabs (Sport Series)
suplementos		Evoflex (glucosamina, condroitina y MSM) 30 Coat Tabs (Sport Series)
suplementos		Evofuel - pack degustación (HSN Packs)
suplementos		Evofuel Blackcurrant (Sport Series)
suplementos		Evofuel Blue Raspberry (Sport Series)
suplementos		Evofuel Blue Raspberry 04 (Sport Series)
suplementos		Evofuel Fruit Punch (Sport Series)
suplementos		Evofuel Watermelon (Sport Series)
barrita		Evogummy recovery gummy bar (Sport Series)
chocolates		Evohydro 30HD Chocolate (Sport Series)
proteina		Evokalyn creatina alcalina (Sport Series)
proteina		Evokalyn creatina alcalina Creatine (Sport Series)
proteina		Evolate 2.0 (whey isolate CFM) Chocolate Wafer Kg (Sport Series)
zumo	bebida	Evolate 2.0 sin edulcorantes (whey isolate CFM) No Sweeteners Berry Smoothie (Sport Series)
suplementos		Evolean complex (Sport Series)
suplementos		Evolus-95 (Tribulus terrestris 95%) (Sport Series)
suplementos		Evolytes (sales de electrolitos) (Sport Series)
suplementos		Evolytes en polvo Powder (Sport Series)
suplementos		Evolytes en polvo Powder Orange (Sport Series)
suplementos		Evolytes en polvo Powder Peach (Sport Series)
suplementos		Evolytes en polvo Powder Raspberry Pineapple (Sport Series)
suplementos		Evolytes plus+ (sales de electrolitos) + cafeína (Sport Series)
frutas		Evolytes ultra Mango (Sport Series)
suplementos		Evolytes ultra Neutral Flavour (Sport Series)
suplementos		Evolytes ultra Orange (Sport Series)
suplementos		Evolytes ultra Raspberry Pineapple (Sport Series)
suplementos		Evomass 2.0 (ganador de peso) - pack degustación (HSN Packs)
suplementos		Evomass 2.0 (ganador de peso) Peanut Caramel (Sport Series)
chocolates		Evomeal 2.0 (sustituto de comida) Chocolate (Sport Series)
chocolates		Evomeal 2.0 (sustituto de comida) vegan Chocolate (Sport Series)
suplementos		Evompic (Sport Series)
proteina		Evonative casein (Lacprodan® MicelPure™) - pack degustación (HSN Packs)
proteina		Evonative casein (Lacprodan® MicelPure™) Hazelnut Chocolate Bonbon (Sport Series)
proteina		Evonative whey - pack degustación (HSN Packs)
proteina		Evonative whey Caribbean Vanilla (Sport Series)
suplementos		Evootropic (Sport Series)
suplementos		Evopept 2.0 (PeptoPro®) Cherry (Sport Series)
proteina		Evopro (mezcla proteínas premium) + DigeZyme® - pack degustación (HSN Packs)
proteina		Evopro (mezcla proteínas premium) + DigeZyme® Biscuit (Sport Series)
proteina		Evopro vegan (mezcla proteínas premium) + DigeZyme® - pack degustación (HSN Packs)
proteina		Evopro vegan (mezcla proteínas premium) + DigeZyme® Salted Caramel (Sport Series)
suplementos		Evoptogen (Sport Series)
suplementos		Evopump (Sport Series)
suplementos		Evopump en polvo Powder Blackcurrant (Sport Series)
suplementos		Evopump en polvo Powder Fruit Punch (Sport Series)
suplementos		Evorecovery caps (Sport Series)
suplementos		Evorecovery en polvo Blackcurrant (Sport Series)
suplementos		Evoripped (Sport Series)
suplementos		Evostamina - pack degustación (HSN Packs)
suplementos		Evostamina Blackcurrant (Sport Series)
bebidas_lata	bebida	Evostamina Cola (Sport Series)
suplementos		Evostamina Fruit Punch (Sport Series)
te	bebida	Evostamina Peach Iced Tea (Sport Series)
suplementos		Evosterone (Sport Series)
suplementos		Evotonic Neutral Flavour (Sport Series)
suplementos		Evovits (multivitamínico) (Sport Series)
suplementos		Evovits plus+ (multivitamínico) (Sport Series)
suplementos		Evowhey & oats Vanilla (Sport Series)
proteina		Evowhey protein Prot Banoffee (Sport Series)
cafe	bebida	Expresso KAIKU Caffe Latte, vaso 230 ml
suplementos		Extracto de Boswellia serrata (15:1) 340mg (Boswellin®) (Essential Series)
suplementos		Extracto de Boswellia serrata (20:1) 500mg (Essential Series)
suplementos		Extracto de Cordyceps (8:1) 500mg (Myco Nutrition)
suplementos		Extracto de Dong Quai (8:1) 300mg Extract (Essential Series)
suplementos		Extracto de Garcinia cambogia (6:1) 500mg (Essential Series)
suplementos		Extracto de Garcinia mangostana (70:1) 400mg (Essential Series)
suplementos		Extracto de Ginkgo biloba (50:1) 120mg (Essential Series)
suplementos		Extracto de Gymnema sylvestre (15:1) 300mg (Essential Series)
suplementos		Extracto de Mucuna pruriens (10:1) 500mg Extract (Essential Series)
suplementos		Extracto de Panax ginseng (35:1) 400mg (Essential Series)
suplementos		Extracto de Rhodiola rosea (5:1) 400mg Extract (Essential Series)
suplementos		Extracto de Té Verde Plus Comprimidos (Myvitamins)
suplementos		Extracto de acerola en polvo Extract Powder (Essential Series)
suplementos		Extracto de ajo negro (10:1) 500mg (Essential Series)
suplementos		Extracto de alcachofa (20:1) 500mg (Essential Series)
suplementos		Extracto de alubia blanca (12:1) 500mg (Essential Series)
suplementos		Extracto de amaranto Oxystorm® (50:1) 650mg (Essential Series)
suplementos		Extracto de amla (10:1) 500mg (Essential Series)
suplementos		Extracto de arándano 1400mg - 100 veg caps (Now Foods)
suplementos		Extracto de arándano rojo (20:1) 500mg (Essential Series)
suplementos		Extracto de avena sativa (10:1) 175mg Extract (Essential Series)
suplementos		Extracto de azafrán Affron® (3:1) (Essential Series)
suplementos		Extracto de açai berry (10:1) 500mg (Essential Series)
suplementos		Extracto de bacopa (25:1) 500mg (Essential Series)
suplementos		Extracto de bambú (15:1) 350mg (Essential Series)
suplementos		Extracto de banaba (10:1) 500mg (Essential Series)
cafe	bebida	Extracto de café verde (20:1) 500mg (Essential Series)
suplementos		Extracto de canela (30:1) 200mg (Essential Series)
suplementos		Extracto de cardo mariano (25:1) 450mg (Essential Series)
suplementos		Extracto de castaño de indias (20:1) 250mg Horse Chestnut Extract (Essential Series)
suplementos		Extracto de cayena (4:1) 500mg (Essential Series)
suplementos		Extracto de cohosh negro complex (5:1) 80mg (Essential Series)
bebidas_lata	bebida	Extracto de cola de caballo (4:1) 500mg (Essential Series)
suplementos		Extracto de cúrcuma (50:1) 650mg + BioPerine® (Essential Series)
suplementos		Extracto de cúrcuma (50:1) y bromelina plus Turmeric Extract Bromelain (Essential Series)
suplementos		Extracto de damiana (5:1) 500mg (Essential Series)
suplementos		Extracto de equinácea complex (10:1) 500mg (Essential Series)
suplementos		Extracto de espino blanco (10:1) 500mg (Essential Series)
suplementos		Extracto de fenogreco (10:1) 600mg (Essential Series)
suplementos		Extracto de gotu kola (65:1) 150mg Extract (Essential Series)
suplementos		Extracto de granada complex (50:1) 500mg (Essential Series)
suplementos		Extracto de guaraná (6:1) 400mg (Essential Series)
suplementos		Extracto de guaraná en polvo (6:1) (Essential Series)
suplementos		Extracto de harpagofito (25:1) 400mg (garra del diablo) (Essential Series)
suplementos		Extracto de hierba luisa (28:1) 400mg (Essential Series)
suplementos		Extracto de hinojo (20:1) 100mg (Essential Series)
suplementos		Extracto de hoja de olivo (25:1) 400mg (Essential Series)
suplementos		Extracto de holy basil 'albahaca sagrada' (10:1) 300mg Extract 120 Vc (Essential Series)
suplementos		Extracto de holy basil 'albahaca sagrada' (10:1) 300mg Extract 300 Mg 30 Vc (Essential Series)
suplementos		Extracto de jengibre (10:1) 500mg (Essential Series)
suplementos		Extracto de maca andina (10:1) 500mg Extract (Essential Series)
suplementos		Extracto de maca andina (10:1) 500mg Extract 500 Mg (Essential Series)
suplementos		Extracto de magnolia (18:1) 300mg (Essential Series)
suplementos		Extracto de mango africano (10:1) 400mg (Essential Series)
suplementos		Extracto de mastic gum (10:1) 500mg (Essential Series)
suplementos		Extracto de melena de león (15:1) 300mg Lions Mane Ext (Myco Nutrition)
suplementos		Extracto de melisa (15:1) 500mg (Essential Series)
suplementos		Extracto de melón amargo (10:1) 300mg Bitter Extract (Essential Series)
suplementos		Extracto de pimienta negra BioPerine® (50:1) 20mg (Essential Series)
suplementos		Extracto de pulmonaria complex (10:1) 500mg (Essential Series)
suplementos		Extracto de regaliz desglicirrizado (DGL) (10:1) 250mg (Essential Series)
suplementos		Extracto de reishi complex (15:1) 500mg (Myco Nutrition)
suplementos		Extracto de sauce blanco (34:1) 240mg (Essential Series)
suplementos		Extracto de saúco negro (10:1) 500mg (Essential Series)
suplementos		Extracto de triphala (6:1) 500mg Extract (Essential Series)
te	bebida	Extracto de té verde (25:1) 500mg (Essential Series)
suplementos		Extracto de té verde (26:1) en polvo (Essential Series)
suplementos		Extracto de uva ursi (6:1) 500mg (Essential Series)
suplementos		Extracto de vitex (4:1) 300mg Extract (Essential Series)
suplementos		Extractos de valeriana y lúpulo complex Valerian Hops Extracts (Essential Series)
suplementos		F24 Collmar Magnesio Neutro 300 g Drasanvi
suplementos		FAT BLOCKER (Be Essential®)
suplementos		FIT BONES (Be Essential®)
otros		Fabada Asturiana EROSKI, lata 435 g
otros		Fabada asturiana De Nuestra Tierra sin gluten 380 g.
otros		Fabada asturiana Dia Al Punto 865 g
otros		Fabada asturiana Litoral 850 g
especias		Fabada asturiana reducido en sal Litoral 435 g
pollo		Fabulosas y rápidas delicias de pechuga (La Cocinera)
carne_vegetal		Falafel Veggie (Garden Gourmet)
verduras		Falafel a base de garbanzos y hortalizas vegano Garden Gourmet 190 g.
bebidas_lata	bebida	Fanta Zero Naranja (Fanta)
bebidas_lata	bebida	Fanta de limón pack 2 botellas 2 l.
bebidas_lata	bebida	Fanta de limón zero lata 33 cl.
bebidas_lata	bebida	Fanta de naranja pack 9 latas 33 cl.
bebidas_lata	bebida	Fanta de naranja zero pack 6 latas 33 cl.
otros		Fantasmikos Nestlé 15 unidades 240 g
pasta		Farfalle con vegetales EROSKI, paquete 500 g
otros		Fartons
panaderia		Fartons Dulcesol
suplementos		Fat burner (Quamtrax)
dulces		Favoritos red & white HARIBO, bolsa 150 g
suplementos		Fertility Care especial hombre * (Essential Series)
suplementos		Fertility Care especial mujer (sin yodo) * (Essential Series)
suplementos		Fertility Care especial mujer * (Essential Series)
verduras		Fettuccine de espinaca selección 1946 GALLO, paquete 450 g
otros		Fettuccine selección 1946 GALLO, paquete 450 g
fiambres		Fiambre De Bacon Cocido Sabor Ahumado. (ElPozo)
fiambres		Fiambre De Pechuga De Pavo Pack Ahorro (ElPozo)
fiambres		Fiambre De Pechuga De Pollo (ElPozo)
fiambres		Fiambre Pavo Maxi Lonchas Finas (ElPozo)
fiambres		Fiambre Sándwich (ElPozo)
fiambres		Fiambre York De Pavo (ElPozo)
fiambres		Fiambre de Paleta Cocida Sándwich (Campofrío)
fiambres		Fiambre de Pechuga de Pavo en lonchas ElPozo sin gluten y sin lactosa 80 g
fiambres		Fiambre de Pechuga de Pavo para Sándwich (Campofrío)
fiambres		Fiambre de pechuga de pavo (Noel)
fiambres		Fiambre de pechuga de pavo adobada Serrano 240 g
fiambres		Fiambre de pechuga de pavo braseada Mini Pavofrío Campofrío sin gluten y sin lactosa 340 g
fiambres		Fiambre de pechuga de pollo (Noel)
fiambres		Fiambre maxi pavo EROSKI BASIC, pieza 800 g
fiambres		Fiambre york Sándwich (ElPozo)
suplementos		Fibra Prebiótica de Inulina (Myvitamins)
suplementos		Fibra Super Fiber 3 Plus – Amix™
frutas		Fibra de manzana en polvo 100 Apple Fibre (Food Series)
suplementos		Fibrafit 400 g Drasanvi
pasta		Fideo Cabellín EROSKI BASIC, paquete 500 g
pasta		Fideo GALLO PASTAFINA, paquete 400 g
pasta		Fideo N.º 1 Gallo 400 g
pasta		Fideo Nº 2 GALLO, paquete 450 g
pasta		Fideo Nº 4 GALLO, paquete 450 g
pasta		Fideo Nº0 GALLO, paquete 400 g
pasta		Fideo cabellín Dia Al Diante 500 g
pasta		Fideo fino Nº 0 GALLO, paquete 900 kg
pasta		Fideo grueso Dia Al Diante 500 g
pasta		Fideo grueso EROSKI, paquete 500 g
pasta		Fideo grueso sin gluten GALLO, paquete 500 g
pasta		Fideos chinos SOUBRY, paquete 250 g
pasta		Fideos chinos con huevo SOUBRY, paquete 250 g
pasta		Fideos de chocolate negro Dekora 100 g
pasta		Fideos de konjac (Prozis)
pasta		Fideos estilo asiático udon precocidos ITSU, bolsa 150 g
instantanea		Fideos orientales Yatekomo Gallina Blanca 61 g.
instantanea		Fideos orientales Yatekomo Yakisoba classic pack 2 unidades de 93 g.
instantanea		Fideos orientales clásicos Yatekomo Yakisoba Gallina Blanca pack 3 unidades de 93 g.
instantanea		Fideos orientales con carne Yakisoba Yatekomo Gallina Blanca 93 g.
instantanea		Fideos orientales de pollo Yakisoba Yatekomo Gallina Blanca pack 3 unidades de 93 g.
instantanea		Fideos orientales de pollo Yatekomo Yakisoba Gallina Blanca pack de 2 unidades de 93 g.
instantanea		Fideos orientales de pollo con soja Yatekomo Gallina Blanca pack de 3 unidades de 79 g.
instantanea		Fideos orientales de ternera Sensation Carrefour 65 g.
instantanea		Fideos orientales sabor barbacoa Yatekomo Gallina Blanca 82 g.
instantanea		Fideos sabor a pollo KUNG-FU, paquete 85 g
instantanea		Fideos sabor a ternera KUNG-FU, paquete 85 g
pasta		Fideos sin gluten GALLO, paquete 450 g
pasta		Fideos sin gluten Gallo 450 g
pasta		Fideos thai arroz TERRA SANA, paquete 250 g
pasta		Fideua CARRETILLA, bandeja 250 g
pasta		Fideua EROSKI, paquete 500 g
pasta		Fideua GALLO, paquete 450 g
pasta		Fideuà de marisco 300 g
pasta		Fideuá Carretilla 250 g.
pasta		Fideuá Carretilla sin aceite de palma pack de 2 unidades de 250 g.
pasta		Fideuá Gallo 450 g
pescado		Filete de anchoas LA MUTRIKUARRA, lata 30 g
pescado		Filete de arenque marinado Carrefour El Mercado 170 g
pescado		Filete de dorada con piel congelado Aligator 180 g
cerdo		Filete de lomo de cerdo al ajillo EROSKI, bandeja 500 g
pescado		Filete de lubina con piel congelado Aligator 180 g
res		Filete de melva en aceite de girasol UBAGO, lata 115 g
pescado		Filete de merluza con piel EROSKI, bolsa 540 g
pescado		Filete de merluza sin piel EROSKI BASIC, bolsa 900 g
pescado		Filete de merluza sin piel EROSKI, bolsa 540 g
res		Filete de panga PESCANOVA, bolsa 600 g
pavo		Filete de pechuga de pavo pimentón EROSKI, bandeja aprox. 520 g
snacks		Filete de pescado rebozado Fish&Chips FINDUS, caja 240 g
res		Filete de rodaballo
pescado		Filete de salmón Selección de Dia 420 g aprox.
pollo		Filete pechuga de pollo corte fino (Hacendado)
pescado		Filetes de anchoa en aceite de oliva De Nuestra Tierra 100 g.
pescado		Filetes de caballa en aceite de girasol Tejero 80 g
pescado		Filetes de caballa en aceite de oliva bajo en sal Calvo 82 g
res		Filetes de gallo sin piel Dia Mari Marinera 500 g
cerdo		Filetes de lomo adobado de cerdo extrafino EROSKI, bandeja 300 g
cerdo		Filetes de lomo de cerdo adobado EROSKI, bandeja 500 g
res		Filetes de melva en aceite de oliva Extra Carrefour 80 g.
pescado		Filetes de merluza  grandes del Cabo sin piel Hacendado ultracongelados
pescado		Filetes de merluza Argentina sin piel Dia Mari Marinera 400 g
pescado		Filetes de merluza rebozados Dia Mari Marinera 500 g
pescado		Filetes de merluza sin piel ultracongelados Pescanova 800 g.
res		Filetes de panga ASC 480 g
pavo		Filetes de pavo contramuslo
pavo		Filetes de pechuga de pavo al ajillo EROSKI, bandeja aprox. 500 g
pollo		Filetes de pechuga de pollo adobada
pollo		Filetes de pollo empanado El Mercado sin gluten 500 g aprox
pollo		Filetes de pollo empanado y marinado Selección de Dia 550 g aprox.
pescado		Filetes de sardina en salsa picantona (Calvo)
res		Filetes de vacuno añojo para plancha
pollo		Filetes extrafinos de pechuga de pollo EROSKI, bandeja 320 g
cerdo		Filetes hígado de cerdo
res		Filetes hígado de vacuno
cerdo		Filetes lomo de cerdo cabeza
cerdo		Filetes lomo de cerdo corte fino
cerdo		Filetes lomo de cerdo extra tiernos
pollo		Filetes pechuga de pollo certificado alimentado con un 50% de maíz
pollo		Filetes pechuga de pollo extra tiernos
preparados		Filetes pechuga de pollo marinadas empanadas sin gluten
cerdo		Filetes secreto de cerdo
chocolates		Filipinos chocolate con leche finos 87 g
otros		Finas de mar sabor al ajillo Simpl 175 g
pollo		Finger de pollo EROSKI, bolsa 400 g
pollo		Fingers de Pollo Congelados 320 gr (La Cocinera)
pollo		Fingers de pollo COCINERA, caja 320 g
pollo		Fingers de pollo Schär sin gluten y sin lactosa 375 g.
especias		Finitas al punto de sal KRIT CUÉTARA, bolsa 150 g
alcohol	bebida	Fino COBOS, garrafa 5 litros
alcohol	bebida	Fino Navisa COBOS, botella 75 cl
bebidas_lata	bebida	Fino spritz Croft Twist lata 25 cl.
postres		Flan 0% azúcar añadido 0% materia grasa DHUL, pack 4x100 g
postres		Flan 6 sabores EL NIÑO, 6 unid., pack 6x32 g
postres		Flan POTAX, 6 unid., caja 192 g
postres		Flan ROYAL, 8 uds, caja 186 g
postres		Flan café EROSKI, pack 4x100 g
postres		Flan con caramelo EROSKI, caja 190 g
postres		Flan con caramelo líquido Molino Real sin gluten 130 g.
postres		Flan de chocolate LA ERMITA, tarro 110 g
postres		Flan de huevo 0% EROSKI, pack 4x100 g
postres		Flan de huevo DANONE, pack 4x100 g
postres		Flan de huevo sin azúcar REINA, pack 4x100 g
postres		Flan de queso DANONE, pack 4x100 g
postres		Flan de queso Dia Caprichoso 2 x 100 g
postres		Flan de queso EROSKI, pack 4x100 g
postres		Flan de queso LA ERMITA, tarro 110 g
postres		Flan de vainilla DANONE, pack 4x110 g
postres		Flan de vainilla EROSKI basic, pack 6x100 g
postres		Flan de vainilla con caramelo Nestlé La Lechera pack de 6 unidades de 100 g.
postres		Flan tamatina ROYAL, caja 165 g
otros		Flanby de vainilla NESTLÉ, pack 6x100 g
chocolates		Flapjack Proteica Chocolate Chunk (Myprotein)
barrita		Flapjack bar Chocolate (Food Series)
chocolates		Flauta de chocolate El Molino de Dia 66 g
fiambres		Flautas de bacon y 2 quesos Dia Al Punto 275 g
frutas		FlavDrops™ Plátano (Myprotein)
cereales		FlavPowders Cereal Milk (Myprotein)
otros		Focaccia 100 % Integral - Pack 3 Unidades (EUROPASTRY)
panaderia		Focaccia con Romero Dulcesol
untables		Foie Entier Micuit EROSKI SELEQTIA, blister 80 g
untables		Foie de canard ZUBIA, lata 130 g
untables		Foie de pato EROSKI SELEQTIA, blister 200 g
untables		Foie gras de pato entero Mi-Cuit Carrefour Selección sin gluten 125 g
untables		Foie gras px DELICASS, blister 80 g
otros		Fornacina clásica EROSKI SELEQTIA, bolsa 175 g
semillas		Fornacina sésamo EROSKI SELEQTIA, bolsa 175 g
suplementos		Fosfatidilserina 150mg (Essential Series)
chocolates		Frambuesas bañadas de chocolate blanco y negro Carrefour 150 g.
chocolates		Frambuesas glaseadas cubiertas de chocolate blanco y chocolate de frambuesa Pink Franuí 150 g.
chocolates		Fresas congeladas bañadas en chocolate blanco y chocolate con leche sin gluten Trü Frü 6 uds.
otros		Frigopie Frigo 4 x 60 g
legumbres		Frijol rojo GOYA, lata 425 g
legumbres		Frijoles rojos pequeños Goya 500 g.
otros		Fritos barbacoa 130 g
alcohol	bebida	Frizzante blanco Condominium 75 cl
alcohol	bebida	Frizzante blue moscato Condominium 75 cl
otros		Frizzante dulce sin alcohol Piccolo Giovanni
alcohol	bebida	Frizzante rosado Condominium 75 cl
alcohol	bebida	Frizzante sabor mango Condominium 75 cl
frutas		Frizzante sabor mango Piccolo Giovanni
frutas		Frizzante sabor sandía Piccolo Giovanni
panaderia		Fruit ice mini (Dulcesol)
frutas		Fruta para untar de melocotón Pura Fruta Helios sin gluten 250 g.
frutas		Frutas variadas en almíbar EROSKI, frasco 240 g
frutas		Frutas variadas en almíbar EROSKI, pack 3x115 g
frutas		Frutas variadas sin azúcar EROSKI, pack 2x115 g
embutidos		Fuet CASA TARRADELLAS, pack 2x180 g
embutidos		Fuet Casero (ElPozo)
embutidos		Fuet Casero Con Pavo (ElPozo)
embutidos		Fuet Espetec (ElPozo)
embutidos		Fuet Nobleza (ElPozo)
embutidos		Fuet de Pavo Pavofrío (Campofrío)
embutidos		Fuet espetec (Noel)
embutidos		Fuet extra EROSKI BASIC, unidad
embutidos		Fuet extra EROSKI SELEQTIA, 1 ud
snacks		Fuet snack original King upp ElPozo sin gluten 40 g
embutidos		Fuet tradicional NOEL, pieza 170 g
embutidos		Fuet ya cortado Dia Nuestra Alacena 80 g
embutidos		Fuetis de fuet Casademont sin gluten 130 g
embutidos		Fuetis mini fuet CASADEMONT, bolsa 50 g
suplementos		Full pack (Quamtrax)
bebidas	bebida	Fumet de pescado Gallina Blanca 1 L
bebidas	bebida	Fumet de pescado y marisco Extra Carrefour sin gluten 725 ml.
bebidas	bebida	Fumet natural de marisco y pescado de roca Aneto sin gluten y sin lactosa brik 1 l.
bebidas	bebida	Fumet para paella de pescado y marisco ITSASOKO, tarro 480 ml
pasta		Fusilli a la carbonara Dia Al Punto 145 g
pasta		Fusilli de guisantes ecológicos Carrefour Bio sin gluten 250 g.
bebidas_lata	bebida	Fuze Tea té sabor limón sin azúcar lata 33 cl.
te	bebida	Fuze Tea té verde sabor maracuyá botella 1,5 l.
suplementos		Fórmulas 4Men (Vitobest)
suplementos		Fórmulas Alegretto (Vitobest)
suplementos		Fórmulas AnsiStop (Vitobest)
suplementos		Fórmulas Antiox (Vitobest)
suplementos		Fórmulas Beauty (Vitobest)
suplementos		Fórmulas GlucoBest (Vitobest)
suplementos		Fórmulas Hierbas de la Noche (Vitobest)
suplementos		Fórmulas OptImmune (Cápsulas) (Vitobest)
suplementos		Fórmulas OptImmune (Viales) (Vitobest)
verduras		Fórmulas V-Col (Vitobest)
suplementos		Fórmulas VenaForte (Vitobest)
suplementos		GABA 500mg (Essential Series)
frutas		GFS Vitobest - Cereza
frutas		GFS Vitobest - Limón
frutas		GFS Vitobest - Melón
suplementos		GFS Vitobest - Menta Tropical
suplementos		GFS Vitobest - Neutro
frutas		GFS Vitobest - Piña Colada
suplementos		GFS Vitobest Cápsulas
suplementos		GHStim Amino Complex - Amix Performance
suplementos		GI biotics (fermentos tindalizados) en polvo Powder (Essential Series)
suplementos		GI biotics (fermentos tindalizados) en polvo Powder Box (Essential Series)
suplementos		GI biotics (fermentos tindalizados) en polvo Stick (Essential Series)
suplementos		GI biotics (probióticos) 100B UFC (Essential Series)
suplementos		GI biotics (probióticos) 25B UFC (Essential Series)
suplementos		GLP BALANCE (Be Essential®)
suplementos		GLUTA & BCAA´S 2.1.1 - Peach (Be Essential®)
cereales		GOOD MORNING Crema de Arroz CONGUITOS [ ] - Conguitos® Dark (Max Protein Oficial)
cereales		GOOD MORNING Crema de Arroz LACASITOS [ ] (Max Protein Oficial)
proteina		GOOD MORNING Instant Oatmeal CONGUITOS [ ] - Conguitos® Original (Max Protein Oficial)
proteina		GOOD MORNING Instant Oatmeal LACASITOS [ ] (Max Protein Oficial)
proteina		GOOD MORNING Instant Oatmeal [ ] - Apple Pie (Max Protein Oficial)
proteina		GRANDMAS BBQ KOREAN STYLE (Max Protein Oficial)
proteina		GRANDMAS BBQ LOUISIANA (Max Protein Oficial)
proteina		GRANDMAS BBQ SMOKED STYLE (Max Protein Oficial)
proteina		GRANDMAS BBQ TENNESSEE (Max Protein Oficial)
hamburguesas		GRANDMAS BURGER SAUCES - Salsa BIG MAX (Max Protein Oficial)
chocolates		GRANDMAS CHOCOLATE SYRUP (Max Protein Oficial)
proteina		GRANDMAS CREAMY STRAWBERRY SYRUP (Max Protein Oficial)
salsas		GRANDMAS KETCHUP CURRY SPICED SAUCE (Max Protein Oficial)
proteina		GRANDMAS MAJONESA MAYO SAUCE (Max Protein Oficial)
proteina		GRANDMAS MEXICAN GRINGA SAUCE (Max Protein Oficial)
proteina		GRANDMAS ZERONESA MAYO SAUCE (Max Protein Oficial)
suplementos		GREENS (bigsuplements)
barrita		GUMMY BAR sin Cafeína - Amix Performance - Fresa
cereales		Gachas de avena proteicas - pack degustación (HSN Packs)
cereales		Gachas de avena proteicas High Protein Porridge Apple Cinnamon (Food Series)
cereales		Gachas de avena proteicas veganas - pack degustación (HSN Packs)
cereales		Gachas de avena proteicas veganas High Protein Porridge Vegan Choco Peanut (Food Series)
galletas		Galleta ARTIACH MARBÚ DORADA, paquete 600 g
galletas		Galleta CUÉTARA TOSTA RICA, caja 760 g
galletas		Galleta CUÉTARA TOSTARICA OCEANIX, paquete 400 g
galletas		Galleta Campurriana c/ trozos de choco CUÉTARA, caja 350+15% g
galletas		Galleta Chips choco sin azúcares ZERO, paquete 125 g
galletas		Galleta Choco Guay CUÉTARA TOSTA RICA, caja 168 g
galletas		Galleta Cookie&Cream Nocilla 120 g.
galletas		Galleta Creme Tropical GULLÓN, caja 800 g
galletas		Galleta Dibus Sharkies sin gluten GULLÓN, caja 250 g
galletas		Galleta Digestive 0% azúcares con cacao SANTIVERI, paquete 200 g
galletas		Galleta Digestive EROSKI, paquete 800 g
galletas		Galleta Digestive ZERO, caja 300+100 g Gratis
galletas		Galleta Digestive de avena con chocolate GULLÓN, caja 425 g
galletas		Galleta Digestive de avena y trigo EROSKI, paquete 425 g
galletas		Galleta Digestive de chocolate sin azúcares ZERO, caja 270 g
galletas		Galleta Digestive de chocolate sin gluten SCHAR, caja 150 g
galletas		Galleta Digestive manzana FONTANEDA, caja 198 g
galletas		Galleta Digestive sin gluten SCHAR, caja 150 g
galletas		Galleta Dinos Cookiens sin azúcar ARTIACH, caja 185 g
galletas		Galleta Golden OREO, caja 220 g
galletas		Galleta María EROSKI BASIC, pack 4x200 g
galletas		Galleta María Ligera sin sal-sin azúcar GULLÓN, caja 600 g
galletas		Galleta María Oro CUÉTARA, paquete 600 g + 33% Gratis
galletas		Galleta María clásica sin gluten SCHAR, caja 125 g
galletas		Galleta María dorada ecológica Gullón 400 g.
galletas		Galleta María dorada sin azúcares ZERO, caja 400 g
galletas		Galleta María integral Carrefour Classic 800 g.
galletas		Galleta María sin gluten GULLÓN, caja 400 g
galletas		Galleta Minis The Simpsons chocolateadas ARLUY, caja 275 g
galletas		Galleta Ositos de chocolate ARTIACH, caja 320 g
galletas		Galleta Pims de naranja FONTANEDA, caja 150 g
galletas		Galleta Princesa ARTIACH, caja 120 g
galletas		Galleta Tosta Rica CUÉTARA, caja 570 g
galletas		Galleta Tosta Rica fibra CUÉTARA, caja 760 g
galletas		Galleta ahorro CHIPS AHOY!, caja 400 g
galletas		Galleta bañada de chocolate blanco OREO, caja 246 g
galletas		Galleta bañada en chocolate ColaCao 157 g.
galletas		Galleta caramelizada LOTUS BISCOFF, paquete 250 g
galletas		Galleta choco tablet con chocolate negro Zero Gullón sin azúcar añadido 150 g.
galletas		Galleta con leche y cereales FONTANEDA, caja 300 g
galletas		Galleta con miel FONTANEDA, caja 250 g
galletas		Galleta con pepitas de chocolate CHIPS AHOY! Minis, caja 160 g
galletas		Galleta con pepitas de chocolate CHIPS AHOY!, paquete 128 g
galletas		Galleta cookie chocolate blanco y frambuesa 1 ud.
galletas		Galleta cookies cacao HERO, caja 100 g
galletas		Galleta cookies sin palma EROSKI, paquete 225 g
galletas		Galleta cucharadas EROSKI, bolsa 400 g
galletas		Galleta cucharadas de chocolate EROSKI, bolsa 400 g
galletas		Galleta danesa de mantequilla DANESITA, lata 454 g
galletas		Galleta de chocolate con leche MIKADO, caja 75 g
galletas		Galleta de chocolate con leche PRÍNCIPE ESTRELLA, caja 225 g
galletas		Galleta de chocolate con leche PRÍNCIPE, paquete 300 g
galletas		Galleta de chocolate negro MIKADO, caja 75 g
galletas		Galleta de chocolate rellena sabor vainilla OREO, caja 440 g
galletas		Galleta de chocolate y cereal EROSKI, caja 520 g
galletas		Galleta de chocolate-5 cereales FONTANEDA, caja 600 g
galletas		Galleta de muesli GERBLÉ, caja 290 g
galletas		Galleta de sésamo GERBLÉ, caja 230 g
galletas		Galleta de trigo recubierta de chocolate negro sin azúcares añadidos (Bicentury)
galletas		Galleta dorada Carrefour Classic sin azúcar añadido 400 g.
galletas		Galleta dorada Family Biscuits sin azúcar añadido 600 g.
galletas		Galleta dorada redonda EROSKI BASIC, pack 4x200 g
galletas		Galleta dorada sin azúcares ZERO, caja 330 g
galletas		Galleta ecológica con cacao Peppa Pig bio MAXIES, paquete 100 g
galletas		Galleta extra tierna CHIPS AHOY!, paquete 208 g
galletas		Galleta fibra sin azúcares ZERO, paquete 170 g
galletas		Galleta hojaldrada Cuétara 600 g.
galletas		Galleta integral D. RADISSON, paquete 220 g
galletas		Galleta integral EROSKI BASIC, pack 4x200 g
galletas		Galleta integral MARIE LU, caja 520 g
galletas		Galleta maría Cuetara sin azúcar añadido 400 g.
galletas		Galleta mini OREO, caja 160 g
galletas		Galleta mini PRÍNCIPE, caja 160 g
galletas		Galleta mini dinos sin gluten ARTIACH, caja 160 g
galletas		Galleta original MARIE LU, caja 550 g
galletas		Galleta relieve EROSKI, caja 700 g
galletas		Galleta rellena de crema sabor vainilla OREO, caja 220 g
galletas		Galleta salada mini cracker EROSKI, bote 350 g
galletas		Galleta salada sabor queso TUC LU, paquete 100 g
galletas		Galleta sandwich sin azúcares ZERO, paquete 250 g
galletas		Galleta sin sal-sin azúcar EROSKI, caja 600 g
galletas		Galleta surtida CUÉTARA, caja 420 g
galletas		Galleta tostada Family Biscuits sin azúcar añadido 600 g.
galletas		Galleta tostada Zero Gullón 350 g.
galletas		Galleta x4 - Danone
galletas		Galletas 5 cereales y chocolate Florbú sin azúcar añadido 310 g.
galletas		Galletas Avena & Cacao - Pack Duo (REALFOODING)
galletas		Galletas Avena - Pack 2 unidades (biodarma)
galletas		Galletas Avena 100% Integral (REALFOODING)
galletas		Galletas Avena Bio Organic (Gullón)
galletas		Galletas Avena Con Choco Negro Zero Sin Azúcares (Gullón)
galletas		Galletas Avena sabor Cacao - Pack 2 unidades (REALFOODING)
galletas		Galletas Caramelizadas Karamel Speculoos Zero (Gullón)
galletas		Galletas Chip Choco Sin Gluten Sin Azúcares Añadidos (Gullón)
galletas		Galletas Chiquilín Artiach sin azúcar añadido 422 g.
galletas		Galletas Choco Bom Chocolate Blanco (Gullón)
galletas		Galletas Choco Star Bio Organic (Gullón)
galletas		Galletas Choco Tablet Zero Sin Azúcares (Gullón)
galletas		Galletas ChocoBom Hoops Chocolate Blanco (Gullón)
galletas		Galletas ChocoBom Hoops Chocolate Con Leche (Gullón)
galletas		Galletas ChocoBom Mini Cookies 4 Packs (Gullón)
galletas		Galletas ChocoBom SPLASH (Gullón)
galletas		Galletas Con Chocolate Y Fibra (Gullón)
galletas		Galletas Cookies Bio Organic (Gullón)
galletas		Galletas Crackers Sin Gluten (Gullón)
galletas		Galletas Creme Coco (Gullón)
galletas		Galletas Crocant Avena Bañada En Chocolate Vitalday (Gullón)
galletas		Galletas Crocant Avena Frutas Vitalday (Gullón)
galletas		Galletas Crocant Original Avena Y Arroz Vitalday (Gullón)
galletas		Galletas Crocant Zero Sin Azúcares (Gullón)
galletas		Galletas Cuétara María Oro 600 g
galletas		Galletas Cuétara Surtido 420 g
galletas		Galletas DarVida Cereales (Gullón)
galletas		Galletas Desayuno 5 Cereales Con Frutos Rojos Vitalday (Gullón)
galletas		Galletas Desayuno Avena Y Chips De Chocolate Vitalday (Gullón)
galletas		Galletas Desayuno Zero Sin Azúcares (Gullón)
galletas		Galletas Dibus Angry Birds Gullón sin lactosa 250 g.
galletas		Galletas Dibus Sharkies Gullón sin gluten y sin lactosa 250 g.
galletas		Galletas Digestive Avena Choco Bio Organic (Gullón)
galletas		Galletas Digestive Avena Choco Zero Sin Azúcares Añadidos (Gullón)
galletas		Galletas Digestive Avena Fruta Bio Organic (Gullón)
galletas		Galletas Digestive Avena Naranja Con Chocolate (Gullón)
galletas		Galletas Digestive Choco Zero Sin Azúcares (Gullón)
galletas		Galletas Digestive Chía Bio Organic (Gullón)
galletas		Galletas Digestive Classic (Gullón)
galletas		Galletas Digestive Finas (Gullón)
galletas		Galletas Duo Chocolate 250g (Gullón)
galletas		Galletas Duo Doble Cacao (Gullón)
galletas		Galletas Finas Avena Choco Leche Zero Sin Azúcares (Gullón)
galletas		Galletas Finas Choco Leche Zero Sin Azúcares (Gullón)
galletas		Galletas Hookies Dragons Chocolate Blanco (Gullón)
galletas		Galletas Hookies Dragons Chocolate Con Leche (Gullón)
galletas		Galletas María Bio Organic (Gullón)
galletas		Galletas María Carrefour Classic 800 g.
galletas		Galletas María Dorada Bio Organic (Gullón)
galletas		Galletas María Dorada Marbú 1800 g.
galletas		Galletas María Family biscuits sin azúcar añadido 600 g.
galletas		Galletas María Gullón Zero sin azúcar 400 g.
galletas		Galletas María Integral Bio Organic (Gullón)
galletas		Galletas María Santiveri sin gluten y sin lactosa 180 g.
galletas		Galletas María Zero Sin Azúcares (Gullón)
galletas		Galletas María con chocolate sin gluten Galleteca de Dia 200 g
galletas		Galletas María dorada Zero Gullón sin azúcar añadido 400 g.
galletas		Galletas María sin sal y sin azúcares añadidos Carrefour Classic 600 g.
galletas		Galletas Mega Duo Chocolate (Gullón)
galletas		Galletas Mega Duo Vainilla (Gullón)
galletas		Galletas Mini Bites (Gullón)
galletas		Galletas Mini Bites Jamon (Gullón)
galletas		Galletas Mini Choco Chips (Gullón)
galletas		Galletas Mini Choco Chips Bio Organic (Gullón)
galletas		Galletas Mini Digestive Avena Choco (Gullón)
galletas		Galletas Mini The Simpson Siro 275 g.
galletas		Galletas Mini Twins Chocolate (Gullón)
galletas		Galletas Moment Choco Chips (Gullón)
galletas		Galletas Moment Choco Star Chocolate (Gullón)
galletas		Galletas Moment Choco Star Chocolate Blanco (Gullón)
galletas		Galletas Moment Choco Tablet Blanco (Gullón)
galletas		Galletas Muesli Fibra (Gullón)
galletas		Galletas Oreo 220 g
galletas		Galletas Oreo doble crema 157 g
galletas		Galletas Para Niños Dibus Dragons (Gullón)
galletas		Galletas Para Niños Dibus Magic (Gullón)
galletas		Galletas Para Niños Dibus Magic Mix & Go (Gullón)
galletas		Galletas Para Niños Dibus Mini Choco (Gullón)
galletas		Galletas Para Niños Tuestis (Gullón)
galletas		Galletas Ronditas Zero Sin Azúcares (Gullón)
galletas		Galletas Saladas Crackers Cheddar (Gullón)
galletas		Galletas Saladas Crackers Classic (Gullón)
galletas		Galletas Saladas Mini Fish (Gullón)
galletas		Galletas Sandwich De Chocolate Zero Sin Azúcares (Gullón)
galletas		Galletas Sandwich Doble Cacao Vitalday (Gullón)
galletas		Galletas Sin Azúcar Mini Chip Choco Zero (Gullón)
galletas		Galletas Snack Brownie Vitalday (Gullón)
galletas		Galletas Snack Choco Zero Sin Azúcares (Gullón)
galletas		Galletas Snack Chocolate Y Soja Zero Sin Azúcares (Gullón)
galletas		Galletas Snack De Avena Y Naranja Zero Sin Azúcares (Gullón)
galletas		Galletas Snack Multifrutas Vitalday (Gullón)
galletas		Galletas Surtido Premium Con Chocolate (Gullón)
galletas		Galletas Topping Digestive (Gullón)
galletas		Galletas Topping Karamel Speculoos (Gullón)
galletas		Galletas Topping Karamel Speculoos Sin Gluten (Gullón)
galletas		Galletas Tosta Fibra (Gullón)
galletas		Galletas Tosta Rica Cuétara 760 g.
galletas		Galletas Tostada Zero Sin Azúcares (Gullón)
galletas		Galletas Tostakids 800 g.
galletas		Galletas Tradicionales Cinnamon Crisps (Gullón)
galletas		Galletas Tradicionales Creme Canela (Gullón)
galletas		Galletas Tradicionales Creme Junior (Gullón)
galletas		Galletas Tradicionales Creme Tropical (Gullón)
galletas		Galletas Tradicionales Dorada (Gullón)
galletas		Galletas Tradicionales Hojaldrada (Gullón)
galletas		Galletas Tradicionales María (Gullón)
galletas		Galletas Tradicionales Mini Creme (Gullón)
galletas		Galletas Twins Bañadas En Chocolate Blanco (Gullón)
galletas		Galletas Twins Cookie Sandwich (Gullón)
galletas		Galletas Twins Zero Sin Azúcares (Gullón)
galletas		Galletas a cucharadas con cereales y vitaminas Artiach Dinosaurus 320 g
galletas		Galletas al horno 0% azúcares añadidos Marbú Dorada 400 g
galletas		Galletas bañadas con chocolate blanco Filipinos Dinosaurus 83 g.
galletas		Galletas belgas sin azúcar (5 paquetes de 3) (Prozis)
galletas		Galletas campurrianas Cuétara sin azúcar añadido 320 g.
galletas		Galletas chip choco con pepitas de chocolate sin azúcares Gullón 125 g
galletas		Galletas chocobom chocolate blanco 100 g
galletas		Galletas chocolateadas Los Simpsons Arluy 400 g
galletas		Galletas con Lacasitos 48 g
galletas		Galletas con cereales, vitaminas y calcio Mini Tosta Rica Cuétara 240 g.
galletas		Galletas con chocolate Cuétara Campurrianas 417 g
galletas		Galletas con chocolate Diet Fibra Gullón 450 g.
galletas		Galletas con fibra sin azúcares Diet fibra 240 g
galletas		Galletas con harina de almendra - pack receta (HSN Packs)
galletas		Galletas con pepitas de chocolate Chips Ahoy 400 g.
galletas		Galletas con pepitas de chocolate Galleteca de Dia 225 g
galletas		Galletas con pepitas de chocolate oceanix Cuétara Tostarica 400 g
galletas		Galletas con quinoa y chocolate Santiveri sin azúcar añadido 175 g.
galletas		Galletas con sabor a yogur y chocolate (Bicentury)
galletas		Galletas con sabor yogur limón (Bicentury)
galletas		Galletas con tableta de chocolate negro sin azúcar añadido Carrefour 100 g.
galletas		Galletas cookie chocolate Nocilla 120 g.
galletas		Galletas cookies de limón con chocolate blanco Florbú 120 g.
galletas		Galletas corte helado Mels 35 g
galletas		Galletas crackers con pimienta negra Dia Naturmundo 100 g
galletas		Galletas de almendra-zanahoria D. RADISSON, paquete 220 g
galletas		Galletas de avena Family Biscuits Natur Fan sin azúcar añadido 425 g.
galletas		Galletas de avena Zero Gullón sin azúcar añadido 410 g.
galletas		Galletas de avena con chocolate negro Zero Gullón sin azúcar añadido 275 g.
galletas		Galletas de avena con pepitas de chocolate Carrefour Sensation 425 g.
galletas		Galletas de avena con pepitas de chocolate Florbú Digestive sin azúcar añadido 245 g.
galletas		Galletas de avena rellenas de crema de chocolate Vitalday Gullón 220 g.
galletas		Galletas de avena sin azúcar añadido Avenacol Cuétara 250 g.
galletas		Galletas de barquillo rellenas de nata sin azúcar añadido Carrefour 210 g.
galletas		Galletas de cacao con pepitas de chocolate Gullón sin gluten 200 g.
galletas		Galletas de cacao rellenas de crema Hookies Gullón sin gluten 230 g.
galletas		Galletas de cerales con pepitas de chocolate en forma de huevo Artiach Dinosaurus 140 g.
galletas		Galletas de cereales Dulcesol
galletas		Galletas de cereales con gotas de chocolate Belvita Fontaneda 300 g.
galletas		Galletas de cereales con leche Fontaneda Belvita 300 g.
galletas		Galletas de chocolate rellenas de crema Carrefour sin azúcar añadido 176 g.
galletas		Galletas de desayuno con fibra Cuétara Tostarica 760 g
galletas		Galletas de fibra Flora 185 g.
galletas		Galletas de fibra integral Zero Gullón sin azúcar 170 g.
galletas		Galletas de leche-chocolate GERBLÉ, caja 230 g
galletas		Galletas de mantequilla receta danesa Carrefour Classic 340 g.
galletas		Galletas de salvado de avena SANTIVERI, paquete 270 g
galletas		Galletas de soja-higo GERBLÉ, caja 270 g
galletas		Galletas de soja-naranja GERBLÉ, caja 280 g
galletas		Galletas desayunos 5 cereales choco integral FLORBU, bolsa 370 g
galletas		Galletas digestive Galleteca de Dia 400 g
galletas		Galletas digestive Sensation Carrefour sin azúcar añadido 400 g.
galletas		Galletas digestive avena y chocolate Gullón 150 GR
galletas		Galletas digestive con avena y chocolate Gullón 425 g
galletas		Galletas digestive con chocolate Galleteca de Dia 300 g
galletas		Galletas digestive con muesli Gullón 365 g
galletas		Galletas dinos chocolate con leche ARTIACH, caja 255 g
galletas		Galletas dorada con cereales Gullón 800 g
galletas		Galletas doradas al horno Zero Gullón sin azúcar 330 g.
galletas		Galletas doradas al horno sin azúcares Gullón 330 g
galletas		Galletas ducales GOYA, paquete 294 g
galletas		Galletas fibra sin azúcar añadido Gullón 450 g.
galletas		Galletas finas chocolate negro sarraceno Santiveri 0% azucares añadidos 90 g,
galletas		Galletas finas cubiertas de chocolate con leche sin azúcares Gullón 150 g
galletas		Galletas finas de avena recubierta de chocolate negro Gullón 150 g.
galletas		Galletas gofre Eroski SELEQTIA, caja 240 g
galletas		Galletas hookies tuestis Gullón caja 400 + 200 g gratis
galletas		Galletas huevos de cereales con chocolate Artiach Dinosaurus 140 g
galletas		Galletas integral con avena y naranja Gullón 425 g
galletas		Galletas integrales 0% azúcares (Dulcesol)
galletas		Galletas integrales Gullón Active 280 g
galletas		Galletas integrales con 5 cereales y chocolate Florbu 370 g
galletas		Galletas integrales con arándanos Santiveri sin lactosa y sin azúcar añadido 190 g.
galletas		Galletas integrales con muesli, naranja y pasas Florbu bolsa 120 g
galletas		Galletas integrales sin azúcar Florbu 350 g
galletas		Galletas maría Galleteca de Dia paquete 200 g
galletas		Galletas maría Marbú Dorada Artiach sin azúcar añadido 300 g.
galletas		Galletas maría dorada Family Biscuits 600 g.
galletas		Galletas maría sin azúcares Gullón 400 g
galletas		Galletas maría sin gluten Gullón 400 g
galletas		Galletas merengadas con relleno sabor fresa y vainilla Bagley 88 g.
galletas		Galletas mini animals Milka 99,5 g
galletas		Galletas napolitana Cuétara 426 g.
galletas		Galletas pretzel cacao Galleteca de Dia 100 g
galletas		Galletas recubiertas de chocolate y leche Mini Biscuits Carrefour Kids 160 g.
galletas		Galletas relenas de limón Bocaditos Cuétara 150 g.
galletas		Galletas rellenas de crema de chocolate Galleteca de Dia 500 g
galletas		Galletas rellenas de crema de chocolate Maxi Choc Príncipe pack de 3 unidades de 250 g.
galletas		Galletas rellenas de crema de chocolate y leche Príncipe 300 g.
galletas		Galletas rellenas de crema de chocolate y leche Tostarica Chocoguay Cuétara 144 g.
galletas		Galletas rellenas de crema de limón Cuétara 150 g
galletas		Galletas ronditas rellenas de chocolate Zero Gullón sin azúcar 186 g.
galletas		Galletas saladas con aceite de oliva virgen extra Biscuits Galicia 200 g
galletas		Galletas semi bañadas en chocolate con leche Tosta Rica 140 g.
galletas		Galletas sin azúcar añadido Mini Prehistóricos 400 g.
galletas		Galletas sin sal y sin azúcar Gullón Ligera 200 g
galletas		Galletas sándwich con chocolate sin azúcares Gullón 250 g
galletas		Galletas sándwich yogurt y frutos rojos Gullón Vitalday 220 g
galletas		Galletas tostadas Flora 450 g.
galletas		Galletas tostaditas EROSKI, pack 3x225 g
galletas		Galletas veganas - pack 1 (HSN Packs)
galletas		Galletas wafers chocolate con leche Artiach 142 g
infantil		Galletitas cookies HERO SOLO BIO, caja 160 g
otros		Galletitas ecológicas de animales HERO, caja 100 g
mariscos		Gamba Blanca 2 kg (Pescanova)
mariscos		Gamba Roja del Atlántico Alistado 1kg (Pescanova)
mariscos		Gamba cocida de Huelva DELFÍN, bandeja 200 g
mariscos		Gamba pelada 10/30 DELFÍN, bolsa 210 g
mariscos		Gamba pelada grande 60/80 EROSKI, bolsa 360 g
mariscos		Gamba pelada grande Pescatrade 400 g
mariscos		Gamba pelada mediana EROSKI BASIC, bolsa 320 g
mariscos		Gamba salvaje pelada cruda 88/123 piezas Grand Krust 600 g.
suplementos		Gamma-oryzanol 200mg (Essential Series)
legumbres		Garbanzo Bio 500 g Ecosana (Drasanvi)
legumbres		Garbanzo Cocido Extra Ecológico 660 g Ecosana (Drasanvi)
legumbres		Garbanzo JA'E, lata 500 g
legumbres		Garbanzo castellano Eroski SELEQTIA, saco 500 g
legumbres		Garbanzo cocido EROSKI BIO, frasco 400 g
legumbres		Garbanzo cocido EROSKI, frasco 400 g
legumbres		Garbanzo cocido GUTARRA, frasco 400 g
legumbres		Garbanzo extra EROSKI, paquete 1 kg
legumbres		Garbanzo pedrosillano Classic Carrefour 1 kg.
legumbres		Garbanzo pedrosillano LUENGO, paquete 1 kg
legumbres		Garbanzos Luengo 1 Kg
legumbres		Garbanzos a la bilbaina COCINA MAGUI, bandeja 300 g
legumbres		Garbanzos cocidos Dia Vegecampo 210 g
legumbres		Garbanzos cocidos ecológicos Luengo 400 g
verduras		Garbanzos con verduras Classic Carrefour sin gluten 430 g.
legumbres		Garbanzos lechosos Dia Vegecampo 1 Kg
suplementos		Garcinia cambogia 1000mg - 120 tabs (Now Foods)
bebidas_lata	bebida	Gaseosa LA CASERA, botella 1,5 litros
bebidas_lata	bebida	Gaseosa LA CASERA, botellín 50 cl
bebidas_lata	bebida	Gaseosa La Casera 500 ml
bebidas_lata	bebida	Gaseosa La Casera cero azúcares y calorías lata 33 cl.
bebidas_lata	bebida	Gaseosa La Casera hierbabuena sin azúcar lata 33 cl.
panaderia		Gasificante sin azúcar EL TIGRE, caja 39 g
bebidas	bebida	Gatorade sabor frambuesa 500 ml
instantanea	bebida	Gazpacho Dia Al Punto 330 ml
instantanea		Gazpacho Fresco (SOULFRESH)
instantanea	bebida	Gazpacho con almendras Gourmet Alvalle 900 ml.
instantanea	bebida	Gazpacho con hortalizas frescas Carrefour sin gluten 330 ml.
instantanea	bebida	Gazpacho fresco receta mediterránea García Millán sin gluten 1 l.
instantanea	bebida	Gazpacho suave sin pepino Alvalle pack de 2 unidades de 1 l.
instantanea	bebida	Gazpacho tradicional EROSKI, brik 1 litro
bebidas	bebida	Gel Energy Elite 20 x Guava (Myprotein)
bebidas	bebida	Gel Energy Elite 20 x Neutral (Unflavoured) (Myprotein)
bebidas_lata	bebida	Gel Energético Energy 40g Sport Live (Drasanvi)
bebidas_lata	bebida	Gel Energético Quick - Amix Performance - NARANJA
bebidas_lata	bebida	Gel Energético Rock's XXL Con Cafeína - Amix Performance - NARANJA
bebidas_lata	bebida	Gel Energético Slow Gel - Amix Performance - CITRUS MIX
proteina		Gel Pre-Entreno 12 x Frutas del Bosque (Myprotein)
proteina		Gel Pre-Entreno 12 x Green Apple (HYROX Edition) (Myprotein)
proteina		Gel Pre-Entreno 12 x Sour Cherry (HYROX Edition) (Myprotein)
proteina		Gel Pre-Entreno 12 x Tropical (Myprotein)
proteina		Gel Pre-Entreno Green Apple (HYROX Edition) (Myprotein)
proteina		Gel Pre-Entreno Sour Cherry (HYROX Edition) (Myprotein)
bebidas_lata	bebida	Gel energético con vitaminas y aminoácidos, sin cafeína sabor limón Sensation Carrefour pack 3 ud.
bebidas_lata	bebida	Gel energético tropical Victory 35 ml.
bebidas_lata	bebida	Gel líquido energético citrus cafeína Enervit sin gluten 60 g.
postres		Gelatina Gelly sabor fresa NESTLÉ, pack 4x90 g
postres		Gelatina de arándanos 0% EROSKI, caja 28 g
postres		Gelatina de fresa 0% azúcares ROYAL, caja 31 g
postres		Gelatina de fresa EROSKI, caja 170 g
postres		Gelatina de piña ROYAL, caja 112 g
postres		Gelatina en láminas Dr. Oetker 20 g
postres		Gelatina sabor fresa Dia Delimagic 170 g
postres		Gelatina sabor sandía sin azúcar Royal 31 g.
postres		Gelatina zero mandarina DOLCERICO, caja 28 g
leche		Geles dulces sabor nata y fresa Lanzas Damel 290 g.
bebidas_lata	bebida	Geles energéticos (Vitobest)
otros		Gelly 0% sabores NESTLÉ, pack 4x90 g
suplementos		Gentle Iron Bisglycinate + Folic Acid 30 Capsules, Sin Sabor (Myvitamins)
suplementos		Gentle Iron Bisglycinate + Folic Acid 90 Capsules, Sin Sabor (Myvitamins)
suplementos		Get fit women's pack (HSN Packs)
aceitunas		Gilda con anchoa KIMBO, lata 95 g
aceitunas		Gilda con queso ZUBELZU, tarrina 80 g
aceitunas		Gilda de anchoa ZUBELZU, tarrina 90 g
aceitunas		Gilda de anchoa en aceite de girasol Lorea 100 g.
aceitunas		Gilda de boquerón ZUBELZU, tarrina 96 g
aceitunas		Gilda queso ALBIZABAL, tarrina 250 g
aceitunas		Gildas con anchoa De Nuestra Tierra 90 g.
aceitunas		Gildas con boquerón De Nuestra Tierra sin gluten y sin lactosa 90 g.
bebidas	bebida	Gin & tonic Bombay Sapphire 25 cl
bebidas	bebida	Gin&Tonic Flor de Sevilla Tanqueray 250 ml.
bebidas_lata	bebida	Gin-Tonic Beefeater lata 25 cl.
alcohol	bebida	Ginebra BEEFEATER, botella 1 litro
alcohol	bebida	Ginebra BEEFEATER, botella 70 cl
alcohol	bebida	Ginebra BOMBAY Sapphire, botella 70 cl
alcohol	bebida	Ginebra Barmon's 70 cl
alcohol	bebida	Ginebra Beefeater 1,5 l.
alcohol	bebida	Ginebra Beefeater 70 cl
alcohol	bebida	Ginebra Beefeater con limón lata 25 cl
alcohol	bebida	Ginebra Bombay 70 cl
alcohol	bebida	Ginebra Larios pomelo 70 cl.
alcohol	bebida	Ginebra London Dry Gin Glivery
alcohol	bebida	Ginebra MG, botella 70 cl
alcohol	bebida	Ginebra Martin Miller's 1 l.
alcohol	bebida	Ginebra Nordes 70 cl
alcohol	bebida	Ginebra Nordés 0,0 alcohol 70 cl.
alcohol	bebida	Ginebra Puerto de Indias mango 70 cl.
alcohol	bebida	Ginebra Puerto de Indias premium strawberry 70 cl.
alcohol	bebida	Ginebra SEAGRAMS, botella 1 litro
alcohol	bebida	Ginebra Seagram's 70 cl
alcohol	bebida	Ginebra Strawberry PUERTO DE INDIAS, botella 70 cl
alcohol	bebida	Ginebra con sabor a limón mediterráneo Bombay 70 cl
alcohol	bebida	Ginebra exótica Barmon's 75 cl
alcohol	bebida	Ginebra london dry Bombay 70 cl
alcohol	bebida	Ginebra sabor fresa Barmon's 70 cl
alcohol	bebida	Ginebra sabor fresa Puerto de Indias 70 cl
alcohol	bebida	Ginebra watermelon Gin Glivery
bebidas_lata	bebida	Ginger Ale Schweppes jengibre intenso premium botella 20 cl.
bebidas	bebida	Ginger shot de jengibre y cúrcuma Voelkel ecológico botella 95 ml.
chocolates		Girona FC Negra 70% 80g (Torras)
suplementos		Glicerol en Polvo (Vitobest)
suplementos		Gluco Care (Essential Series)
bebidas_lata	bebida	GlucoOptimize - Blood Sugar Control - Cola (Prozis)
bebidas_lata	bebida	GlucoOptimize - Blood Sugar Control - Cola 3 x (Prozis)
suplementos		GlucoOptimize - Blood Sugar Control - Cítricos (Prozis)
suplementos		GlucoOptimize - Blood Sugar Control - Cítricos 3 x (Prozis)
suplementos		Gluconato de cobre (2mg cobre) (Vitaminalia)
suplementos		Gluconato de zinc (25mg zinc) (Essential Series)
suplementos		Gluconato de zinc (25mg zinc) (Vitaminalia)
suplementos		Glucosamina HCl 1000mg (Essential Series)
suplementos		Glutatión reducido 250mg (Essential Series)
suplementos		GlyN-A-C - Amix Pro® (AMIXPRO)
bebidas_lata	bebida	Glycodex Pro Ciclodextrina - Amix Pro® - COLA (AMIXPRO)
pasta		Gnocchi FINDUS, bolsa 550 g
pasta		Gnocchi Schär sin gluten y sin lactosa 300 g.
pasta		Gnocchi di patate LA MOLISANA, paquete 500 g
panaderia		Gofre belga LOTUS, paquete 250 g
chocolates		Gofre de chocolate LOTUS, paquete 287 g
chocolates		Gofre de chocolate QÉ, 1 ud, paquete 120 g
chocolates		Gofres proteicos ( ) - Chocolate - Gofres sin azúcares (Prozis)
chocolates		Gofres proteicos ( ) - Chocolate - High Protein Waffles (Prozis)
chocolates		Gofres proteicos ( ) - Chocolate - Original High Protein Waffles (Prozis)
chocolates		Gofres proteicos ( ) - Chocolate - Vainilla Gofres sin azúcares (Prozis)
galletas		Golden Protein Cookies - Thins (12 packs of 14) - Cacao 12 x (Prozis)
galletas		Golden Protein Cookies - Thins (12 packs of 14) - Dorado 12 x (Prozis)
dulces		Golosinas beans Fini 165 g
dulces		Golosinas besos de fresa Trolli 100 g
dulces		Golosinas bombas 3D rellenas Trolli 75 g
dulces		Golosinas corazones sabor cereza Migueláñez 125 g
dulces		Golosinas gusanos ácidos Trolli 100 g
dulces		Golosinas lenguas mix Chupa Chups 115 g
dulces		Golosinas mini burger Trolli 50 g
dulces		Golosinas octopus blue Trolli 100 g
dulces		Golosinas ositos de oro pica Haribo 150 g
dulces		Golosinas sandías Dia Marcelo Caramelo 100 g
dulces		Golosinas surtidas mix pica Dia Marcelo Caramelo 200 g
dulces		Golosinas surtido regaliz pica Vidal 90 g
otros		Golositos con relleno cremoso NESTLÉ EXTRAFINO, bolsa 144 g
proteina		Gominolas Pre-Entreno 120 GUMMIES Cola (Myprotein)
proteina		Gominolas Pre-Entreno 60 Gummies Cola (Myprotein)
dulces		Gominolas Reishi Relax (Myvitamins)
dulces		Gominolas de 5-HTP para el sueño (Myvitamins)
suplementos		Gominolas de Ashwagandha (60 gominolas) 60Gominolas Red Apple (Extra Strength) (Myvitamins)
suplementos		Gominolas de Ashwagandha (60 gominolas) 60Gominolas Red Apple (Sugar Free) (Myvitamins)
suplementos		Gominolas de ashwagandha sin azúcar (Myvitamins)
dulces		Gominolas de biotina (Myvitamins)
suplementos		Gominolas de colágeno 30 Gummies (Myvitamins)
suplementos		Gominolas de electrolitos Sorbete de Limón (Myprotein)
dulces		Gominolas de fresones HARIBO, bolsa 100 g
dulces		Gominolas de glicinato de magnesio (Myprotein)
dulces		Gominolas de hierro (Myvitamins)
dulces		Gominolas de magnesio (Myvitamins)
dulces		Gominolas de musgo marino (Myvitamins)
dulces		Gominolas de omega 3-6-9 (Myvitamins)
dulces		Gominolas de setas 60Gominolas Cordyceps (Perform) - Mixed Fruit (Myvitamins)
dulces		Gominolas de setas 60Gominolas Lion's Mane (Focus) - Blackcurrant (Myvitamins)
dulces		Gominolas de setas 60Gominolas Reishi (Relax) - Mixed Berry (Myvitamins)
dulces		Gominolas de shilajit (Myvitamins)
alcohol	bebida	Gominolas de vinagre de sidra de manzana sin azúcar (Myvitamins)
dulces		Gominolas de vitamina D (Myvitamins)
dulces		Gominolas frutissima HARIBO, bolsa 100 g
suplementos		Gominolas multivitaminas Vitaldin 30 unidades
suplementos		Gominolas multivitamínicas para niños (Myvitamins)
suplementos		Gominolas multivitamínicas sin azúcar (Myvitamins)
dulces		Gominolas para el equilibrio hormonal (Myvitamins)
dulces		Gominolas para pelo, piel y uñas Vitaldin 30 unidades
dulces		Gominolas para pelo, piel y uñas sin azúcar (Myvitamins)
dulces		Gominolas veganas para pelo, piel y uñas (Myvitamins)
dulces		Gomis Happy Cola HARIBO, bolsa 100 g
chocolates		Gotas de chocolate blanco (CHOCOLATES TORRAS)
chocolates		Gotas de chocolate con Stevia (Torras)
chocolates		Gotas de chocolate con leche (CHOCOLATES TORRAS)
untables		Gourmand Selection - Mermelada orgánica sin azúcares añadidos - Fresa (Prozis)
legumbres		Gourmet hummus MEZETE, tarrina 215 g
suplementos		Grace WOD pack - pack CrossFit especial mujer (HSN Packs)
frutos_secos		Grageas de cacahuete M&M'S, bolsa 200 g
dulces		Grageas de caramelo masticable sabores surtidos orgánicos Nice Original sin gluten doy pack 100 g.
chocolates		Grageas de chocolate Lacasitos Lacasa sin gluten pack de 5 unidades de 20 g.
chocolates		Grageas de chocolate con leche Lacasitos 190 g
chocolates		Gragees d’ametlla amb xocolata negra (Torras)
chocolates		Gragees d’avellana amb xocolata blanca (Torras)
bebidas	bebida	Granizado de limón Mercader 4 x 190 g
cereales		Granola Con Cacao 70% y Avellanas - Pack 6 Unidades (LA NEWYORKINA)
cereales		Granola alta en proteínas sabor chocolate Fuel 400 g.
cereales		Granola con Ralladura de Naranja y Dátil - Pack 6 Unidades (LA NEWYORKINA)
cereales		Granola con avena y frutos rojos Kellogg's Special K 320 g
cereales		Granola con chocolate y coco ecológico El Granero sin gluten 350 g.
cereales		Granola con fruta deseacada y frutos secos Extra Kellogg's 375 g.
cereales		Granola de cereales con frutos rojos Ceerides 320 g.
frutas		Grasa de Coco Bio para cocinar (NaturGreen)
frutas		Grasa de Coco Virgen Bio (NaturGreen)
bebidas_lata	bebida	Green Cola zero azúcar zero cafeína lata 33 cl.
bebidas	bebida	Green Life 500 ml B-Life Drasanvi
otros		Grelos Gvtarra 425 g.
otros		Griego Azúcarado x4 - Danone
otros		Griego Stracciatella - Danone
otros		Griego natural EROSKI, pack 6x125 g
frutas		Griego sabor lima-limón OIKOS, pack 4x110 g
aceites		Grissini al aceite de oliva CRIFILL, bolsa 200 g
otros		Grissinis finos Dia Selección Mundial 250 g
fiambres		Guanciale Dia Selección Mundial 100 g
fiambres		Guanciale a la pimienta FERRANINI, al corte, compra mínima 100 g
suplementos		Guaraná 500 mg (Prozis)
suplementos		Guilt-free Creamy & Sweet (Prozis)
aceitunas		Guindillas EROSKI, frasco 130 g
aceitunas		Guindillas EROSKI, frasco 60 g
aceitunas		Guindillas RIOVERDE, frasco 120 g
aceitunas		Guindillas de Ibarra MUNDUATE, frasco 155 g
aceitunas		Guindillas de Ibarra selecta EUSKO LABEL ZUBELZU, frasco 725 g
aceitunas		Guindillas picantes SERPIS, frasco 130 g
aceitunas		Guindillas vascas SARASA, frasco 150 g
legumbres		Guisante BONDUELLE, frasco 465 g
legumbres		Guisante extrafino EROSKI, pack 3x140 g
legumbres		Guisante extrafino FINDUS Summum, caja 200 g
legumbres		Guisante fino Findus 440 g.
legumbres		Guisante fino VERLEAL, bolsa 400 g
legumbres		Guisante mediano MARTINEZ, lata 95 g
legumbres		Guisante muy fino EROSKI BASIC, pack 3x140 g
legumbres		Guisante muy fino EROSKI, frasco 215 g
verduras		Guisante-zanahoria EROSKI, frasco 425 g
legumbres		Guisantes CARRETILLA, bandeja 300 g
cerdo		Guisantes con jamón FINDUS, bolsa 450 g
verduras		Guisantes con zanahorias ecológicos Carrefour Bio 215 g.
legumbres		Guisantes finos Dia Vegecampo 1 Kg
legumbres		Guisantes medianos Dia Vegecampo 3 x 130 g
legumbres		Guisantes superfinos Dia Vegecampo 300 g
legumbres		Guisantes superfinos Findus 550 g
otros		Gulas al ajillo UBAGO, lata 85 g
otros		Guliciosas EROSKI BASIC, bandeja 200 g
proteina		Gummies de creatina sin azúcar 30 Gummies Lemonade (Myprotein)
verduras		Gusanitos de maíz ecológico SMILEAT, bolsa 38 g
preparados		Gyoza de verduras Ta-Tung 144 g.
preparados		Gyozas de pollo y verduras Carrefour Sensation 400 g.
suplementos		Gzymes * (mezcla de enzimas) (Essential Series)
bebidas	bebida	H2O Burn - Arándano 8 x H2O Brain (Prozis)
te	bebida	H2O Burn - Cola 8 x H2O Infusion (Prozis)
bebidas_lata	bebida	H2O Burn - Cola y limón 8 x H2O Energy (Prozis)
bebidas	bebida	H2O Burn - Cítricos 8 x H2O Digestive (Prozis)
te	bebida	H2O Burn - Frambuesa 8 x H2O Infusion (Prozis)
bebidas	bebida	H2O Burn - Frambuesa y menta 8 x H2O Immune (Prozis)
te	bebida	H2O Burn - Fresa 8 x H2O Infusion (Prozis)
bebidas	bebida	H2O Burn - Fresa y kiwi 8 x H2O Immune (Prozis)
bebidas	bebida	H2O Burn - Frutos del Bosque 8 x H2O Anti-OX (Prozis)
bebidas	bebida	H2O Burn - Frutos del Bosque 8 x H2O Brain (Prozis)
bebidas	bebida	H2O Burn - Fusión de frutas 8 x H2O Anti-OX (Prozis)
bebidas	bebida	H2O Burn - Limón 8 x H2O Burn (Prozis)
te	bebida	H2O Burn - Limón 8 x H2O Infusion (Prozis)
bebidas	bebida	H2O Burn - Limón 8 x H2O Munchies Blocker (Prozis)
te	bebida	H2O Burn - Mango 8 x H2O Infusion (Prozis)
bebidas	bebida	H2O Burn - Manzana 8 x H2O Burn (Prozis)
bebidas	bebida	H2O Burn - Melón y kiwi 8 x H2O Digestive (Prozis)
bebidas	bebida	H2O Burn - Menta y limón 8 x H2O Digestive (Prozis)
te	bebida	H2O Burn - Mojito 8 x H2O Infusion (Prozis)
bebidas	bebida	H2O Burn - Naranja 8 x H2O Burn (Prozis)
bebidas	bebida	H2O Burn - Naranja 8 x H2O Energy (Prozis)
te	bebida	H2O Burn - Naranja 8 x H2O Infusion (Prozis)
bebidas	bebida	H2O Burn - Piña 8 x H2O Burn (Prozis)
te	bebida	H2O Burn - Piña 8 x H2O Infusion (Prozis)
bebidas	bebida	H2O Burn - Piña 8 x H2O Munchies Blocker (Prozis)
te	bebida	H2O Burn - Piña colada 8 x H2O Infusion (Prozis)
bebidas	bebida	H2O Burn - Sandía 8 x H2O Burn (Prozis)
te	bebida	H2O Burn - Sandía 8 x H2O Infusion (Prozis)
bebidas	bebida	H2O Burn - Tropical 8 x H2O Brain (Prozis)
bebidas	bebida	H2O Burn - Tropical 8 x H2O Burn (Prozis)
bebidas	bebida	H2O Burn - Tropical 8 x H2O Energy (Prozis)
te	bebida	H2O Burn - Tropical 8 x H2O Infusion (Prozis)
bebidas	bebida	H2O Burn - Tropical 8 x H2O Munchies Blocker (Prozis)
bebidas	bebida	H2O Energy - Arándano 8 x H2O Brain (Prozis)
bebidas	bebida	H2O Energy - Cítricos 8 x H2O Digestive (Prozis)
bebidas	bebida	H2O Energy - Frutos del Bosque 8 x H2O Brain (Prozis)
bebidas	bebida	H2O Energy - Limón 8 x H2O Burn (Prozis)
bebidas	bebida	H2O Energy - Limón 8 x H2O Munchies Blocker (Prozis)
bebidas	bebida	H2O Energy - Manzana 8 x H2O Burn (Prozis)
bebidas	bebida	H2O Energy - Melón y kiwi 8 x H2O Digestive (Prozis)
bebidas	bebida	H2O Energy - Menta y limón 8 x H2O Digestive (Prozis)
bebidas	bebida	H2O Energy - Naranja 8 x H2O Burn (Prozis)
bebidas	bebida	H2O Energy - Piña - Gengibre 8 x H2O Anti-OX (Prozis)
bebidas	bebida	H2O Energy - Piña 8 x H2O Burn (Prozis)
bebidas	bebida	H2O Energy - Piña 8 x H2O Munchies Blocker (Prozis)
bebidas	bebida	H2O Energy - Sandía 8 x H2O Burn (Prozis)
bebidas	bebida	H2O Energy - Tropical 8 x H2O Brain (Prozis)
bebidas	bebida	H2O Energy - Tropical 8 x H2O Burn (Prozis)
te	bebida	H2O Energy - Tropical 8 x H2O Infusion (Prozis)
bebidas	bebida	H2O Energy - Tropical 8 x H2O Munchies Blocker (Prozis)
suplementos		HAPPY DAYS (Be Essential®)
suplementos		HCA plus (Quamtrax)
suplementos		HEALTH COMPLEX (bigsuplements)
suplementos		HMB puro en polvo 100 Powder Pure (Raw Series)
suplementos		HMB puro en polvo Powder Pure (Raw Series)
otros		HOT DOG 12U HERMANOS JUAN
suplementos		HSN Care (cabello, piel y uñas) * (Essential Series)
bebidas	bebida	HYDRAZERO SEA WATER - Agua de mar filtrada 100%. (226ERS)
suplementos		HYDROP ELECTROLITOS EFERVESCENTES LIMÓN- MENTA 18 COMP (Drasanvi)
legumbres		Haba baby FINDUS, bolsa 400 g
legumbres		Habas FINDUS, bolsa 400 g
legumbres		Habas baby Dia Vegecampo 400 g
legumbres		Habas baby VERLEAL, bolsa 400 g
cerdo		Habitas con jamón FINDUS, bolsa 230 g
suplementos		Hair Care * (con Keranat™) (Essential Series)
panaderia		Halls cítricos mix sin azúcar 32 g
hamburguesas		Hamburguesa con queso Brooklyng Town 210 g
hamburguesas		Hamburguesa con queso Palacios 2 x 125 g
hamburguesas		Hamburguesa de Pollo Ecológicas Carrefour Bio 2x115 g
hamburguesas		Hamburguesa de añojo Círculo de Calidad 300 g
hamburguesas		Hamburguesa de cereales jardinera GERBLÉ BIO, bandeja 160 g
hamburguesas		Hamburguesa de cereales-queso-miel GERBLE BIO, bandeja 200 g
hamburguesas		Hamburguesa de pavo Carrefour 320 g
hamburguesas		Hamburguesa de picaña Angus de vacuno Carrefour Selección Lord Dani 300 g
hamburguesas		Hamburguesa de ternera E. LABEL Eroski SELEQTIA, bandeja 480 g
hamburguesas		Hamburguesa de tofu-champiñón GERBLÉ BIO, pack 2x80 g
hamburguesas		Hamburguesa de trigo, espinaca y emmental Carrefour Veggie 400 g.
hamburguesas		Hamburguesa de vaca-queso Idiaz. BIKAIN, 2 unid., bandeja 240 g
hamburguesas		Hamburguesa de vacuno Black Angus (Noel)
hamburguesas		Hamburguesa de vacuno angus El Encinar de Humienta 300 g
hamburguesas		Hamburguesa de vacuno con cecina El Mercado 300 g
hamburguesas		Hamburguesa mini de vacuno Carrefour Bio 280 g
hamburguesas		Hamburguesa mixta BIKAIN, 4 uds., bandeja 480 g
hamburguesas		Hamburguesa mixta LUIS THATE, 4 uds. bandeja aprox. 500 g
hamburguesas		Hamburguesa original Heura 400 g.
hamburguesas		Hamburguesa ternera-ajo E. LABEL SELEQTIA, 4 unid, bandeja 480 g
hamburguesas		Hamburguesa vegana Garden Gourmet 150 g
hamburguesas		Hamburguesas de vacuno ecológica Carrefour Bio 240 g
harinas		Harina Algarroba Bio 350 g Ecosana (Drasanvi)
harinas		Harina Almendras Bio 375 g Keto Drasanvi
harinas		Harina Avena Integral Bio 5 kg Ecosana (Drasanvi)
harinas		Harina con levadura para bizcochos GALLO, paquete 1 kg
harinas		Harina de Almendra - Harina de Almendra (Prozis)
harinas		Harina de Almendra - Harina de Coco (Prozis)
harinas		Harina de Almendra - Harina de altramuz (Prozis)
harinas		Harina de Almendra - Harina de boniato sin gluten (Prozis)
harinas		Harina de Almendra Extrafina (CALCONUT)
harinas		Harina de Arroz Instantánea - Chocolate (Prozis)
harinas		Harina de Arroz Instantánea - Galleta (Prozis)
harinas		Harina de Arroz Integral Bio 500 g Ecosana (Drasanvi)
harinas		Harina de Avena 100% Crema de Chocolate (Myprotein)
harinas		Harina de Avena Oatmeal - Mr. Popper’s® - Bombón Crujiente (MR POPPER´S)
harinas		Harina de Avena Sabor Chocolate 1 Kg Sport Live Drasanvi
harinas		Harina de Avena Sabor Chocolate Blanco 1 Kg Sport Live (Drasanvi)
harinas		Harina de Avena con edulcorante Sabor Cookies & Cream 1 Kg Sport Live Drasanvi
harinas		Harina de Avena con edulcorante Sabor Vainilla 1 Kg Sport Live Drasanvi
harinas		Harina de Coco 400 g Bio Ecosana (Drasanvi)
harinas		Harina de Espelta Blanca Bio 1 Kg Ecosana (Drasanvi)
harinas		Harina de Espelta Integral Bio 1 Kg Ecosana (Drasanvi)
harinas		Harina de Garbanzo Bio 500 g Ecosana (Drasanvi)
harinas		Harina de Trigo Blanca Bio 1 kg Ecosana (Drasanvi)
harinas		Harina de Trigo Integral Bio 1 kg Ecosana (Drasanvi)
harinas		Harina de almendra Almond Flour (Food Series)
harinas		Harina de arroz Bio ECOCESTA, paquete 500 g
harinas		Harina de arroz DACSA, paquete 500 g
harinas		Harina de arroz Extra Carrefour sin gluten 500 g.
harinas		Harina de arroz hidrolizada Hydrolysed Rice Flour Caribbean Vanilla (Food Series)
harinas		Harina de avena GALLO, paquete 500 g
harinas		Harina de avena instantánea Oat Flour (Food Series)
harinas		Harina de avena integral bio ECOCESTA, paquete 500 g
harinas		Harina de centeno integral bio ECOCESTA, paquete 500 g
harinas		Harina de coco Coconut Flour (Food Series)
harinas		Harina de fuerza EROSKI, paquete 1 kg
harinas		Harina de garbanzos ecológica Ecocesta sin gluten 500 g.
harinas		Harina de lenteja amarilla Yellow Lentil Flour (Food Series)
harinas		Harina de maíz MAIZENA, caja 400 g
harinas		Harina de maíz Maizena 400 g
harinas		Harina de maíz PAN, paquete 1 kg
harinas		Harina de quinoa integral Whole Flour (Food Series)
harinas		Harina de repostería El Molino de Dia 1 Kg
harinas		Harina de trigo Classic Carrefour 1 kg.
harinas		Harina de trigo EROSKI BASIC, paquete 1 kg
harinas		Harina de trigo ecológica EROSKI BIO/ECO, paquete 1 kg
harinas		Harina de trigo integral EROSKI, paquete 1 kg
harinas		Harina de trigo integral El Molino de Dia 1 Kg
harinas		Harina de trigo integral Gallo Nature 1 kg.
harinas		Harina de trigo integral bio ECOCESTA, paquete 500 g
harinas		Harina de trigo para repostería EROSKI, paquete 1 kg
harinas		Harina de trigo sarraceno bio ECOCESTA, paquete 500 g
harinas		Harina de trigo sarraceno ecológico HARIMSA, caja 400 g
harinas		Harina especial pizza con levadura de panadería y masa madre Santa Rita 1 kg.
harinas		Harina integral de avena HARIMSA, caja 400 g
harinas		Harina integral de centeno Extra Carrefour 1 kg.
harinas		Harina integral de guisante verde Whole Green Pea Flour (Food Series)
harinas		Harina integral de trigo ecológica Carrefour Bio 1 kg.
harinas		Harina para rebozar sin huevo Carrefour Original 1 kg.
suplementos		Heavy weight / Vainilla (Quamtrax)
helados		Helado After Dinner MAGNUM, 8 uds, caja 232 g
helados		Helado Bombón Utopia Cherry MAGNUM, pack 3x85 ml
helados		Helado Bombón de caramelo y nueces de Macadamia Australianas Nuii sin gluten 4 ud.
helados		Helado Brookieees&Cream BEN&JERRY'S, tarrina 465 ml
helados		Helado Chunky Monkey BEN&JERRY`S, tarrina 490 g
helados		Helado Colajet Nestlé sin gluten 4 ud.
helados		Helado Cono clásico CORNETTO, pack 4x90 ml
helados		Helado Cono crema de vainilla CORNETTO, pack 4x90 ml
helados		Helado Cono de chocolate con barquillo CORNETTO, pack 4x90 ml
helados		Helado Cono max sabor mango y vainilla CORNETTO, pack 4x65 g
helados		Helado Cookie Dough BEN&JERRY'S, pack 2x100 ml
helados		Helado Double Gold Caramel Billionaire MAGNUM, pack 4x67 ml
helados		Helado Euphoria Pink Limonade MAGNUM, pack 3x90 ml
helados		Helado FERRERO ROCHER KINDER BUENO WHITE, 4 uds, caja 248 g
helados		Helado FRIGO KIDS MIX, pack 8x44 ml
helados		Helado Flash`s Siglitos sin gluten y sin lactosa 12 ud.
helados		Helado Fudge Brownie BEN&JERRY'S, pack 2x100 ml
helados		Helado Jungly chocolate blanco MAXIBON, 4 uds, caja 356 g
helados		Helado KINDER BUENO CLASSIC, 4 uds, caja 248 g
helados		Helado MINI TWISTER, caja 8 uds
helados		Helado Pirulo mini tropical Nestlé sin gluten 6 ud.
helados		Helado Push up de fresa Carrefour sin gluten 6 ud.
helados		Helado Straciatella CARTE D'OR, tarrina 473 g
helados		Helado Stranger Things MAXIBON, pack 4x140 ml
helados		Helado Sundae de chocolate CARTE D'OR, tarrina 750 ml
helados		Helado Sweet Mango Memories BEN&JERRY'S, tarrina 465 ml
helados		Helado almendrado EROSKI, pack 4x120 ml
helados		Helado barra de vainilla con Caramel&Nuts MAGNUM, pack 4x64 ml
helados		Helado barrita BOUNTY, 5 uds, caja 196 g
helados		Helado barrita MARS, 5 uds, caja 200 g
helados		Helado barrita SNICKERS, 5 uds, caja 228 g
helados		Helado barrita TWIX 5 uds, caja 171 g
helados		Helado blanco MAGNUM, caja 221 g
helados		Helado bloque sabor nata (Dulcesol)
helados		Helado bloque turrón (Dulcesol)
helados		Helado bombom frutas exóticas&frutos rojos SOLERO, pack 6x50 ml
helados		Helado bombón 70% cacao Dia Temptation 3 x 67 g
helados		Helado bombón Magnum Collection Frac sin gluten 3 uds.
helados		Helado bombón cherry MAGNUM, tarrina 204 ml
helados		Helado bombón de yogur y frambuesa Carrefour Sensation sin gluten 3 ud.
helados		Helado bombón frigurón FRIGO, pack 4x70 ml
helados		Helado bombón galleta y caramelo Dia Temptation 3 x 71 g
helados		Helado bombón pistacho MAGNUM, pack 3x90 ml
helados		Helado bombón sabor nata 0% azúcares (Dulcesol)
helados		Helado bombón sabor pistacho MAGNUM, pack 6x55 ml
helados		Helado capuccino CARTE D'OR, tarrina 471 g
helados		Helado cono de limón CORNETTO, pack 4x90 ml
helados		Helado cono max sabor pistacho CORNETTO, pack 4x90 ml
helados		Helado cookie vermont-ster BEN&JERRY'S, tarrina 291 g
helados		Helado corte tres sabores Dia Temptation 523 g
helados		Helado crema doble sabor avellana MAGNUM, tarrina 440 ml
helados		Helado de almendras MAGNUM, 3+1 uds, caja 300 g
helados		Helado de caramelo salado recubierto de chocolate con leche Magnum 3 ud.
helados		Helado de chocolate belga Häagen Dazs sin gluten 460 ml.
helados		Helado de chocolate con leche Kinder 4 x 38 g
helados		Helado de chocolate sin azúcar añadido Carrefour Classic sin gluten 500 ml.
helados		Helado de churros BEN&JERRY'S, tarrina 465 ml
helados		Helado de fresa FRIGO, tarrina 900 ml
helados		Helado de mango y frambuesa Häagen Dazs sin gluten 460 ml.
helados		Helado de nata MINI MAXIBON, pack 6x80 ml
helados		Helado de pistacho CARTE D'OR, tarrina 825 ml
helados		Helado de sorbete de açaí ecológico Sambazon 500 ml.
helados		Helado de strawberry cheesecake BEN&JERRY'S, tarrina 465 ml
helados		Helado de turrón y trocitos de almendra caramelizada Carrefour Sensation 350 g.
helados		Helado de vainilla FRIGO, tarrina 900 ml
helados		Helado de vainilla de Madagascar ecológico Carrefour Bio 450 g.
helados		Helado de vainilla y pecan blondie BEN&JERRY'S, tarrina 465 ml
helados		Helado de yogur Forest Fruits CARTE D'OR, tarrina 480 g
helados		Helado dulce de leche BEN & JERRY'S, tarrina 427 ml
helados		Helado en vaso sabor nata y caramelo (Dulcesol)
helados		Helado en vaso sabor nata y fresa (Dulcesol)
helados		Helado en vaso sabor vainilla y chocolate (Dulcesol)
helados		Helado fun box Pirulo 6 ud.
helados		Helado mini almendrado MAGNUM, 6 uds, caja 266 g
helados		Helado mini classic MAGNUM, 6 uds, caja 249 g
helados		Helado mini clásico, almendras y blanco MAGNUM, caja 443 g
helados		Helado mini doble chocolate MAGNUM, caja 6 unid
helados		Helado mini sabor cola y limón EROSKI, 6 uds, caja 300 g
helados		Helado mini white mix MAGNUM, 6 uds, caja 330 g
helados		Helado pirulo mikolápiz 5 unidades Nestlé 250 g
helados		Helado proteína plátano con brownie Carrefour Sensation sin azúcar añadido 300 g.
helados		Helado sabor a Speculoos Carrefour Sensation 300 g.
helados		Helado sabor a Stracciatella Carrefour Sensation sin gluten 300 g.
helados		Helado sabor a mango PIRULO, pack 4x70 ml
helados		Helado sabor chicle y cereza Dia Temptation 6 x 50 g
helados		Helado sabor coco en su cáscara NORDWIK, 1 ud, 90 g
helados		Helado sabor cola 3 unidades 315 g
helados		Helado sabor limón en su cáscara NORDWIK, 1 ud, 90 g
helados		Helado sabor nata con caramelo salado FRIGO, tarrina 1 litro
helados		Helado sabor pistacho MAGNUM, tarrina 440 ml
helados		Helado sandwich Waflle MAXIBON, pack 4x140 ml
helados		Helado sandwich XXL FILIPINOS, pack 4x140 ml
helados		Helado sandwich cookie dough BEN&JERRY'S, pack 4x68 ml
helados		Helado sandwich sabor dinosaurus FRIGO, pack 4x120 ml
helados		Helado sorbete de limón CARTE D'OR, tarrina 500 g
helados		Helado swich up BEN&JERRY'S, tarrina 404 g
helados		Helados KINDER CHOCOLATE, caja 152 g
pasta		Helices 3 sabores ROMERO, paquete 5 kg
suplementos		Hellcore Drink Woman (Vitobest)
frutas		Hellcore Drink Woman - Mandarina (Vitobest)
frutas		Hellcore Drink Woman - Uva (Vitobest)
suplementos		Hemo Care (Essential Series)
otros		Herramientas superácidas Fini 80 g
res		Hidrolizado de proteína de carne bovina Hydrolysed Beef Protein (Raw Series)
suplementos		Hierba de Cebada Bio 125 g Doypack Superalimentos Drasanvi
harinas		Hierba de Trigo Bio 125 g Doypack Superalimentos Drasanvi
suplementos		Hierba de cebada en polvo (Essential Series)
harinas		Hierba de trigo en polvo (Essential Series)
suplementos		Hierro complex - 100 tabs (Now Foods)
suplementos		Hierro liposomado (LipoCellTech™) (30mg hierro) Liposomal Iron 60 Vc (Essential Series)
cerdo		Hilos de Jamón curado bodega Jamones Arroyo pack de 2 unidades de 45 g
te		Hinojo en bolsitas Pompadour 20 ud.
suplementos		Hipérico (extracto de hierba de san juan 18:1) 300mg (Essential Series)
suplementos		Hit (Quamtrax)
otros		Hogaza 100% Integral - Pack 3 unidades (EUROPASTRY)
cereales		Hogaza 46% cereales y 4,8% semillas EROSKI, 360 g
panes		Hogaza de pan 9 cereales y semillas Recondo 240 g.
panes		Hogaza de pan grande ecológica Carrefour Bio 800 g aprox
panes		Hogaza de pan integral tostado Recondo 240 g.
panes		Hogaza de pan tostado con cereales RECONDO, caja 240 g
panes		Hogaza de pan tostado integral RECONDO, caja 240 g
panes		Hogaza de pan tostado rústico RECONDO, caja 240 g
bebidas	bebida	Hohes C vitamin C-irup active bebida isotónica sabor mango y maracuyá botella 65 ml.
panaderia		Hojaldre cabello de Ángel Hacendado
panaderia		Hojaldre de Astorga El Molino de Dia 180 g
panaderia		Hojaldres surtidos bañados EL ARRIERO MARAGATO, caja 475 g
aceites		Hongo frito en aceite de oliva EMPERATRIZ, frasco 130 g
bebidas	bebida	Horchata Dia 3 x 200 ml
bebidas	bebida	Horchata Dulcesol
bebidas	bebida	Horchata EROSKI, botella 1 litro
bebidas	bebida	Horchata VERITAS, brik 1 litro
bebidas	bebida	Horchata fresca Dia 750 ml
quesos		Hot Dog Queso (ElPozo)
otros		Hot dog EROSKI, 6 uds., paquete 330 g
panaderia		Hot dog brioche Dulcesol
panaderia		Hot dog original Dulcesol
panaderia		Hot dog rustic Dulcesol
res		Hueso vacuno
cerdo		Huesos blancos de cerdo Carrefour 500 g aprox
pescado		Hueva de atún aleta amarilla Carrefour El Mercado 160 g
otros		Hueva salada de maruca Carrefour El Mercado 160 g
huevo		Huevo
huevo		Huevo campero País Vasco M/L EROSKI Natur, cartón 6 uds
chocolates		Huevo de chocolate con sorpresa Dia Temptation 60 g
huevo		Huevo ecológico HOBEA, cartón 6 uds
huevo		Huevo fresco M suelo EROSKI, cartón 1 docena
huevo		Huevo fresco del País Vasco EROSKI NATUR BIO, cartón 6 uds
huevo		Huevos Frescos Carrefour El Mercado 24 ud.
huevo		Huevos L EROSKI, cartón 18 uds
caza		Huevos de codorniz Dagu 18 ud.
huevo		Huevos de gallinas criadas en suelo Carrefour El Mercado 6 ud.
huevo		Huevos extragrandes L/XL de gallinas criadas en suelo Dia 6 unidades
huevo		Huevos frescos M EROSKI, cartón 12 uds
huevo		Huevos grandes L Dia 18 unidades
huevo		Huevos medianos M Dia 12 unidades
huevo		Huevos medianos/grandes M/L maíz Grupo de lucas 12 unidades
huevo		Huevos super grandes XL
legumbres		Hummus Clásico (SOIFA ALIMENT)
legumbres		Hummus Tomate y Albahaca (SOIFA ALIMENT)
legumbres		Hummus cebolla caramelizada con topping D!P¡n! 175 g.
legumbres		Hummus de garbanzos clásico Carrefour Extra sin gluten 500 g.
legumbres		Hummus de garbanzos con pimientos rojos Carrefour Extra sin gluten 240 g.
legumbres		Hummus ecológico VERITAS, tarro 175 g
legumbres		Hummus proteico en polvo - pack degustación (HSN Packs)
proteina		Hummus proteico en polvo Red Beet High Protein Powder (Food Series)
suplementos		Huperzina A 200mcg (Essential Series)
suplementos		Hydra · BCAA's - Arándano (Quamtrax)
bebidas_lata	bebida	Hydra · BCAA's - Cola (Quamtrax)
suplementos		Hydra · BCAA's - Lima limón (Quamtrax)
suplementos		Hydra · BCAA's - Mango (Quamtrax)
suplementos		Hydra · BCAA's - Melocotón (Quamtrax)
suplementos		Hydra · BCAA's - Piña colada (Quamtrax)
suplementos		Hydra · BCAA's - Ponche de frutas (Quamtrax)
suplementos		Hydra · BCAA's - Sandía (Quamtrax)
suplementos		Hydro beef (Quamtrax)
chocolates		Hydrolyzed Collagen+Magnesium+Vitamin C Vitobest - Chocolate
frutas		Hydrolyzed Collagen+Magnesium+Vitamin C Vitobest - Limón
suplementos		Hydrolyzed Collagen+Magnesium+Vitamin C Vitobest - Neutro
chocolates		Hydrolyzed Iso Protein - Chocolate (Vitobest)
galletas		Hydrolyzed Iso Protein - Galleta María (Vitobest)
yogurt		Hydrolyzed Iso Protein - Yogur Limón (Vitobest)
suplementos		Hydrop Electrolitos Efervescentes Pomelo 18 Comprimidos (Drasanvi)
suplementos		Hydrop electrolitos efervescentes con colágeno 18 comprimidos Drasanvi
suplementos		Hydrop electrolitos efervescentes fresa 18 comprimidos (Drasanvi)
suplementos		Hydrop electrolitos efervescentes limón 18 comprimidos (Drasanvi)
suplementos		Hydrop electrolitos efervescentes mango 18 comprimidos (Drasanvi)
pasta		Hélices +proteína GALLO, paquete 400 g
pasta		Hélices cocción rápida 3 min Gallo 400 g
pasta		Hélices de lenteja roja GALLO NATURE, paquete 250 g
pasta		Hélices garbanzo GALLO NATURE, paquete 250 g
pasta		Hélices gourmet para ensalada GALLO, paquete 400 g
pasta		Hélices vegetales Dia Al Diante 1 Kg
pasta		Hélices vegetales sin gluten GALLO, paquete 450 g
suplementos		IDEAL PERIOD (Be Essential®)
bebidas	bebida	ISOLATE PROTEIN - Batido Proteico GRASS FED - Chocolate (226ERS)
helados		Ice cream cacao (Dulcesol)
helados		Ice cream fresa (Dulcesol)
proteina		Impact Diet Whey (Muestra) (Myprotein)
proteina		Impact Diet Whey Chocolate con Menta (Myprotein)
frutas		Impact Hydrate Frambuesa y Limonada (Myprotein)
suplementos		Impact Hydrate | Chupa Chups (Myprotein)
frutas		Impact Hydrate | Formato sobre x Lima y Limón (Myprotein)
proteina		Impact Pre-Entreno – Deadpool Cereza (Myprotein)
proteina		Impact Pre-Entreno – Deadpool Lemonade (Myprotein)
proteina		Impact Pre-Entreno – Venom (Myprotein)
proteina		Impact Whey Isolate Chocolate Natural (Myprotein)
proteina		Impact Whey Isolate Milkshake Helado de Vainilla (Myprotein)
proteina		Impact Whey Isolate de vacas alimentadas con pasto Cocoa (naturally derived sweeteners) (Myprotein)
proteina		Impact Whey Protein (Muestra) Chocolate y Caramelo (Myprotein)
proteina		Impact Whey Protein + Colágeno Chocolate (Myprotein)
proteina		Impact Whey Protein Chocolate con Naranja (Myprotein)
proteina		Impact Whey Protein Milkshake Caramelo Salado (Myprotein)
te	bebida	Infusión Buenas Noches con tila, azahar, hierbaluisa y melisa en bolsitas Carrefour Sensation 30 ud.
te	bebida	Infusión Cola de caballo Hacendado
te	bebida	Infusión Digestiva en bolsitas Carrefour Sensation 30 ud.
te	bebida	Infusión Línea con té rojo, malva e hinojo en bolsitas Carrefour Sensation 30 ud.
te	bebida	Infusión Rooibos en bolsitas Carrefour Classic 30 ud.
te	bebida	Infusión barrigas felices BLEVIT, lata 150 g
te	bebida	Infusión con tomillo, eucalipto, romero y menta en bolsitas Respira Carrefour Sensation 30 ud.
te	bebida	Infusión de arándanos Hornimans 20 unidades
te	bebida	Infusión de cola de caballo Pompadour 20 unidades
te	bebida	Infusión de jengibre con limón Pompadour 20 unidades
te	bebida	Infusión de jengibre y mango en bolsitas Pompadour 20 ud.
te	bebida	Infusión de maca con jengibre, canela y naranja Hornimans 20 unidades
te	bebida	Infusión delgaxan fibra Pompadour 20 unidades
te	bebida	Infusión detox en bolsitas Pompadour 20 ud.
te	bebida	Infusión digestiva POMPADOUR, caja 20 sobres
te	bebida	Infusión digestive plus en bolsitas Pompadour 20 ud.
te	bebida	Infusión duerme bien Pompadour 20 unidades
te	bebida	Infusión elimina gases Susaron 10 unidades
te	bebida	Infusión quema grasa Pompadour 20 unidades
te	bebida	Infusión quema-grasa POMPADOUR, caja 20 sobres
te	bebida	Infusión quemagrasa con cola de caballo y guaraná sabor fresa en bolsitas Susarón 10 ud.
te	bebida	Infusión sport con magnesio agua fría Pompadour 20 unidades
suplementos		Inmu Care* (Essential Series)
suplementos		Inmu biotics (probióticos) 100B UFC (Essential Series)
suplementos		Inmu biotics (probióticos) 25B UFC (Essential Series)
suplementos		Inmu glucanos (1,3/1,6 beta-glucanos) (Wellmune®) 250mg * (Essential Series)
suplementos		Inositol 500mg (Essential Series)
otros		Inositol IP6 + B6 (GREENDAY)
chocolates		Instantáneo al cacao bio INTERMON OXFAM, lata 400 g
frutas		Intra-entreno Perfect Intra – Black Line - MANGO-PIÑA
proteina		Iso whey / Flips (Quamtrax)
proteina		Isolate Proteína (Vitobest)
proteina		Isolate Proteína - Chocolate Blanco Y Galleta Negra (Vitobest)
proteina		Isolate Proteína - Fresa (Vitobest)
proteina		Isolate Proteína - Galleta María (Vitobest)
proteina		Isolate Proteína - Leche Merengada (Vitobest)
proteina		Isolate Proteína - Neutro (Vitobest)
proteina		Isolate Proteína - Piña Colada (Vitobest)
proteina		Isolate Proteína - Tarta De Manzana Con Canela (Vitobest)
proteina		Isolate Proteína - Vainilla (Vitobest)
proteina		Isolate Proteína - Yogur Limón (Vitobest)
leche	bebida	Isopro · Monodosis - Monodosis / Choco leche (Quamtrax)
cerdo		JAMÓN DESHUESADO EXTRATIERNO Marinado (ElPozo)
pollo		Jamoncitos de pollo
pollo		Jamoncitos de pollo Selección de Dia 1 Kg aprox.
pollo		Jamoncitos de pollo certificado alimentado con un 50% de maíz
otros		Jamoninos 75% CAMPOFRÍO, pack 5x25 g
cerdo		Jamón Adobado Extratierno (ElPozo)
fiambres		Jamón Cocido (Noel)
fiambres		Jamón Cocido Extra 225G (ElPozo)
fiambres		Jamón Cocido Extra Cruce Duroc (ElPozo)
fiambres		Jamón Cocido Extra NaturArte (Campofrío)
fiambres		Jamón Cocido Extra en Lonchas NaturArte 93% (Campofrío)
fiambres		Jamón Cocido Ibérico 90g (Noel)
fiambres		Jamón Cocido con Trufa 90g (Noel)
fiambres		Jamón Cocido en lonchas El Pozo sin gluten y sin lactosa 75 g
fiambres		Jamón Cocido – Almirez – Pieza (ElPozo)
cerdo		Jamón Con Pata Asado Con Madera De Haya 1954 Premium Gourmet (ElPozo)
cerdo		Jamón Curado en taco Arroyo sin gluten y sin lactosa 220 g
cerdo		Jamón D.O.P. Teruel EROSKI Sabores Tradicionales, sobre 100 g
cerdo		Jamón Reserva (ElPozo)
cerdo		Jamón Serrano Dia Nuestra Alacena 200 g
cerdo		Jamón asado selección ARGAL Bonnatur, bandeja 125 g
cerdo		Jamón cebo campo ibérico 50% raza ibérica EROSKI, sobre 100 g
cerdo		Jamón cebo ibérico 50% r. ibérica EROSKI MAESTRO, bandeja 90 g
fiambres		Jamón cocido 96% Bonnatur 120 g
fiambres		Jamón cocido ARGAL Bonnatur, al corte, compra mínima 100 g
fiambres		Jamón cocido Carrefour Selection sin gluten y sin lactosa 150 g.
fiambres		Jamón cocido ELPOZO 1954, sobre 150 g
fiambres		Jamón cocido EROSKI BASIC, bandeja 300 g
fiambres		Jamón cocido EROSKI, pack 2x200 g
fiambres		Jamón cocido Extra Braseado 1954 (ElPozo)
fiambres		Jamón cocido extra 97% Dia Nuestra Alacena 150 g
fiambres		Jamón cocido extra Campofrio Natur Arte 120 g.
fiambres		Jamón cocido extra EROSKI MAESTRO MAESTRO, sobre 200 g
fiambres		Jamón cocido extra en lonchas Delizias Noel sin gluten y sin lactosa 120 g
fiambres		Jamón cocido extra en lonchas Noel Delizia sin gluten y sin lactosa 150 g
fiambres		Jamón cocido finas lonchas 150g (Noel)
cerdo		Jamón curado D.O.P. Teruel EROSKI, al corte, compra mínima 100 g
cerdo		Jamón curado Selección Reserva El Pozo pieza de 8 kg aprox
cerdo		Jamón curado en lonchas Nico 150 g
cerdo		Jamón curado en taquitos Carrefour El Mercado sin gluten y sin latosa pack 2 unidades de 100 g
cerdo		Jamón curado gran reserva en lonchas Nico 90 g
cerdo		Jamón de Bellota Ibérica 100% Raza Ibérica en lonchas Altanera 90 g
cerdo		Jamón de Bellota Ibérico 50% Raza Ibérica en lonchas Carrefour El Mercado 90 g
cerdo		Jamón de Cebo Ibérico 50% Raza Ibérica en lonchas Altanera 90 g
cerdo		Jamón de Teruel en medias lonchas Airesano 8 Estaciones sin gluten y sin lactosa 120 g.
cerdo		Jamón de bellota ibérico 100% Covap
cerdo		Jamón de bellota ibérico 50% La Hacienda del Ibérico
cerdo		Jamón de cebo ibérico cortado a tapas
fiambres		Jamón de pato MARTIKO, pack 2x20 g
fiambres		Jamón de pato curado EROSKI SELEQTIA, sobre 50 g
fiambres		Jamón de pato en lonchas Carrefour Selección 100 g.
fiambres		Jamón de pavo cocido con 90% de carne Naturarte (Campofrío)
fiambres		Jamón de pavo mini EROSKI, pieza 400 g
cerdo		Jamón serrano EROSKI, sobre 150 g
cerdo		Jamón serrano cortado a máquina
cerdo		Jamón serrano g. reserva EROSKI MAESTRO, al corte, compra mínima 100 g
cerdo		Jamón serrano reserva en lonchas Carrefour El Mercado sin gluten y sin lactosa 70 g
otros		Jellies de goma Carrefour Classic sin gluten 200 g.
suplementos		Jelly Beans Multivitamínicas (Myvitamins)
panaderia		Jelly kisses (Dulcesol)
frutos_secos		Jengibre Dados Azúcar Caña Bio 100 g Doypack Frutos Secos Ecosana (Drasanvi)
frutas		Jengibre de limón POMPADUR, caja 20 unid.
alcohol	bebida	Jerez Dulce VALDESPINO, botella 75 cl
alcohol	bebida	Jerez Fino TIO PEPE, botella 75 cl
alcohol	bebida	Jerez Oloroso Seco ALFONSO, botella 75 cl
alcohol	bebida	Jerez Seco DRY SACK, botella 70 cl
alcohol	bebida	Jerez Seco VALDESPINO, botella 75 cl
suplementos		Joint Care * (Essential Series)
suplementos		Joint Care vegan* (Essential Series)
suplementos		Joints & Bones (Prozis)
bebidas	bebida	Joints & Bones - Energy Complex (Prozis)
suplementos		Joints & Bones - Eye Defense Formula blandas (Prozis)
suplementos		Joints & Bones - Immune System (Prozis)
suplementos		Joints & Bones - Liv Complex (Prozis)
suplementos		Joints & Bones - Nervous System (Prozis)
suplementos		Joints & Bones - Prost Complex (Prozis)
suplementos		Joints & Bones - Sleep Better (Prozis)
suplementos		Jointz (Prozis)
legumbres		Judia verde ecológica Carrefour Bio 660 g.
otros		Judión cocido Granja La Asturiana 350 g.
legumbres		Judía Verde ( Mungo) Bio 500 g Ecosana (Drasanvi)
legumbres		Judía fina EROSKI BASIC, lata 420 g
legumbres		Judía redonda EROSKI, frasco 360 g
legumbres		Judía troceada BONDUELLE, frasco 360 g
legumbres		Judía verde en tiras corte juliana GUTARRA, frasco 350 G
legumbres		Judía verde plana EROSKI BIO, frasco 350 g
legumbres		Judía verde plana FINDUS, bolsa 440 g
legumbres		Judía verde plana FINDUS, bolsa 850 g
legumbres		Judía verde troceada calidad I EROSKI, frasco 350 g
legumbres		Judías verdes extrafinas Findus 400 g
legumbres		Judías verdes finas cortadas Classic Carrefour 360 g.
legumbres		Judías verdes planas Dia Vegecampo 360 g
legumbres		Judías verdes planas EROSKI, bolsa 1 kg
legumbres		Judías verdes redondas EROSKI, bolsa 1 kg
zumo	bebida	Jugo condimento Maggi botella 125 g.
zumo	bebida	Jugo de Aloe Vera Bio 1 L Drasanvi
zumo	bebida	Jugo de carne BOVRIL, frasco 125 g
zumo	bebida	Jugo de coco light Tiger Khan 400 g
cerdo		Jugoso al horno costilla a la barbacoa MAGGI, sobre 30 g
pollo		Jugoso al horno pollo ajo MAGGI, sobre 36 g
proteina		KETO ISOLATE PROTEIN - SAKURA (Be Essential®)
suplementos		Kale en polvo Powder (Essential Series)
suplementos		Kamut Grano Bio 500 g Ecosana (Drasanvi)
bebidas_lata	bebida	Kas naranja botella 2 l.
pavo		Kebab De Pavo Pollo (ElPozo)
preparados		Kebab fusión con arroz y verduras alto en proteínas Fripozo 320 g
yogurt		Kefir EROSKI, botella 480 g
yogurt	bebida	Kefir de leche de cabra EROSKI BIO, frasco 420 g
yogurt		Kefir eco con frutas del bosque CASA G. DE XANCEDA, pack 2x125 g
yogurt		Kefir natural ACTIVIA, tarrina 345 g
yogurt		Kefir natural NESTLÉ, pack 6x100 g
yogurt		Kefir natural pack 4 unidades (Central Lechera Asturiana)
suplementos		Kelp + espirulina: pack metabolismo up! * (HSN Packs)
suplementos		Kelp 150mcg - 200 tabs (Now Foods)
suplementos		Kelp 225mcg (Swanson)
suplementos		Kelp 500mg (Essential Series)
suplementos		Kelp en polvo - 227g (Now Foods)
salsas		Ketchup (SOULFRESH)
salsas		Ketchup Dia Salseo 560 g
salsas		Ketchup Heinz 460 g
salsas		Ketchup Hellmann's 468 g
salsas		Ketchup ORLANDO, barrilito 300 g
salsas		Ketchup Orlando 300 g
salsas		Ketchup light Dia Salseo 540 g
salsas		Ketchup menos azúcar-sal HEINZ, bocabajo 550 g
salsas		Ketchup zero sin sal ni azúcares añadidos HEINZ, bocabajo 425 g
chocolates		Keto cacao cremoso Creamy Cocoa (Keto Series)
cafe	bebida	Keto café instantáneo + colágeno Instant Coffee Collagen (Keto Series)
cafe	bebida	Keto café instantáneo Instant Coffee (Keto Series)
panaderia		Keto cakes Butter (Keto Series)
chocolates		Keto colágeno hidrolizado (bovino) en polvo Collagen Chocolate (Keto Series)
proteina		Keto whey protein - pack degustación (HSN Packs)
proteina		Keto whey protein Chocolate (Keto Series)
otros		Kids Mix Frigo 8 unidades 392 g
otros		Kimbitos Guerra 225 g
otros		King Upp American Hot Dog (ElPozo)
pavo		King Upp Pavo (ElPozo)
otros		Kit Kat coche F1 29 g
frutas		Kiwis amarillos
pescado		Kokotxas de bacalao MSC DELFÍN, caja 400 g
bebidas	bebida	Kombucha blue lemonade FLAX&KALE, botella 330 ml
bebidas	bebida	Kombucha de frutos rojos EROSKI, botella 250 ml
bebidas	bebida	Kombucha de limón y espirulina VIVER KOMBUCHA, botellín 330 ml
bebidas	bebida	Kombucha de mango ecológico Komvida sin gluten botella 25 cl.
bebidas	bebida	Kombucha frutos rojos ecológica Komvida sin gluten 75 cl.
bebidas	bebida	Kombucha piña colada ecológico Komvida 25 cl.
otros		Krit CUÉTARA, bote 350 g
otros		Krititas KRIT, bolsa 150 g
yogurt		Kéfir 400g (Central Lechera Asturiana)
yogurt		Kéfir con granola de almendra y miel Nestlé pack de 2 unidades de 125 g.
yogurt		Kéfir con trozos de fresa y frambuesa ACTIVIA, tarrina 380 g
yogurt		Kéfir cítricos & cúrcuma Kaiku sin gluten 110 g.
yogurt		Kéfir de coco Margui 250 g.
yogurt		Kéfir de fresa y frambuesa Activia 4 x 125 g
yogurt	bebida	Kéfir de leche de vaca ecológico Carrefour Bio 420 g.
yogurt		Kéfir desnatado líquido natural Nestlé 500 g.
yogurt	bebida	Kéfir líquido natural ACTIVIA, botella 280 ml
yogurt		Kéfir natural ACTIVIA, pack 4x125 g
yogurt		Kéfir natural KAIKU, tarrina 350 g
yogurt		Kéfir natural Kaiku 110 g.
yogurt		Kéfir natural Nestlé sin gluten pack de 6 unidades de 100 g.
yogurt		Kéfir natural cuchara EROSKI, tarrina 500 g
yogurt		Kéfir natural desnatado Dia Láctea 4 x 180 g
yogurt		Kéfir sabor arándanos Activia 280 g
yogurt		Kéfir sabor fresa Nestlé sin gluten pack de 6 unidades de 100 g.
yogurt		Kéfir sabor mango Pastoret sin gluten 250 g.
yogurt		Kéfir sabor natural EROSKI, pack 4x125 g
salsas		Kétchup Cero Prima sin gluten envase 265 g.
salsas		Kétchup Original Zero - Ketchup (Prozis)
salsas		Kétchup Original Zero - Kétchup con especias (Prozis)
salsas		Kétchup Original Zero - Kétchup picante (Prozis)
salsas		Kétchup Picante Zero (Prozis)
salsas		Kétchup Picante Zero - Ketchup (Prozis)
salsas		Kétchup Picante Zero - Kétchup con curri (Prozis)
salsas		Kétchup Picante Zero - Kétchup con especias (Prozis)
salsas		Kétchup barrilón Orlando sin gluten 600 g.
salsas		Kétchup original Pirma sin gluten 540 g.
salsas		Kétchup picante Classic Carrefour envase 340 g.
suplementos		L-Carnitina - Naranja L-Carnitina (Prozis)
suplementos		L-Carnitina 100.000 – Amix™ - CEREZA-FRAMBUESA
suplementos		L-Carnitina 2000 20 vials - Naranja L-Carnitina (Prozis)
yogurt		L-Casei fresa Dia 12 x 100 g
yogurt		L-Casei fresa-plátano y coco-piña Dia 12 x 100 g
suplementos		L-Glutamina Neutra 300g Sport Live (Drasanvi)
suplementos		L-OptiZinc® 30mg - 100 veg caps (Now Foods)
suplementos		L-arginina + L-ornitina 500mg/200mg (Essential Series)
suplementos		L-carnitina + taurina líquidas (Sport Series)
suplementos		L-carnitina + taurina líquidas Carnitine Taurine Vial Lemon (Sport Series)
suplementos		L-carnitina + taurina líquidas Carnitine Taurine Vial Orange (Sport Series)
suplementos		L-carnitina 500mg (Swanson)
suplementos		L-carnitina Carnilean Burner - Amix™ - LIMÓN
suplementos		L-carnitina Carnilean Burner - Amix™ - NARANJA
suplementos		L-carnitina tartrato (Carnipure®) 1000mg Carnitine Tartrate (Essential Series)
suplementos		L-carnosina 500mg (Essential Series)
suplementos		L-leucina 500mg (Essential Series)
suplementos		L-lisina 500mg Lysine (Essential Series)
suplementos		L-metionina 500mg (Essential Series)
suplementos		L-norvalina 400mg Norvaline (Essential Series)
suplementos		L-ornitina 500mg (Essential Series)
suplementos		L-seleniometionina (100mcg selenio) (Essential Series)
suplementos		L-seleniometionina (100mcg selenio) (Swanson)
suplementos		L-seleniometionina (100mcg selenio) Selenium (Vitaminalia)
suplementos		L-seleniometionina (200mcg selenio) (Essential Series)
suplementos		L-taurina 500mg (Essential Series)
suplementos		L-teanina 200 mg (Prozis)
suplementos		L-teanina 250mg (Essential Series)
suplementos		L-tirosina 500mg (Essential Series)
suplementos		L-treonato de magnesio (Magtein®) (Essential Series)
suplementos		L-triptófano 1000mg + vitaminas B6 & B3 (Vitaminalia)
suplementos		L-triptófano 500mg + vitaminas B6 & B3 Tryptophan (Essential Series)
pasta		LASAÑA BOLOÑESA (Contiene gluten) (ElPozo)
cerdo		LOMO EXTRATIERNO AL VACÍO Marinado (ElPozo)
barrita		La Barrita Myprotein Hazelnut Wafer
mariscos		La Gula del Norte con gambas al ajillo pack de 2x135 g
otros		La gula del norte fresca LA GULA DEL NORTE, pack 2x210 g
especias		La gula s/ gluten red. sal LA GULA DEL NORTE, pack 2x100 g
suplementos		Lactoferrina 200mg (Essential Series)
bebidas	bebida	Lactozumo Caribe DON SIMON, pack 6x200 ml
bebidas	bebida	Lactozumo Tropical DON SIMON, pack 6x200 ml
bebidas	bebida	Lactozumo funciona sabor Tropical DON SIMON, pack 3x330 ml
bebidas	bebida	Lactozumo funciona sabor multifrutas DON SIMÓN, pack 3x300 ml
bebidas	bebida	Lactozumo multifrutas DON SIMÓN, brik 1 litro
bebidas	bebida	Lactozumo sabor Mediterráneo PASCUAL Bifrutas, pack 6x200 ml
bebidas	bebida	Lactozumo sabor Pacífico PASCUAL Bifrutas, pack 3x330 ml
bebidas	bebida	Lactozumo sabor mediterráneo BIFRUTAS de PASCUAL, brik 1 litro
bebidas	bebida	Lactozumo sabor paraiso PASCUAL BIFRUTAS, pack 3x330 ml
bebidas	bebida	Lactozumo tropical EROSKI, pack 3x330 ml
bebidas	bebida	Lactozumo tropical zero DON SIMON, pack 6x200 ml
bebidas	bebida	Lactozumo zero sabor Caribe DON SIMÓN, pack 6x200 ml
bebidas	bebida	Lactozumo zero sabor Mediterráneo DON SIMON, pack 3x330 ml
bebidas	bebida	Lactozumo zero sabor Mediterráneo DON SIMÓN, pack 6x200 ml
fiambres		Lacón al horno en Lascas en lonchas Carrefour El Mercado sin gluten y sin lactosa 250 g
fiambres		Lacón cortado a mano Dia Nuestra Alacena 170 g
fiambres		Lacón extra ahumado natural EROSKI MAESTRO, bandeja 150 g
otros		Langosstino pelado ASC FINDUS, bolsa 180 g
mariscos		Langostino Jumbo 2 kg (Pescanova)
mariscos		Langostino Vannamei Cocido 800g (Pescanova)
mariscos		Langostino blanco calibre 30/40 GGN EROSKI Natur, bandeja 450 g
mariscos		Langostino cocido
mariscos		Langostino cocido calibre 40/50 EROSKI, bandeja 450 g
mariscos		Langostino cocido congelado (30/40 ud) Pescatrade 900 g
mariscos		Langostino crudo 35/42 EROSKI BASIC, caja 700 g
mariscos		Langostino crudo grande 32/48 piezas Dia Mari Marinera 800 g
mariscos		Langostino crujiente AGUINAMAR, bandeja 200 g
mariscos		Langostino rebozado PESCANOVA, bolsa 300 g
mariscos		Langostino salvaje crudo 18/26 grande EROSKI, caja 600 g
mariscos		Langostino vannamei cocido pelado Carrefour Classic 220 g
mariscos		Langostino vannamei pelado cocido PESCANOVA, bandeja 200 g
mariscos		Langostinos rodolfo Pescanova 500 g
res		Lasagna de carne AMEZTOI, bandeja 320 g
pasta		Lasaña 4 Quesos MAHESO, caja 280 g
pasta		Lasaña Boloñesa Con Jamón Ibérico Gratinada (ElPozo)
pasta		Lasaña a la barbacoa MAHESO, caja 300 g
pasta		Lasaña a la boloñesa EROSKI, pack 2x300 g
pasta		Lasaña al huevo GALLO, caja 290 g
pasta		Lasaña boloñesa Carrefour pack de 2 unidades de 500 g.
pasta		Lasaña boloñesa LA COCINERA, caja 500 g
pasta		Lasaña boloñesa Maheso sin gluten 525 g.
pasta		Lasaña boloñesa gratinada El Mercado 700 g
pasta		Lasaña boloñesa sin gluten Dia Al Punto 525 g
pasta		Lasaña de Espinacas y Queso La Cocinera 500 g.
pasta		Lasaña de atún EROSKI, pack 2x300 g
pasta		Lasaña de atún: fácil en horno y microondas (La Cocinera)
pasta		Lasaña de carne MAHESO, bandeja 400 g
pasta		Lasaña de carne sin gluten MAHESO, caja 525 g
pasta		Lasaña de pollo 325g (Noel)
pasta		Lasaña de pollo gratinada 350 g
pasta		Lasaña de verdura Dia Al Punto 300 g
pasta		Lasaña de verduras 325g (Noel)
pasta		Lasaña de verduras LA COCINERA, caja 280 g
pasta		Lasaña directa al horno GALLO, caja 224 g
proteina		Latte Caliente con Proteína Whey - Chocolate Blanco - Clásico (Prozis)
fiambres		Lay's 3D's sabor queso y bacon 85 g
otros		Lay's sabor campesina 150 g
otros		Lazos Virgen del Brezo 180 g
otros		Lazos cebra 6 ud
bebidas	bebida	Lcasei fresa, platano y piña coco EROSKI, pack 12x100 ml
bebidas	bebida	Lcasei natural azucarado EROSKI, pack 12x100 ml
bebidas	bebida	Lcasei sabor fresa EROSKI, pack 12x100 ml
chocolates		Lean Premium Dipped Almonds - Chocolate negro - Almendras y chocolate blanco Almendras (Prozis)
chocolates		Lean Premium Dipped Almonds - Chocolate negro - Almendras y chocolate negro Almendras (Prozis)
chocolates		Lean Premium Dipped Almonds - Chocolate negro - Avellana y Chocolate con Leche Avellanas (Prozis)
chocolates		Lean Premium Dipped Almonds - Chocolate negro - Cacahuete y chocolate con leche Cacahuetes (Prozis)
chocolates		Lean Premium Dipped Almonds - Chocolate negro - Cacahuete y chocolate negro Cacahuetes (Prozis)
chocolates		Lean Premium Dipped Almonds - Chocolate negro - Pistacho y chocolate blanco Pistachos (Prozis)
postres		Lean Protein Pudding - Chocolate y avellanas Lean Protein Pudding (Prozis)
leche	bebida	Leche Desnatada 0,0% MG 1L (Central Lechera Asturiana)
leche	bebida	Leche Desnatada rica en Calcio (Central Lechera Asturiana)
leche	bebida	Leche Entera Tradicional 0,5L en Brik (Central Lechera Asturiana)
leche	bebida	Leche Semidesnatada en brik de 1l (Central Lechera Asturiana)
leche	bebida	Leche Sin Lactosa Desnatada 1,5 L (Central Lechera Asturiana)
leche	bebida	Leche botella desnatada KAIKU, botella 1,5 litros
leche	bebida	Leche botella semidesnatada KAIKU, botella 1,5 litros
leche	bebida	Leche con calcio y colágeno desnatada PULEVA, brik 1 litro
leche	bebida	Leche concentrada KAIKU, brik 1 litro
leche		Leche condensada Dia Láctea 450 g
leche		Leche condensada EROSKI, dosificador 450 g
chocolates		Leche condensada de chocolate LA LECHERA, dosificador 450 g
leche		Leche condensada desnatada EROSKI, dosificador 450 g
leche		Leche condensada desnatada LA LECHERA, lata 387 g
leche	bebida	Leche crecimiento Peques 2 Puleva 1 L
leche	bebida	Leche crecimiento con cereales 1+ NESTLÉ, brik 1 litro
leche		Leche crecimiento con galleta maría +3 años Nestlé 1 L
veg_drinks	bebida	Leche de Almendras SANTIVERI, brik 1 litro
veg_drinks	bebida	Leche de Coco Bio (NaturGreen)
veg_drinks	bebida	Leche de Coco Bio 400 ml Ecosana (Drasanvi)
infantil	bebida	Leche de Continuación Etapa 2 BLEDINA, lata 800 g
veg_drinks	bebida	Leche de coco AMÉRICA, lata 400 ml
veg_drinks	bebida	Leche de coco GOYA, lata 400 ml
veg_drinks	bebida	Leche de coco light GOYA, lata 400 ml
infantil	bebida	Leche de continuación 2 bio HIPP, caja 600 g
infantil	bebida	Leche de continuación NATIVA 2, saco 1.200 g
infantil	bebida	Leche de continuación NESTLÉ Nidina Premium 2, lata 800 g
infantil	bebida	Leche de continuación NIDINA 2, pack 2x800 g
infantil	bebida	Leche de continuación Nativa 1 L
infantil	bebida	Leche de continuación a partir de 6 meses NIDINA 2, caja 1.200 g
infantil	bebida	Leche de crecimiento NATIVA 3, caja 1.200 g
infantil	bebida	Leche de crecimiento NESTLÉ Nativa 3, lata 800 g
infantil	bebida	Leche de crecimiento NIDINA 3, pack 2x800 g
infantil	bebida	Leche de crecimiento PULEVA Peques 3, brik 1 litro
infantil	bebida	Leche de crecimiento original NESTLÉ JUNIOR, brik 1 litro
infantil		Leche de fórmula anti-regurgitación a partir del primer día en polvo Almirón Advance AR 1 lata 800 g.
bebidas_lata	bebida	Leche de iniciación NESTLÉ NATIVA 1, lata 800 g
leche	bebida	Leche de inicio 1 bio HIPP, caja 300 g
leche	bebida	Leche de oveja pasteurizada ULTZAMA, botella 1 litro
leche	bebida	Leche desnatada 0% sin lactosa M. G. ASTURIANA, brik 1 litro
leche	bebida	Leche desnatada ASTURIANA, botella 1,5 litros
leche	bebida	Leche desnatada ASTURIANA, brik 1 litro
leche	bebida	Leche desnatada ASTURIANA, brik 50 cl
leche	bebida	Leche desnatada BOMILK, brik 1 litro
leche	bebida	Leche desnatada CELTA, brik 1,5 litros
leche	bebida	Leche desnatada CELTA, brik brik 1 litro
leche	bebida	Leche desnatada EROSKI, botella 1,5 litros
leche	bebida	Leche desnatada Lauki 1 L
leche	bebida	Leche desnatada PASCUAL, botella 1,5 litros
leche	bebida	Leche desnatada PASCUAL, brik 1 litro
leche	bebida	Leche desnatada PRESIDENT, brik 1 litro
leche	bebida	Leche desnatada RAM, brik 1 litro
leche	bebida	Leche desnatada Suprema (Central Lechera Asturiana)
leche	bebida	Leche desnatada calcio ASTURIANA, brik 1 litro
leche	bebida	Leche desnatada calcio Asturiana 1 L
leche	bebida	Leche desnatada calcio Dia Láctea 1 L
leche	bebida	Leche desnatada calcio PASCUAL, brik 1 litro
leche	bebida	Leche desnatada calcio PULEVA, brik 1 litro
leche	bebida	Leche desnatada calcio Pascual Movit 1 L
leche	bebida	Leche desnatada calcio plus KAIKU, brik 1 litro
leche	bebida	Leche desnatada del País Vasco EROSKI, brik 1 litro
leche	bebida	Leche desnatada filtrada con alto contenido de proteínas Carrefour Sensation sin lactosa 1 l.
leche	bebida	Leche desnatada omega 3 Puleva 1 L
leche	bebida	Leche desnatada sin lactosa Asturiana 1 L
leche	bebida	Leche desnatada sin lactosa Dia Láctea 1 L
leche	bebida	Leche desnatada sin lactosa KAIKU, brik 1 litro
leche	bebida	Leche desnatada sin lactosa alta en proteínas Dia Láctea 1 L
leche	bebida	Leche desnatada sin lactosa dinamic protein Pascual 1 L
leche	bebida	Leche desnatada suprema Asturiana 1 L
leche	bebida	Leche en botella 0,0% MG 1,5l (Central Lechera Asturiana)
leche	bebida	Leche en botella Desnatada 1 L (Central Lechera Asturiana)
leche	bebida	Leche en botella desnatada 1,5 L (Central Lechera Asturiana)
leche	bebida	Leche en botella entera 1 L (Central Lechera Asturiana)
leche	bebida	Leche en botella entera 1,5 L (Central Lechera Asturiana)
infantil		Leche en polvo ALMIRÓN ADVANCE 1, lata 1.200 g
infantil		Leche en polvo BLEMIL OPTIMUM EVOLUTION PROTECH 1, lata 800 g
leche		Leche en polvo Desnatada SVELTESSE, lata 400 g
leche		Leche en polvo NAN TOTAL CONFORT 1, lata 800 g
leche		Leche en polvo desnatada 800g (Central Lechera Asturiana)
leche		Leche en polvo entera de 1kg (Central Lechera Asturiana)
leche	bebida	Leche entera 1l (Central Lechera Asturiana)
leche	bebida	Leche entera ASTURIANA, botella 1,5 litros
leche	bebida	Leche entera ASTURIANA, botella 2,2 litros
leche	bebida	Leche entera ASTURIANA, brik 1 litro
leche	bebida	Leche entera ASTURIANA, pack 6x200 ml
leche	bebida	Leche entera Asturiana botella 2.2 L
leche	bebida	Leche entera BOMILK, brik 1 litro
leche	bebida	Leche entera CELTA, brik 1,5 litros
leche	bebida	Leche entera Celta 1 L
leche	bebida	Leche entera Central Lechera Asturiana brik 1 l.
leche	bebida	Leche entera EROSKI, botella 1,5 litros
leche	bebida	Leche entera EUSKAL HERRIA, brik 1 litro
leche	bebida	Leche entera GURELESA, brik 1 litro
leche	bebida	Leche entera KAIKU, botella 1,5 litros
leche	bebida	Leche entera KAIKU, brik 1 litro
leche	bebida	Leche entera LACTURALE, brik 1 litro
leche	bebida	Leche entera Madriz 1 L
leche	bebida	Leche entera PASCUAL, brik 1 litro
leche	bebida	Leche entera Pascual 1 L
leche	bebida	Leche entera Vita Calcio Puleva brik 1 l.
leche	bebida	Leche entera calcio Dia Láctea 1 L
leche	bebida	Leche entera del País Vasco EROSKI, brik 1 litro
leche	bebida	Leche entera ecológica PULEVA, brik 1 litro
leche	bebida	Leche entera sin lactosa EROSKI, brik 1 litro
leche	bebida	Leche entera sin lactosa KAIKU, brik 1 litro
leche	bebida	Leche evaporada Dia Láctea 3 x 200 ml
leche	bebida	Leche evaporada Extra Carrefour 500 ml.
yogurt	bebida	Leche fermentada beber sabor fresa-plátano DANONE, botella 550 g
yogurt		Leche fermentada con fermentos de kéfir Kaiku 115 g. + Muesli con chocolate 10 g.
yogurt	bebida	Leche fermentada con fermentos de kéfir con naranja Kaiku pack de 4 unidades de 125 g.
yogurt	bebida	Leche fermentada con fresa y granada ACTIMEL, pack 6+2x100 ml
yogurt	bebida	Leche fermentada desn. natural 0% DANONE VITALINEA, pack 4x120 g
yogurt	bebida	Leche fermentada desnatada con melocotón y bifidus Danone Activia sin lactosa pack de 4 unidades de 120 g.
yogurt	bebida	Leche fermentada desnatada lima limón Danacol sin gluten pack de 14 unidades de 100 g.
yogurt	bebida	Leche fermentada líquida de lima-limón sin azúcar añadido Danone Danacol sin gluten pack de 6 unidades de 100 g.
yogurt	bebida	Leche fermentada líquida natural Kaikucol pack de 8 unidades de 65 g.
yogurt	bebida	Leche fermentada líquida natural sin azúcar añadido Kaiku Kaikucol Zero sin gluten y sin lactosa pack de 12 unidades de 65 g.
yogurt	bebida	Leche fermentada líquida sabor fresa Danone Actimel Kids sin gluten pack 6 unidades 100 g.
yogurt	bebida	Leche fermentada natural c/ virutas de cacao YOPRO, pack 4x120 g
yogurt	bebida	Leche fermentada natural edulcorado Carrefour Classic sin azúcares añadidos pack de 6 unidades de 125 g.
yogurt	bebida	Leche fermentada sabor arándanos YOPRO, pack 4x120 g
yogurt	bebida	Leche fermentada sabor fresa YOPRO, pack 4x120 g
yogurt	bebida	Leche fermentada sabor natural YOPRO, tarrina 450 g
yogurt	bebida	Leche fermentada sabor vainilla YOPRO, pack 4x120 g
yogurt	bebida	Leche fermentada semidesnatada multifrutas Danone Actimel pack de 6 unidades de 100 g.
leche	bebida	Leche fresca semidesnatada PULEVA, botella 1 litro
infantil	bebida	Leche infantil crecimiento Peques 3 Puleva 1 L
infantil	bebida	Leche infantil crecimiento con cereales Peques 3 Puleva 1 L
infantil	bebida	Leche infantil de continuación desde 6 meses Blemil Forte 2 lata 1200 g.
infantil	bebida	Leche infantil de continuación desde 6 meses Danone Blédina 2 sin azúcar añadido lata 800 g.
infantil	bebida	Leche infantil de continuación desde 6 meses Nestlé Nan Supreme Pro 2 lata 800 g.
infantil		Leche infantil de continuación desde 6 meses en polvo Almirón Advance 2 sin aceite de palma 1200 g.
infantil		Leche infantil de continuación desde 6 meses en polvo Almirón Advance AR lata 800 g.
infantil		Leche infantil de continuación desde 6 meses en polvo Almirón Digest lata 800 g.
infantil		Leche infantil de continuación desde 6 meses en polvo Almirón Profutura 2 Duobiotik sin aceite de palma lata 800 g.
infantil		Leche infantil de continuación desde 6 meses en polvo Enfamil Complete 2 800 g.
infantil		Leche infantil de continuación desde 6 meses en polvo Evolution2 Blemil Optimum lata de 1200 g.
infantil		Leche infantil de continuación desde 6 meses en polvo Nestlé Nidina 2 pack de 2 unidades de 600 g.
infantil		Leche infantil de continuación desde 6 meses en polvo Nutribén Innova 2 sin aceite de palma lata 800 g.
infantil	bebida	Leche infantil de continuación desde 6 meses líquida Nestlé Nan Optipro2 brik 500 ml.
infantil		Leche infantil de continuación desde los 6 meses en polvo Confort Digest Nestlé Nidina 2 lata 800 g.
infantil		Leche infantil de continuación desde los 6 meses en polvo Nestlé Nan Optipro 2 lata 800 g.
infantil	bebida	Leche infantil de crecimiento desde 1 año Nutribén Innova sin azúcar añadido lata 800 g.
infantil	bebida	Leche infantil de crecimiento desde 2 años Almirón Advance ata 800 g.
infantil		Leche infantil de crecimiento desde los 12 meses en polvo Nestlé Nan Optipro 3 lata 800 g.
infantil		Leche infantil desde 6 meses en polvo Nestlé Nan Expert Pro Total Confort 2 lata 800 g.
infantil		Leche infantil en polvo crecimiento +12 meses Nidina 800 g
infantil		Leche infantil en polvo de inicio Nidina 800 g
infantil		Leche infantil para lactantes 1 desde el primer día en polvo Nutriben Natal Pro-a sin aceite de palma lata 800 g.
infantil	bebida	Leche infantil para lactantes desde el primer día Enfamil Complete 800 g.
infantil		Leche infantil para lactantes desde el primer día en polvo Almirón Advance 1 sin aceite de palma 1200 g.
infantil		Leche infantil para lactantes desde el primer día en polvo Almirón Advance 1 sin aceite de palma lata 800 g.
infantil		Leche infantil para lactantes desde el primer día en polvo Nutribén Innova TOProtein 1 sin aceite de palma lata 800 g.
infantil		Leche infantil para lactantes en polvo AR Nidina 1 lata 800 g.
infantil		Leche infantil para lactantes en polvo Almirón Digest 1 lata 800 g.
infantil		Leche infantil para lactantes en polvo Almirón Profutura 1 sin aceite de palma lata 800 g.
infantil		Leche infantil para lactantes en polvo Blemil Confort Protech 1 lata 800 g.
infantil		Leche infantil para lactantes en polvo Blemil Plus Forte 1 lata 1200 g.
infantil		Leche infantil para lactantes en polvo Nestlé Nan Optipro 1 1200 g.
infantil		Leche infantil para lactantes en polvo Nestlé Nan Supreme Pro 1 lata 800 g.
infantil		Leche infantil para lactantes en polvo Nutribén A.R. lata 800 g.
bebidas_lata	bebida	Leche para lactantes Etapa 1 Inicio BLEDINA, lata 800 g
leche	bebida	Leche para lactantes NAN OPTIPRO 1, caja 1.200 g
leche	bebida	Leche semidesnatada
leche	bebida	Leche semidesnatada ASTURIANA, botella 1 litro
leche	bebida	Leche semidesnatada ASTURIANA, botella 1,5 litros
leche	bebida	Leche semidesnatada ASTURIANA, botella 2,2 litros
leche	bebida	Leche semidesnatada ASTURIANA, brik 1 litro
leche	bebida	Leche semidesnatada ASTURIANA, brik 50 cl
leche	bebida	Leche semidesnatada CELTA, brik 1,5 litros
leche	bebida	Leche semidesnatada EROSKI, botella 1,5 litros
leche	bebida	Leche semidesnatada PASCUAL, botella 1,5 litros
leche	bebida	Leche semidesnatada PASCUAL, brik 1 litro
leche	bebida	Leche semidesnatada PASCUAL, pack 6x188 ml
leche	bebida	Leche semidesnatada PRESIDENT, botella 1,5 litros
leche	bebida	Leche semidesnatada Pascual brik 1 l.
leche	bebida	Leche semidesnatada calcio ASTURIANA, brik 1 litro
leche	bebida	Leche semidesnatada calcio EROSKI, brik 1 litro
leche	bebida	Leche semidesnatada calcio PASCUAL, brik 1 litro
leche	bebida	Leche semidesnatada calcio PULEVA, brik 1 litro
leche	bebida	Leche semidesnatada calcio Pascual Movit 1 L
leche	bebida	Leche semidesnatada del PaÍs Vasco EROSKI, brik 1 litro
leche	bebida	Leche semidesnatada sin lactosa ASTURIANA, brik 1 litro
leche	bebida	Leche semidesnatada sin lactosa Dia Láctea 1 L
leche	bebida	Leche semidesnatada sin lactosa KAIKU, brik 1 litro
leche	bebida	Leche semidesnatada sin lactosa Puleva botella 1 L
leche	bebida	Leche sin lactosa desnatada 0% MG 1l (Central Lechera Asturiana)
leche	bebida	Leche sin lactosa desnatada EROSKI, brik 1 litro
leche	bebida	Leche sin lactosa desnatada PASCUAL, brik 1 litro
leche	bebida	Leche suprema semidesnatada Asturiana 1 L
leche	bebida	Leche uht 0,0% Materia Grasa ASTURIANA, brik 1 litro
verduras		Lechuga Romana EROSKI, unidad
verduras		Lechuga iceberg lavada Dia Vegecampo 200 g
soja		Lecitina de Soja IP 450 g Natursana (Drasanvi)
soja		Lecitina de soja NATUR TIERRA, lata 300 g
soja		Lecitina de soja granulada Soy Lecithin Granules (Food Series)
legumbres		Lenteja Cocida Extra Ecológica 700 g Ecosana (Drasanvi)
legumbres		Lenteja Dupuy Bio 5 kg Ecosana (Drasanvi)
legumbres		Lenteja I.G.P. Tierra de Campos E. SELEQTIA, caja 500 g
legumbres		Lenteja Marrón Bio 500 g Ecosana (Drasanvi)
legumbres		Lenteja Roja Coral Bio 500 g Ecosana (Drasanvi)
legumbres		Lenteja castellana Don Pedro 1 kg.
legumbres		Lenteja pardina Don Pedro 1 kg.
legumbres		Lenteja pardina EL HOSTAL, paquete 1 kg
legumbres		Lenteja pardina LA ASTURIANA, paquete 1 kg
legumbres		Lenteja roja ecológica Naturgreen 500 g.
legumbres		Lenteja rápida MARAVILLA, caja 1 kg
legumbres		Lenteja selecta LUENGO, paquete 1 kg
legumbres		Lentejas a la Riojana EROSKI, lata 425 g
legumbres		Lentejas cocidas
legumbres		Lentejas cocidas Dia Vegecampo 210 g
verduras		Lentejas con verduras COCINA MAGUI, bandeja 300 g
legumbres		Lentejas estilo casero Carretilla 300 g.
legumbres		Lentejas pardinas La Asturiana 1 Kg
legumbres		Lentejas rojas VERITAS, paquete 500 g
suplementos		Levadura Desamargada 150 g Natursana (Drasanvi)
suplementos		Levadura Nutricional 125 g Natursana (Drasanvi)
granos		Levadura de arroz rojo (5% monacolinas) + coenzima Q10 Red Rice Yeast Coq10 (Essential Series)
cerveza	bebida	Levadura de cerveza EROSKI, paquete 125 g
cerveza	bebida	Levadura de cerveza Vivisima+ 50 unidades
cerveza	bebida	Levadura de cerveza en cápsulas D. RADISSON, frasco 200 uds
otros		Levadura de panadería ROYAL, caja 27,5 g
otros		Levadura de panadería Royal 27.5 g
otros		Levadura en polvo VAHINÉ, bote 180 g
otros		Levadura fresca Levanova 2 x 25 g
cereales		Levadura nutricional (Engevita®) en copos Nutritional Yeast (Food Series)
suplementos		Levagen®+ Palmitoylethanolamide (Prozis)
suplementos		Lib-D Plus (Prozis)
suplementos		Libido Care especial hombre (Essential Series)
suplementos		Libido Care especial mujer For Woman (Essential Series)
suplementos		Libido Care especial mujer Women (Essential Series)
cerdo		Libritos de lomo de cerdo (Noel)
alcohol	bebida	Licor 43 70 cl.
alcohol	bebida	Licor KARPI, botella 70 cl
alcohol	bebida	Licor LICOR 43, botella 70 cl
alcohol	bebida	Licor THUNDER BITCH, botella 70 cl
alcohol	bebida	Licor crema de chocolate Anderson 70 cl
alcohol	bebida	Licor crema de fresa Quetzalina 70 cl
alcohol	bebida	Licor de café Abadía da Cova 70 cl
alcohol	bebida	Licor de café REXIDOR, garrafa 3 litros
alcohol	bebida	Licor de café RUAVIEJA, botella 70 cl
alcohol	bebida	Licor de crema de orujo light Ruavieja 70 cl
alcohol	bebida	Licor de endrinas navarro BASARANA 20, botella 1 litro
alcohol	bebida	Licor de hierbas EL AFILADOR, botella 70 cl
alcohol	bebida	Licor de hierbas Ruavieja 70 cl
alcohol	bebida	Licor de manzana GRANPOMIER, botella 70 cl
alcohol	bebida	Licor de manzana sin alcohol Soñador 70 cl
alcohol	bebida	Licor de maracuyá Royal Swan
alcohol	bebida	Licor de melocotón GRANDPECHER, botella 70 cl
alcohol	bebida	Licor de melocotón sin alcohol RIVES, botella 70 cl
alcohol	bebida	Licor de melón MARIE BRIZARD, botella 70 cl
bebidas	bebida	Limonada GRANINI, botella 1 litro
bebidas_lata	bebida	Limonada con gas sabor lima DON SIMÓN, lata 33 cl
bebidas	bebida	Limonada con jengibre y menta Dia Saborfera 750 ml
bebidas	bebida	Limonada light con gas Dia Upss 330 ml
bebidas	bebida	Limoncello Alvini 50 cl
bebidas	bebida	Limoncello VILLA MASSA, botella 70 cl
otros		Lino Marrón Molido Bio (NaturGreen)
otros		Lino dorado molido bio SOLNATURAL, bolsa 250 g
suplementos		Liposomales Liposomal Collagen+C - Lichi (Vitobest)
suplementos		Liposomales Liposomal Liposomal Vitamin D3+K2 (Vitobest)
suplementos		Liposomales Liposomal Vitamin K2 (Vitobest)
bebidas	bebida	Liv Complex - Energy Complex (Prozis)
suplementos		Liv Complex - Eye Defense Formula blandas (Prozis)
suplementos		Liv Complex - Immune System (Prozis)
suplementos		Liv Complex - Joints & Bones (Prozis)
suplementos		Liv Complex - Liv Complex (Prozis)
suplementos		Liv Complex - Nervous System (Prozis)
suplementos		Liv Complex - Prost Complex (Prozis)
suplementos		Liv Complex - Sleep Better (Prozis)
suplementos		Liver Care (salud hepática) * (Essential Series)
chocolates		Llet avellanes senceres 150g (Torras)
pescado		Lomitos de salmón ahumado E. SELEQTIA, bandeja 100 g
cerdo		Lomo Adobado Horno (ElPozo)
cerdo		Lomo Cebo Ibérico (ElPozo)
cerdo		Lomo Hacendado
cerdo		Lomo Ibérico Marinado (ElPozo)
cerdo		Lomo adobado bajo sal EROSKI, bandeja 300 g
cerdo		Lomo adobado de cerdo (Noel)
cerdo		Lomo adobado fileteado EROSKI, bandeja aprox. 800 g
cerdo		Lomo adobado fileteado al vacío XXL EROSKI, bandeja aprox. 800 g
cerdo		Lomo al ajillo con patatas asadas Carretilla sin gluten sin aceite de palma 250 g.
cerdo		Lomo back bacon Hacendado
cerdo		Lomo cebo 50% raza ibérica VALLE ALAGÓN, al corte, compra mínima 100 g
cerdo		Lomo cebo campo 50% raza ibérica EROSKI, al corte, compra mínima 100 g
cerdo		Lomo curado de caserío BIGA, sobre 100 g
cerdo		Lomo de Cebo Ibérico 50% Raza Ibérica en lonchas Círculo de Calidad 100 g
pescado		Lomo de bacalao MareDeus ultracongelado
pescado		Lomo de bacalao desalado GIRALDO, bandeja 370 g
cerdo		Lomo de bellota 100% ibérico E.SELEQTIA, al corte, compra mínima 100 g
cerdo		Lomo de cebo de campo ibérico Villar 90 g
cerdo		Lomo de cebo ibérico 50% raza Ibérica 90g (Noel)
cerdo		Lomo de cebo ibérico 50% raza ibérica cortado a máquina
cerdo		Lomo de cebo ibérico 50% raza ibérica en lonchas extrafinas Carrefour El Mercado sin gluten 100 g
cerdo		Lomo de cerdo empanado Selección de Dia 450 g aprox.
cerdo		Lomo de cerdo ibérico adobado EROSKI, bandeja aprox. 350 g
cerdo		Lomo de cerdo marinado empanado sin gluten
pescado		Lomo de salmón El Mercado pack de 3 unidades de 100 g
embutidos		Lomo embuchado EROSKI, al corte, compra mínima 100 g
embutidos		Lomo embuchado duroc ARBIZU, sobre 100 g
pescado		Lomo extra de bacalao ROYAL, bandeja 300 g
cerdo		Lomo ibérico de cebo 50% raza ibérica MATORRAL, sobre 125 g
cerdo		Lomo ibérico de cebo 50% raza ibérica NAVIDUL, sobre 110 g
cerdo		Lomos de abadejo de Alaska sin piel PESCANOVA, bolsa 400 g
pescado		Lomos de bacalao PESCANOVA, bandeja 300 g
pescado		Lomos de bacalao desalado MSC EROSKI SELEQTIA, bandeja 400 g
pescado		Lomos de bonito en aceite de girasol (Calvo)
pescado		Lomos de caballa en aceite de oliva OLASAGASTI, frasco 135 g
pescado		Lomos de merluza del Cabo PESCANOVA, caja 400 g
pescado		Lomos de salmón Dia Selección Mundial 250 g
pescado		Lomos de salmón en aceite de oliva COSTA VASCA, frasco 200 g
pollo		Lonchas Vegetarianas Sabor Pollo (Campofrío)
verduras		Lonchas con aceitunas y pimiento (Noel)
verduras		Lonchas con verduras (Noel)
otros		Lonchi-vegan de mortadella bio ECOCESTA, bandeja 100 g
otros		Lonchi-vegan sabor salami ECOCESTA, bandeja 100 g
hamburguesas		Long Burger Supreme HEURA, caja 210 g
embutidos		Longaniza Blanca Fresca 1954 (ElPozo)
embutidos		Longaniza Roja Carrefour 500 g aprox
embutidos		Longaniza blanca fresca Carrefour El Mercado 650 g
embutidos		Longaniza de Aragón extra EROSKI SELEQTIA, 1 ud
embutidos		Longaniza de pollo EROSKI, bandeja 575 g
embutidos		Longaniza fresca de pollo
embutidos		Longaniza magro fresca
embutidos		Longaniza mixta de pollo-cerdo EROSKI, bandeja 360 g
embutidos		Longaniza roja fresca
embutidos		Longaniza sin tripa Selección de Dia 325 g
embutidos		Lote de embutidos VILLAR, bandeja 760 g
chocolates		Low Sugar Hazel-Choco Butter - Smooth (Prozis)
pescado		Lubina ASC Dia Mari Marinera 180 g
pescado		Lubina con risotto de setas GIRALDO, bandeja 280 g
otros		Lunch EROSKI, sobre 250 g
embutidos		Lunch SALAMI, sobre 150 g
otros		Lunch al corte (Campofrío)
suplementos		Luteina + zeaxantina 20mg/1mg Lutein Zeaxanthin (Essential Series)
suplementos		MAGNESIUM SUCROSOMIAL® [ ] (bigsuplements)
suplementos		MAMBO [ ] (bigsuplements)
galletas		MAX COOKIES BOX [12packs] - Black Choc (Max Protein Oficial)
galletas		MAX COOKIES LACASITOS® (Max Protein Oficial)
proteina		MICELLAR CASEIN CACAOLAT® -33 servicios (BIG®)
panaderia		MIGUELITOS - CAJA 1,5kg (Dulcesol)
panaderia		MINI PALMERITAS (Hermanos Juan)
bebidas	bebida	MIX - 8 HIGH ENERGY GEL (226ERS)
suplementos		MIX MACA 60 COMPRIMIDOS DRASANVI
fiambres		MORTADELA DE PAVO CON ACEITUNAS 3,5kg (ElPozo)
suplementos		MSM (metilsulfonilmetano) 1000mg (Essential Series)
bebidas	bebida	MULTIPHASE PROTEIN PUDDING - Batido Proteico - Chocolate (226ERS)
suplementos		MYO-INOSITOL (Be Essential®)
suplementos		Maca Bio 225 g Doypack Superalimentos Drasanvi
suplementos		Maca complex especial hombre Men (Essential Series)
suplementos		Maca complex especial mujer Women 120 (Essential Series)
suplementos		Maca complex especial mujer Women 30 (Essential Series)
legumbres		Macacarrón guisante GALLO NATURE, paquete 250 g
chocolates		Macarons de chocolate Dulcesol
panaderia		Macarons de vainilla Dulcesol
pasta		Macarrones Dia Al Diante 500 g
pasta		Macarrones EROSKI basic, paquete 1 kg
pasta		Macarrones al bronce GALLO, paquete 800 g
pasta		Macarrones boloñesa Carrefour El Mercado 280 g
pasta		Macarrones boloñesa Carretilla 325 g
pasta		Macarrones con atún en salsa de tomate Carretilla 325 g.
pasta		Macarrones rayados Dia Al Diante 500 g
pasta		Macarrones vegetales Dia Al Diante 500 g
pasta		Macarrón (Hacendado)
pasta		Macarrón XL al bronce GALLO, paquete 450 g
pasta		Macarrón grueso Hacendado
pasta		Macarrón rayado GALLO, paquete 1 kg
pasta		Macarrón rayado GALLO, paquete 400 g
verduras		Macedonia de verduras EROSKI, frasco 400 g
panaderia		Magdalena 0% azúcar LA BELLA EASO, 8 unid., paquete 232 g
panaderia		Magdalena LA GRANJA, bolsa 275 g
panaderia		Magdalena PROCELI, 4 unid., paquete 160 g
panaderia		Magdalena casera EROSKI, bolsa 600 g
panaderia		Magdalena cuadrada EROSKI BASIC, paquete 350 g
panaderia		Magdalena redonda EROSKI BASIC, paquete 540 g
panaderia		Magdalena rellena de chocolate ST MICHEL, paquete 240 g
panaderia		Magdalena rústica EROSKI, bandeja 400 g
panaderia		Magdalena sin azúcar EROSKI, paquete 240 g
leche	bebida	Magdalena sin frutos secos-sin leche ANTONIO ANAUT, bolsa 400 g
panaderia		Magdalena sin gluten GERBLÉ, caja 180 g
panaderia		Magdalena valenciana EROSKI, paquete 350 g
panaderia		Magdalenas 0% azúcares añadidos Dulcesol 240 g
panaderia		Magdalenas AIROS, 6 uds., paquete 210 g
panaderia		Magdalenas clásicas El Molino de Dia 515 g
panaderia		Magdalenas con pepitas de chocolate AIROS, 6 uds., paquete 210 g
panaderia		Magdalenas con yogur Luna 16 ud.
panaderia		Magdalenas concha Arenas 300 g
panaderia		Magdalenas cuadradas Carrefour Classic 12 ud.
panaderia		Magdalenas de cacao Dulcesol
panaderia		Magdalenas de chocolate sin gluten PROCELI, paquete 180 g
panaderia		Magdalenas estilo casero DULCESOL, 6 uds, paquete 300 g
panaderia		Magdalenas estilo tradicional El Molino de Dia 434 g
panaderia		Magdalenas integrales con malta y azúcar moreno, bandeja 240 g
panaderia		Magdalenas mini estilo tradicional con pepitas de chocolate The Rustik Bakery 190 g.
panaderia		Magdalenas sin gluten El Molino de Dia 160 g
suplementos		Magnesio & calcio Albion® (Swanson)
suplementos		Magnesio (Vitobest)
suplementos		Magnesio 5 Complex - AMIX Performance
suplementos		Magnesio 60 Comprimidos Keto Drasanvi
suplementos		Magnesio Quelado MagneChel® - Amix Performance
suplementos		Magnesio Quelado MagneChel® Drink Mango - Amix Performance
suplementos		Magnesio formato masticable 60tbl - Amix Performance
suplementos		Magnesio quelado (Quamtrax)
cereales		Magnificent Muesli - Chocolate Negro (Prozis)
cereales		Magnificent Muesli - Chocolate Negro - Cacahuete y chocolate blanco (Prozis)
cereales		Magnificent Muesli - Chocolate Negro - Doble chocolate (Prozis)
frutas		Magnum Signature melocotón 3 x 70 g
frutos_secos		Magnum Signature pistacho 3 x 69,5 g
frutos_secos		Magnum Utopía doble avellana 3 x 70,5 g
frutos_secos		Magnum Utopía doble avellana 6 unidades 276 g
otros		Magnum after dinner classic 8 x 29 g
otros		Magnum mini almendrado 6 x 44 g
pollo		Magret de pato Reyno Gourmet MARTIKO, sobre aprox. 360 g
otros		Magreta Al Ajillo (ElPozo)
otros		Magreta adobada El Mercado 330 g
cerdo		Magro de cerdo Classic Carrefour 220 g.
cerdo		Magro de cerdo Dia Nuestra Alacena 200 g
cerdo		Magro de cerdo cocido extra EROSKI, lata 220 g
suplementos		Malato de magnesio 1000mg (Essential Series)
suplementos		Malato de magnesio 1000mg - 180 tabs (Now Foods)
suplementos		Malato de magnesio en polvo Magnesium Malate Powder (Raw Series)
cerdo		Maletín Paleta Cebo Ibérica (ElPozo)
cerdo		Maletín de Jamón de Cebo Ibérico 50% Raza Ibérica en lonchas El Pozo sin gluten y sin lactosa 15 sobres de 50 g
cerdo		Maletín de Jamón de Cebo Ibérico 50% Raza Ibérica en lonchas Navidul 10 sobres de 70 g
cerdo		Maletín de jamón de cebo ibérico 50% raza ibérica Altorreal 750 g.
otros		Malta Maltín Polar
otros		Malte MULLER, paquete 200 g
frutas		Maltodextrin - Lima-Limón (Prozis)
suplementos		Maltodextrina (Quamtrax)
bebidas_lata	bebida	Maltín Polar lata 33 cl.
frutas		Mandarina TORRES, bolsa 1 kg
bebidas	bebida	Manganeso 10 28x2 ml Ampollas Labcatal (Drasanvi)
bebidas	bebida	Manganeso-Cobre 12 28x2 ml Ampollas Labcatal (Drasanvi)
frutas		Mango deshidratado Dia Naturmundo 90 g
frutas		Mango deshidratado Sensation Carrefour sin azúcar añadido doy pack 90 g
panaderia		Manjus Dulcesol
cerdo		Manos de cerdo
otros		Mantecadas EROSKI, bolsa 525 g
untables		Mantequilla ARIAS, porciones 10x12,5 g
untables		Mantequilla ASTURIANA, tarrina 250 g
untables		Mantequilla BIZKAIA ESNEA, rulo 250 g
untables		Mantequilla De Nuestra Tierra 250 g.
untables		Mantequilla Ghee Bio 300 g Keto Drasanvi
untables		Mantequilla Tradicional en Rulo 250g (Central Lechera Asturiana)
untables		Mantequilla con sal EROSKI, patilla 250 g
untables		Mantequilla de Almendra Natural Original Crocante (Myprotein)
untables		Mantequilla de Anacardos Natural Original Crocante (Myprotein)
untables		Mantequilla de cacahuete 100% natural Original Suave (Myprotein)
untables		Mantequilla extra KAIKU, pastilla 250 g
untables		Mantequilla fácil de untar President 125 g
untables		Mantequilla fácil de untar sin sal PRESIDENT, tarrina 250 g
untables		Mantequilla ligera PRESIDENT, tarrina 250 g
untables		Mantequilla ligera sin lactosa Asturiana 250 g
untables		Mantequilla sin sal Dia Láctea 250 g
untables		Mantequilla sin sal Lurpak 200 g.
untables		Mantequilla sin sal Président 250 g.
untables		Mantequilla sin sal ecológico Carrefour Bio 250 g.
untables		Mantequilla tradicional Arias pack de 10 porciones de 11,5 g.
frutas		Manzana, melocotón y mango HERO, doypack 100 g
frutas		Manzana, plátano y sandía HERO, bolsita 100 g
te	bebida	Manzanilla ALBAMONTE, botella 75 cl
te		Manzanilla Dia Tetería 25 unidades
te	bebida	Manzanilla LA GITANA, botella 75 cl
te		Manzanilla en bolsitas Ship 25 ud.
otros		Maravillas de mar al ajillo Dia Mari Marinera 50 g
untables		Margarina LIGERESA, tarrina 250 g
untables		Margarina Ligeresa 500 g.
untables		Margarina Proactiv 225 g
untables		Margarina al toque de aceite de oliva Flora 225 g
untables		Margarina con Omega 3 Carrefour 500 g.
untables		Margarina con sal Tulipán 400 g
untables		Margarina de maíz sin lactosa Artua 500 g
untables		Margarina ligera Carrefour 500 g.
untables		Margarina ligera Diasol 500 g
untables		Margarina light con aceite de oliva Carrefour 500 g.
untables		Margarina original ProActiv sin gluten sin lactosa sin aceite de palma 450 g.
untables		Margarina rica en omega 3 Flora 400 g
untables		Margarina sabor mantequilla PROACTIV, tarrina 225 g
untables		Margarina sabor mantequilla ProActiv sin gluten y sin lactosa sin aceite de palma 450 g
untables		Margarina vegetal sin aceite de palma FLORA, tarrina 225 g
untables		Margarina vitaminada Diasol 500 g
otros		Margaritas con vegetales GALLO, paquete 450 g
otros		Marmitako CARRETILLA, bandeja 300 g
otros		Maruca en porciones con piel Aligator 475 g
panaderia		Masa de hojaldre LA COCINERA, bandeja 500 g
panaderia		Masa de hojaldre en láminas finas EROSKI, bandeja 500 g
pizza		Masa fina para pizza Dia Al Punto 260 g
pizza		Masa fresca para pizza 5 semillas & cereales Casa Tarradellas 260 g.
preparados		Masa para empanada Cerelia 280 g
pizza		Masa para pizza rectangular Maxi Buitoni 350 g.
pizza		Masa pizza tradizionale redonda Buitoni 330 g.
otros		Mascarpone 500g (Central Lechera Asturiana)
proteina		Massive gainer / Fresa (Quamtrax)
te		Matcha - Asaí en Polvo (Prozis)
te		Matcha - Cáscara de psyllium en polvo (Prozis)
te		Matcha - Cúrcuma en polvo (Prozis)
te		Matcha - Maca en polvo (Prozis)
te		Matcha - Matcha en polvo (Prozis)
te	bebida	Matcha ceremonial Bio 70 g superalimentos Drasanvi
te	bebida	Matcha latte KAIKU, lata 230 g
te	bebida	Matcha latte Kaiku 230 ml
fiambres		Maxi Fiambre de Pollo (Campofrío)
hamburguesas		Maxi burger BIMBO, 4 uds, 290 g
chocolates		Maxi choco sin gluten SCHAR, paquete 250 g
panes		Maxi pan burguer 43% integral EROSKI, 4 uds, paquete 330 g
chocolates		Maxi pepitas de chocolate VAHINÉ, bolsa 100 g
leche		Maxibon nata Nestlé 4 x 96 g
salsas		Mayonesa Calvé 430 ml
salsas		Mayonesa HELLMANN'S, bocabajo 430 ml
salsas		Mayonesa HELLMANN'S, frasco 225 ml
salsas		Mayonesa Hellmann's 450 ml
salsas		Mayonesa Hellmann's sin gluten envase 750 ml.
salsas		Mayonesa Hellmann's sin gluten tarro 225 ml.
salsas		Mayonesa Hellmann's sin gluten y sin lactosa tarro 650 ml.
salsas		Mayonesa Ligeresa sin gluten y sin lactosa tarro 210 ml.
salsas		Mayonesa Musa sin gluten tarro 450 ml.
salsas		Mayonesa VERITAS, frasco 225 ml
salsas		Mayonesa a la francesa HELLMANNS, bocabajo 430 ml
salsas		Mayonesa a la francesa Hellmann's 340 ml
salsas		Mayonesa con cebolla caramelizada y ajo Heinz envase 395 g.
salsas		Mayonesa con trufa Hellmann's 250 ml
salsas		Mayonesa con un toque de mostaza de Dijon Maille tarro 320 g.
salsas		Mayonesa de ajo asado Hellmann's 250 ml
salsas		Mayonesa especial ensaladilla rusa Calvé tarro 450 ml.
salsas		Mayonesa original Heinz sin gluten 480 ml.
salsas		Mayonesa original Ligeresa sin gluten 650 ml.
salsas		Mayonesa picante Hellmann's 250 ml
salsas		Mayonesa sabor casero Calvé sin lactosa tarro 650 ml.
salsas		Mayonesa sin azúcar Musa sin gluten envase 430 ml.
verduras		Mazorca de maíz EROSKI, bolsa 450 g
verduras		MaÍz dulce EROSKI, pack 4x70 g
verduras		Maíz EROSKI BIO, pack 2x140 g
verduras		Maíz clásico Gigante Verde 2 x 140 g
verduras		Maíz crudo para palomitas ecológico Carrefour Bio 350 g.
verduras		Maíz dulce BONDUELLE, pack 3x140 g
verduras		Maíz dulce Classic Carrefour sin azúcar añadido 285 g.
verduras		Maíz dulce EROSKI, pack 3x140 g
verduras		Maíz ecológico PEDRO LUIS, frasco 160 g
verduras		Maíz en grano FINDUS, bolsa 300 g
chocolates		Maíz frito barbacoa bañado en chocolate negro Mr. Corn Conguitos doy pack 110 g.
verduras		Maíz frito gigante Casamayor 150 g
snacks		Maíz frito gigante Dia Snack Maniac 150 g
verduras		Maíz frito maxi Original GREFUSA MISTERCORN, paquete 285 g
snacks		Maíz frito sabor barbacoa Dia Snack Maniac 170 g
verduras		Maíz sin sal-sin azúcar añadido EROSKI, pack 2x140 g
proteina		Mc MANI [ ] - SOFT (Max Protein Oficial)
pescado		Medallones de merluza MSC FINDUS, caja 300 g
cerdo		Medallones preparado de solomillo cerdo congelados marinados
cerdo		Medallones preparado de solomillo cerdo provenzal
pavo		Medallones solomillo de pavo EROSKI, bandeja 300 g
untables		Medallón de Foie EROSKI SELEQTIA, blister 100 g
postres		Medallón mousse de pato AOSTE, pack 2x100 g
cerdo		Media careta de cerdo sin oreja
caza		Medio conejo troceado
instantanea		Medio flautín con cereales Carrefour 1 ud
pollo		Medio pollo certificado troceado alimentado con un 50% de maíz
pollo		Medio pollo troceado
mariscos		Medio pulpo cocido EROSKI, 200 g, 1 ud
carne_vegetal		Mediterranean Style Filet Pieces (Garden Gourmet)
frutas		Mega torcidas fresa HARIBO, bolsa 200 g
frutas		Megatorcida de cereza HARIBO, bolsa 200 g
mariscos		Mejillones cocidos en su jugo Aguinamar 1 Kg
pescado		Mejillones de Chile en escabeche 15/20 Calvo 69 g.
pescado		Mejillones en escabeche 13/18 piezas Calvo 69 g
pescado		Mejillones en escabeche 13/18 piezas Ribeira 69 g
pescado		Mejillones en escabeche 16/20 Classic Carrefour sin gluten pack de 3 unidades de 43 g.
mariscos		Mejillones en salsa de mango picante (Calvo)
mariscos		Mejillones en salsa de tomate AGUINAMAR, bandeja 500 g
mariscos		Mejillones en salsa de tomate Aguinamar 500 g
mariscos		Mejillones en salsa de vieira (Calvo)
mariscos		Mejillones tigre Aguinamar 350 g.
mariscos		Mejillón al vapor EROSKI, bolsa 1 kg
res		Mejillón carne EROSKI, bolsa 250 g
mariscos		Mejillón cocido ARTEIÑAKI MVM, tarrina 150 g
pescado		Mejillón en escabeche 12/16 piezas CUCA, lata 115 g
pescado		Mejillón en escabeche 13/18 piezas CALVO, lata 115 g
pescado		Mejillón en escabeche 13/18 piezas FRISCOS, lata 111 g
pescado		Mejillón en escabeche 13/18 piezas ISABEL, lata 115 g
pescado		Mejillón en escabeche 14/19 piezas ALBO, lata 115 g
pescado		Mejillón en escabeche 8/12 piezas ISABEL, lata 115 g
pescado		Mejillón en escabeche DORNA, lata 111 g
mariscos		Mejillón en salsa de vieira de Galicia EROSKI, lata 111 g
mariscos		Mejillón en salsa gallega CUCA, lata 96 g
mariscos		Mejillón en salsa picante 13/18 piezas ISABEL, lata 115 g
mariscos		Mejillón en salsa vieira FRISCO, lata 111 g
mariscos		Mejillón en salsa vieira ISABEL, lata 115 g
mariscos		Mejillón en su jugo MARES DE GALICIA, bolsa 500 g
mariscos		Mejillón natural con concha ARTEIÑAKI, tarrina 600 g
mariscos		Mejillón picante de Galicia EROSKI, lata 111 g
mariscos		Mejillón relleno EROSKI, bandeja aprox. 330 g
mariscos		Mejillón vivo selección
suplementos		Melatonina + 5-HTP 1,9mg/100mg Melatonin 5Htp (Essential Series)
suplementos		Melatonina 1.9 mg + Vitamina B6 45 Gummies (Drasanvi)
suplementos		Melatonina 1mg (Now Foods)
suplementos		Melatonina Sleep Formula - Amix™ - Arándanos (BLACK LINE)
suplementos		Melatonina Sleep Formula - Amix™ - Arándanos / 20* (BLACK LINE)
suplementos		Melatonina masticable liberación secuencial (Melotime™) (1,9mg melatonina) Melatonin 120 Chew Tabs (Essential Series)
suplementos		Melatonina masticable liberación secuencial (Melotime™) (1,9mg melatonina) Melatonin Malotime 30 Chew Tabs (Essential Series)
suplementos		Melatonina sin azúcar ni gelatina VITALDIN, 30 uds, bote 90 g
frutas		Melocotón de Calanda EROSKI SELEQTIA, frasco 440 g
frutas		Melocotón en almíbar Dia Fruticampo 3 x 115 g
frutas		Melocotón en almíbar HELIOS, lata 480 g
frutas		Melocotón en almíbar en mitades Mensajero sin azúcar añadido 240 g.
frutas		Melocotón en almíbar ligero EROSKI, lata 480 g
frutas		Melocotón en almíbar sin azúcares añadidos Dia Fruticampo 480 g
frutas		Melocotón en tiras en almíbar ligero Classic Carrefour pack de 3 unidades de 140 g.
frutas		Melocotón light en almíbar Dia Fruticampo 240 g
bebidas_lata	bebida	Melocotón mitades en zumo DEL MONTE, lata 235 g
otros		Melody pops CHUPACHPS, bolsa 60 g
barrita		Melty - Barrita Proteica con Bajo Contenido en Azúcares x 10 - Caramelo 10 x (Prozis)
barrita		Melty - Barrita Proteica con Bajo Contenido en Azúcares x 10 - Crema de cacahuete 10 x (Prozis)
barrita		Melty - Barrita Proteica con Bajo Contenido en Azúcares x 10 - Galletas y crema 2 x (Prozis)
suplementos		Membrana de cáscara de huevo (Ovomet®) 300mg (Essential Series)
untables		Membrillo 100% natural SANTA TERESA, al corte, compra mínima 250 g
untables		Membrillo Classic´ Carrefour sin azúcar añadidos 230 g.
untables		Membrillo De Nuestra Tierra sin gluten 310 g.
untables		Membrillo artesano EMILY, al corte, compra mínima 250 g
untables		Membrillo ecológico Santa Teresa sin gluten 290 g.
verduras		Menestra CARRETILLA, bandeja 300 g
verduras		Menestra LEYENDA, frasco 400 g
verduras		Menestra con salsa de verdura FINDUS, bolsa 450 g
verduras		Menestra de la huerta FINDUS, bolsa 650 g
verduras		Menestra de la huerta Findus 650 g
verduras		Menestra de verdura FINDUS, bolsa 440 g
verduras		Menestra de verdura de Navarra GUTARRA, frasco 425 g
verduras		Menestra de verduras COCINA MAGUI, bandeja 300 g
verduras		Menestra de verduras De Nuestra Tierra 210 g.
verduras		Menestra de verduras EROSKI, bandeja 300 g
verduras		Menestra de verduras Eroski SELEQTIA, frasco 450 g
verduras		Menestra de verduras Findus 1 kg.
verduras		Menestra de verduras LEYENDA, frasco 400 g
verduras		Menestra salteada BB VERLEAL, bolsa 640 g
suplementos		Menopause Care * (Essential Series)
frutas		Merienda de frutas con galleta HERO, pack 2x190 g
pescado		Merluza al natural Solo 120 g.
pescado		Merluza al natural con quinoa roja Solo Solutions 240 g.
untables		Mermelada Extra Albaricoque Bio 255 g Ecosana (Drasanvi)
untables		Mermelada Extra Arándano Bio 255 g Ecosana (Drasanvi)
untables		Mermelada Extra Ciruela Bio 255 g Ecosana (Drasanvi)
untables		Mermelada Extra Frambuesa Bio 255 g Ecosana (Drasanvi)
untables		Mermelada Extra Fresa Bio 255 g Ecosana (Drasanvi)
untables		Mermelada Extra Frutos del Bosque Bio 250 g Ecosana (Drasanvi)
untables		Mermelada Extra Melocotón Bio 255 g Ecosana (Drasanvi)
untables		Mermelada Extra Mora Bio 255 g Ecosana (Drasanvi)
untables		Mermelada Extra Tomate Bio 255 g Ecosana (Drasanvi)
untables		Mermelada Frutapunto de fresa HELIOS, dosificador 350 g
untables		Mermelada bio de albaricoque PEDRO LUIS, frasco 300 g
untables		Mermelada bio de ciruelas PEDRO LUIS, frasco 300 g
untables		Mermelada bio de fresa EROSKI, frasco 340 g
untables		Mermelada con ciruelas de Temporada HERO, frasco 350 g
untables		Mermelada con fresitas de Huelva Eroski SELEQTIA, frasco 230 g
untables		Mermelada de Arándanos con Sirope de Ágave Bio 260 g Ecosana (Drasanvi)
untables		Mermelada de Ciruela con Sirope de Ágave Bio 260 g Ecosana (Drasanvi)
untables		Mermelada de Fresa con Sirope de Ágave Bio 260 g Ecosana (Drasanvi)
untables		Mermelada de albaricoque 0% EROSKI, frasco 290 g
untables		Mermelada de albaricoque HELIOS PURAFRUTA, frasco 250 g
untables		Mermelada de arándano ecológica Pedro Luís 300 g.
untables		Mermelada de arándanos La Vieja Fábrica Cocina Selecta 280 g.
untables		Mermelada de arándanos La vieja fabrica 280 g
untables		Mermelada de arándanos Temporada Hero sin gluten 350 g.
untables		Mermelada de calabaza de temporada HEROS, frasco 350 g
untables		Mermelada de ciruela 0% azúcares añadidos Hero 280 g
untables		Mermelada de ciruela 0% sin azúcares añadidos Dia Fruticampo 330 g
untables		Mermelada de ciruela LA VIEJA FÁBRICA, frasco 280 g
untables		Mermelada de ciruela y kiwi 0% EROSKI, frasco 290 g
untables		Mermelada de frambuesa LA VIEJA FABRICA Diet, frasco 280 g
untables		Mermelada de frambuesa LA VIEJA FÁBRICA, frasco 280 g
untables		Mermelada de frambuesa La Vieja Fábrica sin azúcar añadido 245 g.
untables		Mermelada de frambuesa de temporada HERO, frasco 360 g
untables		Mermelada de fresa 0% EROSKI, frasco 290 g
untables		Mermelada de fresa HELIOS, frasco 340 g
untables		Mermelada de fresa LA VIEJA FABRICA, frasco 280 g
untables		Mermelada de fresa La Vieja Fábrica sin azúcar añadido 245 g.
untables		Mermelada de fresa de Huelva Helios Purafruta 250 g
untables		Mermelada de fruta jengibre-naranja ST.DALFOUR, frasco 284 g
untables		Mermelada de frutas del bosque La vieja fábrica 280 g
untables		Mermelada de frutas del bosque categoría extra Carrefour 410 g.
untables		Mermelada de frutas del bosque ecológica Pedro Luís 300 g.
untables		Mermelada de frutas del bosque extra Dia Fruticampo 320 g
untables		Mermelada de higo Carrefour Classic 410 g.
untables		Mermelada de higo Eroski SELEQTIA, frasco 230 g
untables		Mermelada de melocotón Diet La Vieja Fábrica sin gluten 280 g.
untables		Mermelada de melocotón EROSKI basic, frasco 340 g
untables		Mermelada de melocotón La Vieja Fábrica sin azúcar añadido 245 g.
untables		Mermelada de melocotón ecológica Carrefour Bio 350 g.
untables		Mermelada de mora de zarza diet La vieja fábrica 280 g
untables		Mermelada de naranja LA VIEJA FABRICA Diet, frasco 290 g
untables		Mermelada de naranja amarga La Vieja Fábrica sin azúcar añadido 255 g.
untables		Mermelada de naranja amarga La vieja fábrica 290 g
untables		Mermelada de tomate Cocina Selecta La Vieja Fábrica 280 g.
untables		Mermelada de tomate categoría extra Carrefour 410 g.
suplementos		Metil complex B9 + B12 (Essential Series)
suplementos		Metilfolato (800mcg folato) (Essential Series)
frutas		Mezcla Ganador de Peso Fresa (Myprotein)
suplementos		Mezcla Hydrate con Electrolitos y Vitaminas Fresa y Cereza (Myvitamins)
granos		Mezcla de 3 arroces Dia Arrozona 1 Kg
proteina		Mezcla de Proteína Vegana Sin Sabor (Myvegan)
suplementos		Mezcla de Rendimiento Todo-En-Uno (Myprotein)
panaderia		Mezcla de Tortitas Proteicas Sin Sabor (Myprotein)
suplementos		Mezcla de fibras (Prozis)
otros		Mezcla de frutos rojos Congelados de Navarra 300 g.
verduras		Mezcla de pimiento rojo y verde EROSKI, bolsa 450 g
verduras		Mezcla de pimientos Dia Vegecampo 400 g
semillas		Mezcla de semillas ecológica para tu sistema inmunitario Bio 175g (NaturGreen)
semillas		Mezcla de semillas ecológica para tus huesos Bio 175 g (NaturGreen)
semillas		Mezcla de semillas ecológica para tus músculos (NaturGreen)
verduras		Mezcla de setas con champiñones Classic Carrefour 500 g.
otros		Mezcla para sofrito EROSKI, bolsa 450 g
frutas		Mezcla vegetal de superalimentos Frambuesa y Arándano (Myvegan)
otros		Mezcla vegetal de superalimentos rojos Sin Sabor (Myvegan)
otros		Mezzelune con Trufa Carrefour Extra 250 g.
proteina		Micellar casein / Flips (Quamtrax)
verduras		Micro al Vapor Brócoli - Productos Florette
verduras		Micro al vapor Brócoli, Zanahoria y Puerro - Florette
suplementos		Micronized Creatine Gummies (Weider)
untables		Miel D.O. Alcarria Eroski SELEQTIA, frasco 500 g
untables		Miel GOZO-GOZOA, frasco 1 kg
untables		Miel con limón GRANJA SAN FRANCISO, dosificador 350 g
untables		Miel de azahar Mielove de Dia 350 g
untables		Miel de flores Carrefour Classic' 500 g.
untables		Miel de flores antigoteo Granja san fancisco 350 g
untables		Miel de flores antigoteo Mielove de Dia 500 g
untables		Miel de flores de montaña Mel Da Anta 800 g.
untables		Miel del Cantábrico EROSKI SELEQTIA, frasco 415 g
untables		Miel eucalipto Carrefour Classic 500 g.
untables		Miel mil flores LUNA DE MIEL, dosificador 740 g
untables		Miel milflores GRANJA SAN FRANCISCO, dosificador 350 g
pescado		Migas de bacalao al estilo inglés Hacendado
pescado		Migas de bonito del Norte en aceite de oliva Extra Carrefour pack de 3 latas de 52 g.
panaderia		Miguelitos de crema Dulcesol
granos		Mijo Pelado Bio 500 g Ecosana (Drasanvi)
granos		Mijo VERITAS, bolsa 500 g
chocolates		Milhojas de cacao Dulcesol
suplementos		Mineral Magnesio Complex 180 Comprimidos (Drasanvi)
suplementos		Mineral Magnesio Complex 60 Comprimidos (Drasanvi)
suplementos		Mineral Multimagnesio polvo 100 g Drasanvi
suplementos		Mineral citrato complex (Swanson)
suplementos		Minerales Calcium Magnesium (Vitobest)
suplementos		Minerales Chromium Picolinate (Vitobest)
suplementos		Minerales Mineral Complex (Vitobest)
suplementos		Minerales Yodo 300 (Vitobest)
otros		Mini Bites Campesinas (Gullón)
hamburguesas		Mini Burger Dulcesol 190 g.
fiambres		Mini Chopped de Pavo Pavofrío (Campofrío)
snacks		Mini Chorizo en piezas Snack'in Campofrío sin gluten 50 g
snacks		Mini Chorizo. Snacks en formato para llevar (Campofrío)
snacks		Mini Fuet Brie. Snacks de fuet al queso para picar (Campofrío)
embutidos		Mini Fuet Reducido en Grasa para llevar (Campofrío)
hamburguesas		Mini Spinach Burger (Garden Gourmet)
panes		Mini biscotes Carrefour 120 g.
panes		Mini biscotes clásicos Dulcesol
untables		Mini biscotes pasas y miel (Dulcesol)
otros		Mini biscottes EROSKI, caja 120 g
otros		Mini biscottes RECONDO, caja 120 g
salsas		Mini bocaditos de tomate EROSKI, bolsa 110 g
helados		Mini bombón helado con chocolate blanco y galleta Collection Magnum 6 ud.
helados		Mini bombón helado sabor pink lemonade Euphoria Magnum 3 ud.
panaderia		Mini brownie con pepitas de chocolate Dulcesol
panaderia		Mini brownie vainilla Dulcesol
dulces		Mini caramelos con palo varios sabores Chupa Chups 120 g
fiambres		Mini de Chopped Beef (Campofrío)
preparados		Mini empanadas Argentinas 270 g.
preparados		Mini empanadilla de atún EROSKI, bolsa 400 g
chocolates		Mini espumas dulces bañadas en chocolate con leche Haribo 140 g.
embutidos		Mini fuet de pavo en stick CAMPOFRÍO, bolsa 50 g
embutidos		Mini fuet en stick CAMPOFRÍO, bolsa 50 g
embutidos		Mini fuets extra EROSKI, bolsa 50 g
galletas		Mini galletas Oreo golden 160 g
galletas		Mini galletas The Simpsons Crunchy Arluy 400 g.
galletas		Mini galletas The Simpsons Kid's -30% azúcares sin edulcorantes Arluy 400 g.
galletas		Mini galletas bañadas con chocolate ColaCao 100 g
galletas		Mini galletas choco leche Artiach Dinosaurus 100 g
galletas		Mini galletas de cereales Artiach Dinosaurus sin gluten 160 g.
galletas		Mini galletas de hojaldre Artiach Princesa 120 g
galletas		Mini galletas digestive con chocolate negro 0% azúcares añadidos Florbu 80 g
galletas		Mini galletas rellenas con crema de cacao Nocilla 64 g
galletas		Mini galletas wafers con chocolate blanco Artiach 110 g
chocolates		Mini galletitas al cacao Carrefour Classic 500 g.
hamburguesas		Mini hamburguesa de espinaca Garden Gourmet 160 g.
hamburguesas		Mini hamburguesa de vaca BIKAIN, 8 uds., bandeja 240 g
chocolates		Mini huevos de chocolate rellenos Dia Temptation 150 g
chocolates		Mini lunas de cacao Doraemon Dulcesol 180 g
panaderia		Mini magdalena pepitas LA GRANJA, bolsa 200 g
panaderia		Mini magdalenas ST MICHEL, bolsa 175 g
panaderia		Mini magdalenas estilo tradicional RUSTIK BAKERY, bolsa 190 g
panaderia		Mini magdalenas pepitas de chocolate RUSTIK BAKERY, bolsa 190 g
panaderia		Mini magdalenas rellena de chocolate El Molino de Dia 180 g
panaderia		Mini muffins con pepitas de chocolate Dulcesol
otros		Mini plumas GALLO, paquete 450 g
dulces		Mini regalices sour boom colour mix Fini 90 g
snacks		Mini snack guait Dulcesol
snacks		Mini snack pinky Dulcesol
snacks		Mini snacks con sabor jelly kisses (Dulcesol)
fiambres		Mini sándwich stracciatella (Dulcesol)
chocolates		Mini tabletas de choco negro 70% sin azúcar VALOR, bolsa 144 g
otros		Mini torreznillos naturales 150 g
huevo		Mini tortillas de trigo Dulcesol 300 g
tortitas		Mini tortitas de cereales sabor jamón (Bicentury)
tortitas		Mini tortitas de cereales sabor popcorn (Bicentury)
tortitas		Mini tortitas de cereales sabor queso (Bicentury)
tortitas		Mini tortitas de cereales y legumbres con sabor tomate y olivas negras (Bicentury)
tortitas		Mini tortitas de jamón ibérico BICENTURY Nackis, paquete 70 g
tortitas		Mini tortitas de maíz Bicentury 65 g
tortitas		Mini tortitas mediterránea BICENTURY Nackys, paquete 70 g
tortitas		Mini tortitas sabor barbacoa Bicentury 60 g
panes		Mini tostadas Carrefour 200 g.
frutas		Mini tostas con arándanos ORTIZ, bolsa 90 g
frutas		Mini tostas con arándanos Ortiz 90 g.
harinas		Mini tostas con harina de trigo Mini Gril DIATOSTA, bolsa 350 g
otros		Mini tostas con pasas El Molino de Dia 110 g
otros		Mini tostas sin gluten El Molino de Dia 100 g
otros		Mini wafers MILKA, bolsa 110 g
chocolates		Miniconos de vainilla y chocolate EROSKI, 8 uds, caja 236 g
snacks		Minigalleta Chips sin gluten GULLÓN, caja 200 g
chocolates		Minitabletas chocolate negro con proteína. 0% azúcares añadidos (Valor)
verduras		Minitosta con cebolla caramelizada EROSKI SELEQTIA, bolsa 80 g
frutas		Minitosta pasas e higos EROSKI SELEQTIA, bolsa 100 g
bebidas	bebida	Mistela ORGULLO, botella 75 cl
otros		Mistela dulce de moscatel Mig Segle DO Valencia
otros		Mix crudo bio EROSKI, bolsa 175 g
cereales		Mix de avena con cacao y avellanas (Bicentury)
cereales		Mix de cereales con cacao alto en proteínas Esgir sin azúcar añadido 250 g.
frutas		Mix de frutas deshidratadas Dia Naturmundo 200 g
frutos_secos		Mix de frutos secos clásicos Dia Snack Maniac 250 g
frutos_secos		Mix de frutos secos crudos EROSKI, tarrina 175 g
frutos_secos		Mix de frutos secos especial EROSKI, bolsa 200 g
frutos_secos		Mix de frutos secos naturales Dia Naturmundo 200 g
frutos_secos		Mix de frutos secos sabor chili Dia Snack Maniac 200 g
galletas		Mix de galletas saladas Dia Snack Maniac 350 g
aceitunas		Mix de pepinillos-cebolletas RIOVERDE, frasco 380 g
verduras		Mix de setas intenso
frutos_secos		Mix frutos secos MisterCorn 160 g
harinas		Mix harina sin gluten GALLO, paquete 500 g
frutos_secos		Mix nueces EROSKI, bolsa 175 g
otros		Mix original EROSKI, bolsa 300 g
bebidas	bebida	Mix polos para congelar sin azúcar Kelia 12 x 45 ml
otros		Mix selección EROSKI, bolsa 200 g
otros		Mix tijuana Grefusa 145 g
mariscos		Mix verde con langostino VERLEAL, bolsa 350 g
yogurt		Mochi de yogur Carrefour Sensation 6 ud.
alcohol	bebida	Mocktail Mojito de lima sin alcohol GRANINI, botella 75 cl
pescado		Mojama de Atún Carrefour El Mercado 70 g
otros		Mojicones Carrefour Classic 500 g.
panaderia		Mojicón 0% azúcares Dulcesol
alcohol	bebida	Mojito BACARDI, botella 70 cl
alcohol	bebida	Mojito Bacardi 25 cl
suplementos		Molibdeno 400mcg (Essential Series)
especias		Molinillo de sal picante Carmencita 97 g
pollo		Mollejas de pollo
panes		Molletes de pan para hornear o tostar Carrefour pack de 2 unidades de 100 g.
frutas		Monodosis Magnesio Quelado MagneChel® Drink Mango - Amix Performance
proteina		Monodosis Whey Protein Aislado Capuchino 30 g Sport Live (Drasanvi)
proteina		Monodosis Whey Protein Aislado Cookies & Cream 30g Sport Live Drasanvi
proteina		Monodosis Whey Protein Aislado Sabor Neutro 30 g Sport Live (Drasanvi)
proteina		Monodosis Whey Protein Aislado Sabor Yogur Fresa 30 g Sport Live Drasanvi
proteina		Monodosis Whey Protein Aislado Vainilla 30 g Sport Live Drasanvi
proteina		Monodosis iso whey - Choco king (Quamtrax)
verduras		Monoproducto Zanahoria - Productos Florette
bebidas_lata	bebida	Monster Energy Bebida Energética ultra rosa zero azúcar lata 500 ml.
bebidas_lata	bebida	Monster Energy Lando Norris Bebida Energética zero azúcar lata 50 cl.
bebidas_lata	bebida	Monster Energy Punch Bebida Energética rio punch lata 50 cl.
bebidas_lata	bebida	Monster Energy Ultra (Monster Energy)
bebidas_lata	bebida	Monster Energy Ultra Golden Bebida Energética pineapple zero azúcar lata 500 ml.
bebidas_lata	bebida	Monster Juiced Bebida Energetica viking berry lata 500 ml.
bebidas_lata	bebida	Monster fiesta mango 500 ml
bebidas_lata	bebida	Monster full Throttle zero 500 ml
bebidas_lata	bebida	Monster mango loco 500 ml
bebidas_lata	bebida	Monster pack 4 x 500 ml
bebidas_lata	bebida	Monster rio punch 500 ml
bebidas_lata	bebida	Monster ultra fantasy 500 ml
bebidas_lata	bebida	Monster ultra rosá 500 ml
bebidas_lata	bebida	Monster ultra sandía 500 ml
bebidas_lata	bebida	Monster ultra strawberry dreams 500 ml
bebidas_lata	bebida	Monster ultra white zero 500 ml
bebidas_lata	bebida	Monster viking berry juiced 500 ml
bebidas_lata	bebida	Monster zero 500 ml
suplementos		Mood Care * (Essential Series)
frutas		Mora congelada La Cuerva 300 g.
embutidos		Morcilla al vacío LARRASOAÑA, pieza 500 g
embutidos		Morcilla de Burgos ecológica RIOS, pieza aprox. 275 g
embutidos		Morcilla de arroz EROSKI, 2 uds, sobre 530 g
embutidos		Morcilla de arroz EROSKI, pieza 265 g
embutidos		Morcilla de arroz RIOS, 2 uds., sobre aprox. 600 g
embutidos		Morcilla de arroz y cebolla
embutidos		Morcilla de cebolla RIOS, pieza aprox. 330 g
embutidos		Morcilla de cebolla oreada
embutidos		Morcilla de cebolla oreada Carrefour El Mercado 350 g aprox
embutidos		Morcilla pieza Carrefour El Mercado 300 g aprox
otros		Morenitas integrales DIET, paquete 250 g
suplementos		Moringa + maca: pack vitalidad natural * (HSN Packs)
suplementos		Moringa Bio 125 g Doypack Superalimentos Drasanvi
suplementos		Moringa en polvo Powder (Essential Series)
cerdo		Morritos de cerdo 175 g
fiambres		Mortadela Clásica al Corte (Campofrío)
fiambres		Mortadela Con Aceitunas (ElPozo)
fiambres		Mortadela De Pavo (ElPozo)
fiambres		Mortadela Hacendado
fiambres		Mortadela Ibérica (ElPozo)
fiambres		Mortadela Siciliana (ElPozo)
fiambres		Mortadela ahumada en lonchas MRM sin gluten 225 g
fiambres		Mortadela con Aceitunas al Corte (Campofrío)
fiambres		Mortadela con aceitunas CAMPOFRÍO, al corte, compra mínima 100 g
fiambres		Mortadela con aceitunas EROSKI basic, sobre 250 g
fiambres		Mortadela de Pavo al Corte (Campofrío)
fiambres		Mortadela estilo Italiana en lonchas Carrefour El Mercado sin gluten y sin lactosa 150 g
fiambres		Mortadela ibérica ELPOZO, al corte, compra mínima 100 g
fiambres		Mortadela siciliana CAMPOFRÍO, al corte, compra mínima 100 g
alcohol	bebida	Moscatel Blanco GOYA, botella 50 cl
alcohol	bebida	Moscatel CASTILLO DE PEÑISCOLA, botella 75 cl
alcohol	bebida	Moscatel Geraldino 75 cl
alcohol	bebida	Moscatel MONTECRISTO, botella 50 cl
alcohol	bebida	Moscatel NOEL, botella 75 cl
alcohol	bebida	Moscatel OCHOA, botella 50 cl
alcohol	bebida	Moscatel PENA GOLOSA, botella 1 litro
alcohol	bebida	Moscatel PEÑAGOLOSO, botella 75 cl
alcohol	bebida	Moscatel UVA D'OR, botella 75 cl
alcohol	bebida	Moscatel VIDAL, garrafa 2 litros
alcohol	bebida	Moscatel valenciano ARTESANO, botella 75 cl
otros		Mostaza EROSKI, bote 320 g
otros		Mostaza French's envase 397 g.
otros		Mostaza HEINZ, bocabajo 220 g
bebidas	bebida	Mostaza Heinz envase 220 ml.
otros		Mostaza Orlando sin gluten envase 290 g.
otros		Mostaza Prima sin gluten pack de 12 sobres de 4 g.
untables		Mostaza de miel MAILLE, frasco 230 g
otros		Mostaza inglesa Colman's tarro 100 g.
bebidas	bebida	Mosto Blanco DON SIMON, botella 1 litro
bebidas	bebida	Mosto Blanco EROSKI, botella 1 litro
bebidas	bebida	Mosto Blanco GREIP, botella 1 litro
bebidas	bebida	Mosto Tinto DON SIMON, brik 1 litro
bebidas	bebida	Mosto blanco Don Simón 1 L
bebidas	bebida	Mosto tinto Casón Histórico
postres		Mousse Natural Azucarado x4 - Danone
postres		Mousse Stracciatella x4 - Danone
postres		Mousse de berengena-pimiento asado ZUBIA, frasco 130 g
cafe	bebida	Mousse de café LA LECHERA, pack 4x59 g
postres		Mousse de chocolate LA LECHERA, pack 4x59 g
postres		Mousse de chocolate crujiente Nestlé La Lechera pack de 4 unidades de 57 g.
postres		Mousse de limón DR OETKER, sobre 1 ud
postres		Mousse de limón LA LECHERA, pack 4x59 g
postres		Mousse de limón Nestlé La Lechera pack de 4 unidades de 59 g.
postres		Mousse duo de chocolate blanco LA LECHERA, pack 4x59 g
postres		Mousse natural azucarado DANONE, pack 4x65 g
postres		Mousse natural azucarado Danone pack de 4 unidades de 65 g.
postres		Mousse proteico sabor vainilla Carrefour Sensation 200 g.
quesos		Mozzarella Ligera 125g (Central Lechera Asturiana)
cereales		Muesli Protéico Protein Müsli - Mr.Popper‘s® - CHOCOLATE-COCO (MR POPPER´S)
cereales		Muesli con chocolate ecológico El Granero sin gluten 375 g.
cereales		Muesli con frutos rojos ecológico El Granero sin gluten 375 g.
cereales		Muesli crujiente Carrefour Sensation sin azúcar añadido 500 g.
cereales		Muesli crujiente Carrefour Sensation sin gluten y sin azúcar añadido 350 g.
cereales		Muesli crujiente chocolate c/ leche y negro SELEQTIA, caja 500 g
cereales		Muesli crujiente con frutas Gran Dia 500 g
cereales		Muesli de frutas germen y quinoa D. RADISSON, paquete 375 g
cereales		Muesli krunchy de choco negro s/ palma BARNHOUSE, paquete 375 g
especias		Muesly Krunchy de manzana-canela BARNHOUSE, paquete 750 g
panaderia		Muffin de chocolate sin gluten SCHAR, paquete 225 g
panaderia		Muffin relleno de cacao DULCESOL, 6 uds, paquete 240 g
panaderia		Muffin sabor yogurt con arándanos 1 ud.
panaderia		Muffins Gourmet - Mr.Popper‘s® - CHOCO - CHOCOLATE NEGRO (MR POPPER´S)
panaderia		Muffins con pepitas de chocolate Dulcesol
panaderia		Muffins de cacao con pepitas de chocolate Dulcesol
panaderia		Muffins de cacao rellenos de crema de cacao (Dulcesol)
panaderia		Muffins rellenos de crema de chocolate con leche (Dulcesol)
panaderia		Muffins rellenos de crema de dulce de leche (Dulcesol)
panaderia		Mug Cake Proteico Chocolate Natural (Myprotein)
panaderia		Mug cake cookie DR OETKER, sobre 1 ud
suplementos		Multi Men 18+ (Prozis)
suplementos		Multi Men 35+ (Prozis)
suplementos		Multi Omega 3 - 90 softgels (Prozis)
suplementos		Multi PRZ (Prozis)
suplementos		Multi PRZ Evo - 30 dosis (Prozis)
suplementos		Multi PRZ Professional (Prozis)
suplementos		Multi Women 18+ (Prozis)
suplementos		Multi Women 35+ (Prozis)
suplementos		Multimineral Calcio + Magnesio & Zinc – Amix™
suplementos		Multivitamínico + hierro century formula (Swanson)
suplementos		Multivitamínico A-Z Aptas para veganos (Myvitamins)
suplementos		Multivitamínico A-Z No veganas (Myvitamins)
suplementos		Multivitamínico Alpha Men (Myprotein)
suplementos		Multivitamínico D3 - K2 - MG - ZN - Amix Performance
suplementos		Multivitamínico Daily One – Amix™
suplementos		Multivitamínico Life’s Vitality – Amix™
suplementos		Multivitamínico Multi Megastack – Amix™
suplementos		Multivitamínico Opti-Pack Osteo-Flex 30 packs – Amix™
suplementos		Multivitamínico Vitamin + Mineral Super Pack 30 bolsas – Amix™
suplementos		Multivitamínico especial hombre Mens Care Ultimate (Essential Series)
suplementos		Multivitamínico especial hombre Mens Multivitamins Essential Series
suplementos		Multivitamínico especial mujer Womens Care Multivitamin 120 Coated Tabs (Essential Series)
suplementos		Multivitamínico especial mujer Womens Care Multivitamin 240 Coated Tabs Essential Series
suplementos		Multivitamínico especial mujer Womens Care Multivitamin 30 Coated Tabs Essentialseries (Essential Series)
suplementos		Multivitamínico premium (Vitaminalia)
suplementos		Multivitamínico premium (sin hierro ni yodo) (Vitaminalia)
suplementos		Murph WOD pack - pack CrossFit especial hombre (HSN Packs)
suplementos		Muscle Care* (Essential Series)
suplementos		Muscle up! pack - pack CrossFit muscular * (HSN Packs)
suplementos		Muscledrol – Musclecore™
otros		Muslito de mar EROSKI, caja 500 g
otros		Muslitos de mar PESCANOVA, bolsa 250 g
pollo		Muslos confit de pato MARTIKO, bandeja 250 g
pollo		Muslos deshuesados con piel de pollo certificado alimentado con un 50% de maíz
suplementos		Mutivitaminas Vitamin MAX - Amix Performance
galletas		Myprotein Extra Protein Cookie, Variety Box | 12 galletas
suplementos		Myvitamins Iron Tablets
suplementos		NAC (N-acetil-L-cisteína) 300mg (Essential Series)
suplementos		NADH 10mg & coenzima Q10 100mg (Essential Series)
suplementos		NADH 10mg - 60 veg caps (Now Foods)
suplementos		NADH 20mg (Essential Series)
suplementos		NADH 50mg (Essential Series)
suplementos		NADH 5mg (Essential Series)
suplementos		NADH microencapsulado 100mg (PANMOL®) (Essential Series)
postres		NATILLAS CON GALLETA (Be Plus)
barrita		NEO BAR PROTEIN - Barrita Proteica - Black Cookies (226ERS)
frutas		NESTLÉ Tarrinas de plátano, mango, pera, piña, albaricoque, melocotón y manzana, a partir de 6 meses 4 x 100 g.
suplementos		NITRO PRO BEETROOT - 400mg de nitratos naturales (226ERS)
suplementos		NRC (cloruro de nicotinamida ribósido) 300mg (Essential Series)
snacks		Nachos Totopos Mexifoods sin gluten 400 g.
snacks		Nachos al natural VERITAS, bolsa 125 g
snacks		Nachos de maíz con chili DORITOS, bolsa 140 g
snacks		Nachos de maíz natural ECOCESTA, bolsa 125 g
snacks		Nachos de maíz sabor a queso DORITOS Tex Mex, bolsa 140 g
snacks		Nachos de trigo sarraceno amaranto bio SOLNATURAL, bolsa 80 g
snacks		Nachos naturales EROSKI, bolsa 150 g
snacks		Nachos sabor original ecológicos Carrefour Bio 175 g
snacks		Nachos triangulares Carrefour El Mercado 375 g
panaderia		Napolitana de chocolate PASQUIER, 6 uds, paquete 270 g
panaderia		Napolitana de mantequilla y chocolate Carrefour 6 ud
panaderia		Napolitanas rellenas de cacao Dulcesol
postres		Naranja para postre TORRES, malla 2 kg
bebidas	bebida	Naranjada DON SIMON, botella 1,5 litros
leche		Nata ASTURIANA, spray 275 g
leche		Nata EROSKI, spray 250 g
leche		Nata Montada en Spray 275 g (Central Lechera Asturiana)
bebidas	bebida	Nata PRESIDENT, spray 250 ml
leche		Nata fresca PRESIDENT, tarrina 200 g
leche		Nata ligera ASTURIANA, spray 275 g
bebidas	bebida	Nata ligera para cocinar ASTURIANA, brik 500 ml
leche		Nata montada Dulcesol
leche	bebida	Nata para cocinar Central Lechera Asturiana 200 ml.
leche	bebida	Nata para cocinar KAIKU, brik 200 ml
leche	bebida	Nata para cocinar PRESIDENT, bote 500 ml
leche	bebida	Nata para cocinar especial pasta KAIKU, brik 200 ml
leche	bebida	Nata para cocinar ligera PRESIDENT, bote 250 ml
leche	bebida	Nata para cocinar textura espesa Dia Láctea 500 ml
leche	bebida	Nata para cocinar textura espesa Sin Lactosa 200 ml (Central Lechera Asturiana)
bebidas	bebida	Nata para montar Central Lechera Asturiana 500 ml.
bebidas	bebida	Nata vegetal para montar Tulipán sin lactosa 250 ml.
postres		Natilla con sorpresa de chocolate y vainilla Dairy for fun 70 g
postres		Natilla de Proteína Chocolate x2 - Danone
postres		Natilla de choco-vainilla con sorpresa KID'SWORLD, 1 unid., 70 g
postres		Natilla de huevo BIZKAIA ESNEA, tarrina 140 g
postres		Natillas LA ERMITA, tarro 145 g
postres		Natillas Mars Danone Danet pack de 4 unidades de 115 g.
infantil		Natillas Nestlé Yogolino 4 x 100 g
postres		Natillas Snickers DANET, pack 4X120 g
postres		Natillas caseras MANDARÍN, caja 85 g
postres		Natillas con caramelo EROSKI SELEQTIA, tarro de barro 140 g
postres		Natillas con galleta Dia Caprichoso 4 x 125 g
postres		Natillas con galleta ekilibrio REINA, pack 4x125 g
postres		Natillas de chocolate + proteína DANONE, pack 4x120 g
postres		Natillas de chocolate DANONE Danet, pack 4x120 g
postres		Natillas de chocolate EROSKI, pack 4x120 g
postres		Natillas de vainilla BIMANÁN, caja 5 unid.
postres		Natillas de vainilla Carrefour Classic' pack de 4 unidades de 125 g.
postres		Natillas de vainilla DANONE Danet, pack 4x120 g
postres		Natillas de vainilla DANONE Danet, pack 8x120 g
postres		Natillas de vainilla LA LECHERA, pack 4x115 g
postres		Natillas de vainilla sin azúcar DHUL, pack 4x125 g
postres		Natillas sabor Twix DANET, pack 4x120 g
postres		Natillas sabor vainilla Dia Caprichoso 4 x 125 g
postres		Natillas sabor vainilla Proteína Plus Carrefour Sensation pack de 4 unidades de 125 g.
suplementos		Nattokinasa 2000fus (Essential Series)
frutas		NaturGreen Aceite Pepita de Uva 250 ml
frutos_secos		NaturGreen Aceite de Almendra Bio 250 ml
aceites		NaturGreen Aceite de Cáñamo Bio 250 ml
aceites		NaturGreen Aceite de Girasol Bio 500 ml
aceites		NaturGreen Aceite de Lino Bio 500 ml
aceites		NaturGreen Aceite de Oliva Picual Bio 500 ml
semillas		NaturGreen Aceite de Semilla de Calabaza Bio 250 ml
semillas		NaturGreen Aceite de Semilla de Calabaza Bio 500 ml
semillas		NaturGreen Aceite de Sésamo Bio 250 ml
semillas		NaturGreen Aceite de Sésamo Bio 500 ml
semillas		NaturGreen Aceite de Sésamo Tostado Bio 250 ml
frutas		NaturGreen Aceite de aguacate 250 ml
semillas		NaturGreen Aceite de sésamo de presión Bio 250 ml
otros		NaturGreen Agar-Agar Bio 100 g
otros		NaturGreen Amaranto Bio 450 g
granos		NaturGreen Arroz Jazmín Integral Bio 500 g
dulces		NaturGreen Azúcar de Caña (Golden Light) Bio 500 g
frutas		NaturGreen Azúcar de Coco Bio 300 g
veg_drinks	bebida	NaturGreen Bebida de avena Integral 0% azúcares Bio 1L
yogurt		NaturGreen Bifidus Melocoton 370 g
otros		NaturGreen Biocoffe Bio 100 g
otros		NaturGreen Biocoffee Descafeinado Bio 100 g
otros		NaturGreen Biomalta Bio 100 g
chocolates		NaturGreen Cacao desgrasado Bio 225 g
dulces		NaturGreen Caramelos de Jengibre Bio 125g
frutas		NaturGreen Coco Rallado Bio 125 g
bebidas	bebida	NaturGreen Coconut sin azúcar Calcio 1 L
galletas		NaturGreen Cookie de Avena Integral Bio 140 g
galletas		NaturGreen Cookie de Avena Integral con Coco Bio 140 g
cereales		NaturGreen Copos de Avena Finos Sin Gluten Bio 1 KG
cereales		NaturGreen Copos de Trigo Sarraceno Sin Gluten Bio 250 g
untables		NaturGreen Crema de Anacardo Bio 250 g
untables		NaturGreen Crema de Avellanas Algarroba Bio 200 g
untables		NaturGreen Crema de Avellanas Cacao Contenido Reducido de Azúcares Bio 200 g
instantanea		NaturGreen Crema de Brocoli Pesto Verde Bio 310 g
instantanea		NaturGreen Crema de Calabacín Hinojo Bio 310 g
instantanea		NaturGreen Crema de Calabaza Cilantro Bio 310 g
instantanea		NaturGreen Crema de Zanahoria Almendras Bio 310 g
frutas		NaturGreen Dátil en polvo Bio 200 g
otros		NaturGreen EXPERIENCE Algarroba Powder Sin Gluten Bio 200 g
frutas		NaturGreen Essentials Aceite de Aguacate 250 ml
galletas		NaturGreen Galleta de Avena Integral con Cáñamo Bio 140 g
galletas		NaturGreen Galleta de Avena Integral con Mijo, Avellanas y Coco Bio 140 g
galletas		NaturGreen Galleta de Avena Integral con Trigo Sarraceno, Coco y Cacao Bio 140 g
chocolates		NaturGreen Grano de Cacao Troceado BIO 175 g
bebidas	bebida	NaturGreen Grasa de Coco Bio 215 ml / 200 g
bebidas	bebida	NaturGreen Grasa de Coco Bio 860 ml / 800 g
harinas		NaturGreen Harina de Algarroba Sin Gluten Bio 500 g
harinas		NaturGreen Harina de Arroz Sin Gluten Bio 500 g
harinas		NaturGreen Harina de Avena Integral Sin Gluten Bio 500 g
harinas		NaturGreen Harina de Coco Sin Gluten Bio 500 g
harinas		NaturGreen Harina de Cáñamo Sin Gluten Bio 300 g
harinas		NaturGreen Harina de Garbanzos Sin Gluten Bio 500 g
zumo	bebida	NaturGreen Jugo de Aloe Vera Agave Limon Jengibre Bio 1 L
zumo	bebida	NaturGreen Jugo de Aloe Vera Bio 1 L
leche		NaturGreen Leche condensada de coco Bio 210 g
otros		NaturGreen Levadura nutricional 150 g
verduras		NaturGreen Maíz para Palomitas Bio 400 g
semillas		NaturGreen Mezcla 6 Semillas Ensalada Bio 450 g
panes		NaturGreen Mezcla Pan Keto Bio 400 g
pizza		NaturGreen Mezcla Pizza Keto Bio 400 g
bebidas	bebida	NaturGreen Oat/Avena Cacao Bio 1 L
bebidas	bebida	NaturGreen Oat/Avena Cacao Bio 200 ml
bebidas	bebida	NaturGreen Oat/Avena Sin Azúcares Añadidos Calcio 1 L
bebidas	bebida	NaturGreen Oat/Avena Sin azúcares añadidos Bio 1 L
untables		NaturGreen Paté Countryside/Campestre Bio 125 g
untables		NaturGreen Paté Nature Bio 125 g
untables		NaturGreen Paté Pepper/Pimiento Olives/Olivas Bio 125 g
postres		NaturGreen Postre Almond Agave Bio (2x125 g)
postres		NaturGreen Postre Almond Cacao Bio (2x125 g)
postres		NaturGreen Postre Almond Vainilla Bio (2x125 g)
postres		NaturGreen Postre Arroz Cacao Bio (2x125 g)
postres		NaturGreen Postre Arroz Vainilla Bio (2x125 g)
postres		NaturGreen Postre Coco Cacao Bio 2x125 g
postres		NaturGreen Postre Coco Original Bio (2x125) g
otros		NaturGreen Psyllium Bio 100 g
granos		NaturGreen Quinoa 400g
semillas		NaturGreen Semilla de Amapola Bio 175 g
semillas		NaturGreen Semillas de Calabaza Bio 225 g
semillas		NaturGreen Semillas de Calabaza Bio 350 g
semillas		NaturGreen Semillas de Cáñamo Bio 400 g
semillas		NaturGreen Semillas de Girasol Bio 180 g
semillas		NaturGreen Semillas de Girasol Bio 375 g
semillas		NaturGreen Semillas de Lino Dorado 125 g
semillas		NaturGreen Semillas de Lino Dorado Bio 225 g
semillas		NaturGreen Semillas de Lino Dorado Bio 500 g
semillas		NaturGreen Semillas de Lino Marrón Bio 225 g
semillas		NaturGreen Semillas de Lino Marrón Bio 500 g
semillas		NaturGreen Semillas de lino dorado molido Bio 150 g
semillas		NaturGreen Semillas de lino, cáñamo, calabaza y chía Bio 150 g
semillas		NaturGreen Semillas de lino, nibs cacao y aronia Bio 150 g
bebidas	bebida	NaturGreen Sirope de Arce Bio 250 ml
untables		NaturGreen Sirope de Dátil Bio 250 g
snacks		NaturGreen Snack de Copos de Garbanzo Bio 225 g
bebidas	bebida	NaturGreen Soja Bio 1 L
bebidas	bebida	NaturGreen Soja Nature Bio 1 L
bebidas	bebida	NaturGreen Soja Protein Bio 1 L
soja		NaturGreen Soja Texturizada Fina 200 g
soja		NaturGreen Soja Texturizada Tiras Bio 115 g
instantanea		NaturGreen Sopa Fideos al Curry Bio 40 g
instantanea		NaturGreen Sopa Letras con Verduras Bio 40 g
instantanea		NaturGreen Sopa Verduras Selección Bio 40 g
semillas		NaturGreen Sésamo Crudo Bio 400 g
semillas		NaturGreen Sésamo Tostado Bio 225 g
otros		NaturGreen Tahin Suave Blanco Antigoteo Bio 270 g
otros		NaturGreen Tahin Suave Integral Antigoteo Bio 270 g
semillas		NaturGreen Tahin Sésamo Integral Tostado Bio 300 g
semillas		NaturGreen Tahin Sésamo Pelado Bio 800 g
bebidas	bebida	NaturGreen Tamari Bio 500 ml
bebidas	bebida	NaturGreen Tamari Contenido Reducido en Sal Bio 250 ml
harinas		NaturGreen Trigo Sarraceno Bio 500 g
otros		NaturGreen Vegfir Natural 370 g
chocolates		NaturGreen Wafer Sticks Barquillos de Chocolate Bio 140 g
otros		NaturGreen Xilitol 500 g
harinas		NaturGreen harina de Almendra Sin Gluten Bio 300 g
proteina		Natural Pure Native Whey Isolate - Galletas y crema (Prozis)
proteina		Natural Real Whey Isolate - Plátano y vainilla (Prozis)
proteina		Natural Real Whey Protein - Chocolate (Prozis)
proteina		Natural Real Whey Protein - Fresa (Prozis)
proteina		Natural Real Whey Protein - Galletas y crema (Prozis)
proteina		Natural Real Whey Protein - Vainilla (Prozis)
suplementos		Natural Vitamin E (Vitobest)
otros		Natural YOPRO, pack 2x160 g
otros		Navaja al natural EROSKI, lata 110 g
otros		Navaja ultracongelada 400 g
otros		Navajuela al natural mediana 8/14 piezas EROSKI, lata 63 g
zumo	bebida	Nectar de piña Juver Disfruta La Fruta sin azúcar añadido brik 2 l.
bebidas	bebida	Nesquik 1 Kg
bebidas	bebida	Nesquik 390 g
bebidas	bebida	Nesquik DOLCE GUSTO, caja 16 uds
bebidas	bebida	Nesquik ExtraChoc 390 g
bebidas	bebida	Nesquik alto en proteínas 330 g
bebidas	bebida	Nesquik en sobres 6 x 13,5 g
bebidas_lata	bebida	Nestea té verde con maracuyá bajo en calorías botella 1,5 l.
bebidas_lata	bebida	Nestea té verde limón sin azúcar bajo en calorías lata 33 cl.
suplementos		Neuro Care * (Essential Series)
suplementos		Niacina (vitamina B3) 500 mg (Prozis)
suplementos		Niacina (vitamina B3) flush-free 500mg (Essential Series)
suplementos		Niacinamida (Myvitamins)
suplementos		Niacinamida 250mg (Swanson)
suplementos		Niacinamida 500mg (Swanson)
huevo		Nidos al huevo EROSKI, paquete 500 g
pasta		Nidos al huevo PASTAS ROMERO, paquete 500 g
verduras		Nidos de espinaca EROSKI, paquete 500 g
frutas		Nitrato de remolacha - Nitro Beet Root Max - Mango Berry (PERFORMANCE)
galletas		Noglut de galletas maría SANTIVERI, paquete 180 g
instantanea		Noodles Thai altos en proteínas Fripozo 320 g
instantanea		Noodles de arroz Tiger Khan 375 g
instantanea		Noodles hot & spicy Gallina Blanca Yatekomo 60 g
instantanea		Noodles padthai Maggi 128 g
instantanea		Noodles sabor pollo Gallina Blanca Yatekomo 2 x 60 g
instantanea		Noodles sabor pollo Maggi 71 g
instantanea		Noodles sweet and sour Maggi 128 g
instantanea		Noodles yakisoba Fusian Maggi 120 g
instantanea		Noodles yakisoba sabor pollo Gallina Blanca Yatekomo 93 g
dulces		Nubes mix Haribo 175 g
frutos_secos		Nueces Macadamia Bio 100 g Doypack Frutos Secos Ecosana (Drasanvi)
frutos_secos		Nueces Mitades Bio 100 g Doypack Frutos Secos Ecosana (Drasanvi)
frutos_secos		Nueces de Brasil - Almendras de California (Prozis)
frutos_secos		Nueces de Brasil - Nueces de Brasil (Prozis)
frutos_secos		Nueces de Brasil - Pistachos crudos pelados (Prozis)
frutos_secos		Nueces en grano Borges sin gluten 130 g.
frutos_secos		Nueces peladas Gancedo 350 g
frutos_secos		Nueces troceadas Dia Naturmundo 150 g
leche	bebida	Nuestra Leche Desnatada 0,5L (Central Lechera Asturiana)
leche	bebida	Nuestra Leche Entera 200 ml (Central Lechera Asturiana)
quesos		Nuestro Queso Crema Ligero (Central Lechera Asturiana)
quesos		Nuestro Queso Crema Original (Central Lechera Asturiana)
bebidas	bebida	Nueva Slimina 500 ml Drasanvi
frutos_secos		Nuez de Brasil Dia Naturmundo 150 g
frutos_secos		Nuez del Amazonas Original Carrefour 200 g.
frutos_secos		Nuez en grano BORGES, bolsa 225 g
frutos_secos		Nuez en grano PIZARRO, bolsa 130 g
frutos_secos		Nuez grano sin cáscara BORGES, bolsa 130 g
frutos_secos		Nuez mondada EROSKI, bolsa 175 g
frutos_secos		Nuez pecana natural Original Carrefour 200 g.
frutos_secos		Nuez sin cáscara EROSKI, tarrina 175 g
pavo		Nugget de pavo Carrefour Extra sin gluten 400 g.
pollo		Nuggets 0% pollo GREEN CUISINE, caja 250 g
pollo		Nuggets HEURA, bandeja 400 g
pollo		Nuggets LA COCINERA, caja 350 g
pollo		Nuggets Veganos (Garden Gourmet)
pollo		Nuggets chilli cheese Pickers by McCain 230 g.
pollo		Nuggets con queso Recetas Crujientes La Cocinera 350 g.
pollo		Nuggets con salsa EROSKI, caja 300 g
pescado		Nuggets de merluza PESCANOVA, bolsa 300 g
pescado		Nuggets de merluza Pescanova 360 g
pollo		Nuggets de pechuga de pollo El Mercado sin gluten 250 g
pollo		Nuggets de pollo Dia Al Punto 400 g
pollo		Nuggets de pollo EROSKI BASIC, bolsa 450 g
pollo		Nuggets de pollo La Cocinera 250 g
pollo		Nuggets de pollo MAHESO Receta Maestra, caja 300 g
pollo		Nuggets de pollo Recetas Crujientes La Cocinera sin gluten y sin lactosa 455 g.
pollo		Nuggets de pollo-queso LA COCINERA, caja 350 g
pollo		Nuggets de proteína de guisante y trigo Green Cuisine Findus 250 g.
pollo		Nuggets rebozado fino Recetas Crujientes La Cocinera 400 g.
pollo		Nuggets sin gluten LA COCINERA, caja 445 g
pollo		Nuggets sin gluten MAHESO, bolsa 300 g
pollo		Nuggets veganos Garden Gourmet 200 g.
barrita		Nutzer Bar - Pistacho x 10 - 10 x (Prozis)
barrita		Nutzer Bar - Pistacho x 10 - Avellana 10 x (Prozis)
barrita		Nutzer Bar - Pistacho x 10 - Avellana y Chocolate con Leche 10 x (Prozis)
barrita		Nutzer Bar - Pistacho x 10 - Frambuesa 10 x (Prozis)
barrita		Nutzer Bar - Pistacho x 10 - Frambuesa y chocolate blanco 10 x (Prozis)
barrita		Nutzer Bar - Pistacho x 10 - Pistacho y chocolate blanco 10 x (Prozis)
zumo	bebida	Néctar de mango Dia Saborfera 1 L
zumo	bebida	Néctar de maracuya AMAZONIA, botella 1 litro
zumo	bebida	Néctar de melocotón Dia Saborfera 1 L
zumo	bebida	Néctar de naranja Carrefour Classic sin azúcares añadidos pack de 6 brik de 20 cl.
zumo	bebida	Néctar de naranja Carrefour sin azúcar añadido 1 l.
zumo	bebida	Néctar de naranja Disfruta Don Simón sin azúcar añadido 1, 5 l.
zumo	bebida	Néctar de naranja GRANINI, botella 1 litro
zumo	bebida	Néctar de naranja GRANINI, botellín 33 cl
zumo	bebida	Néctar de piña Dia Saborfera 1 L
zumo	bebida	Néctar de piña GRANINI, botella 1 litro
zumo	bebida	Néctar de piña GRANINI, botella 1,5 litros
zumo	bebida	Néctar de piña sin GRANINI, botella 1 litro
zumo	bebida	Néctar de piña sin azúcar DON SIMON, pack 6x20 cl
zumo	bebida	Néctar de plátano GRANINI, botella 1 litro
zumo	bebida	Néctar disfruta tropical DON SIMON, brik 2 litros
zumo	bebida	Néctar merienda DON SIMON, pack 6x20 cl
zumo	bebida	Néctar multivitaminas DON SIMON Disfruta, brik 2 litros
zumo	bebida	Néctar piña Granini 1 L
suplementos		OMEGA 3 Be Essential®
suplementos		OMEGA 7 Be Essential®
proteina		ONLY WHEY ZERO CACAOLAT® (BIG®)
proteina		ONLY WHEY ZERO CACAOLAT® ORIGINAL [ ] (BIG®)
proteina		ONLY WHEY ZERO LACASITOS® (BIG®)
proteina		ONLY WHEY ZERO PHOSKITOS® (BIG®)
semillas		OPC complex (extracto de semilla de uva) (Essential Series)
suplementos		ORS Cocolytes (agua de coco + electrolitos) en polvo Apple (Essential Series)
frutas		OVARIAN RECOVERY - Peach Mango (Be Essential®)
suplementos		OVARIAN RECOVERY - Red Fruits (Be Essential®)
cereales		OatFlakes Copos de Avena Sin Gluten - Mr.Popper‘s® (MR POPPER´S)
harinas		OatMash Harina de Avena - Mr.Popper‘s® - DOBLE CHOCOLATE (MR POPPER´S)
proteina		Oatmeal + Whey - Avena y Proteína Whey - Bombón Oatmeal + Whey - Harina de avena y proteína whey (Prozis)
proteina		Oatmeal + Whey - Avena y Proteína Whey - Bombón Oatmeal - Avena integral (Prozis)
proteina		Oatmeal + Whey - Avena y Proteína Whey - Brownie de chocolate Oatmeal - Avena integral (Prozis)
proteina		Oatmeal + Whey - Avena y Proteína Whey - Merengue de limón Oatmeal - Avena integral (Prozis)
proteina		Oatmeal + Whey - Avena y Proteína Whey - Palomitas caramelizadas Oatmeal + Whey - Harina de avena y proteína whey (Prozis)
proteina		Oatmeal + Whey - Avena y Proteína Whey - Pepitas de chocolate Oatmeal + Whey - Harina de avena y proteína whey (Prozis)
proteina		Oatmeal + Whey - Avena y Proteína Whey - Pepitas de chocolate Oatmeal - Avena integral (Prozis)
proteina		Oatmeal + Whey - Harina de avena y proteína whey - Bombón Oatmeal + Whey - Harina de avena y proteína whey (Prozis)
proteina		Oatmeal + Whey - Harina de avena y proteína whey - Bombón Oatmeal - Avena integral (Prozis)
proteina		Oatmeal + Whey - Harina de avena y proteína whey - Brownie de chocolate Oatmeal + Whey - Harina de avena y proteína whey (Prozis)
proteina		Oatmeal + Whey - Harina de avena y proteína whey - Brownie de chocolate Oatmeal - Avena integral (Prozis)
proteina		Oatmeal + Whey - Harina de avena y proteína whey - NutChoc Oatmeal + Whey - Harina de avena y proteína whey (Prozis)
proteina		Oatmeal + Whey - Harina de avena y proteína whey - Pepitas de chocolate Oatmeal + Whey - Harina de avena y proteína whey (Prozis)
proteina		Oatmeal + Whey - Harina de avena y proteína whey - Pepitas de chocolate Oatmeal - Avena integral (Prozis)
panes		Obleas Pan de ángel 24 unidades
otros		Obleas Rollito Primavera, paquete 134 g
suplementos		Oh! My sauce - Mojo canario (Quamtrax)
suplementos		Omega 3 1000 120 softgels (Prozis)
suplementos		Omega 3 1000 120 softgels - Omega 3 - 1000 - 240 softgels (Prozis)
suplementos		Omega 3 1000 120 softgels - Omega 3 - 1000 - 480 softgels (Prozis)
suplementos		Omega 3 DHA Plus blandas (Prozis)
suplementos		Omega 3 Forte+ - Greenday®
suplementos		Omega 3 Plus vegano (Myvitamins)
suplementos		Omega 3 Vegano (Myvitamins)
suplementos		Omega 3 Xtreme EPA 60 softgels - Omega 3 - 1000 - 240 softgels (Prozis)
suplementos		Omega 3 Xtreme EPA 60 softgels - Omega 3 - 1000 - 480 softgels (Prozis)
suplementos		Omega 3 Xtreme EPA 60 softgels - Omega 3 1000 120 softgels (Prozis)
suplementos		Omega 3 blandas (Prozis)
suplementos		Omega 3 blandas blandas (Prozis)
suplementos		Omega 3 oil (Quamtrax)
suplementos		Omega 3-6-9 - 360 softgels - 120 softgels (Prozis)
suplementos		Omega 3-6-9 - 360 softgels blandas (Prozis)
suplementos		Omega 3-6-9 1000mg 120 Softgels (Essential Series)
suplementos		Omega 3-6-9 1000mg 30 Softgels (Essential Series)
suplementos		Omega 3-6-9 120 softgels (Prozis)
suplementos		Omega 3-6-9 120 softgels blandas (Prozis)
suplementos		Omega 3·6·9 (Quamtrax)
suplementos		Omega-3 3000mg (Vitaminalia)
suplementos		Omega-3 aceite pescado 1000mg Fish Oil 120 Softgel (Essential Series)
suplementos		Omega-3 aceite pescado 1000mg Fish Oil 240 Softgel (Essential Series)
suplementos		Omega-3 aceite pescado 1000mg Fish Oil 30 Softgel 01 (Essential Series)
suplementos		Onagra 3150 mg blandas (Prozis)
otros		Ondulé sin gluten SCHAR, paquete 30 g
otros		Orbit refresh tropical 7 uds
cerdo		Oreja de cerdo cocida adobada Carrefour 400 g
otros		Orejón de albaricoque EROSKI, tarrina 270 g
chocolates		Organic sense sucre 79% cacau 100g (Torras)
chocolates		Orgànic (Torras)
chocolates		Orgànica Cacau Pur 150g (Torras)
chocolates		Orgànica Negra 70% amb Goji i Açai 100g (Torras)
chocolates		Orgànica Negra 70% amb Sèsam i Pol·len (Torras)
chocolates		Orgànica Negra 70% amb avellanes 100g (Torras)
chocolates		Orgànica Negra 70% amb taronja (Torras)
especias		Orgànica Negra 70% cacau amb Flor de Sal (Torras)
chocolates		Orgànica Negra 90% 100g (Torras)
suplementos		Orgànica Negra amb Maca i Gingebre (Torras)
chocolates		Orgánico (Torras)
panaderia		Orgánico Negro 79% Sin Azúcar 100g (Torras)
chocolates		Orgánico: Gotas de chocolate 70%: Placer Intenso (Torras)
proteina		Origin Intra-Workout , Blue Slushie (Myprotein)
proteina		Origin Intra-Workout , Original (White) (Myprotein)
proteina		Origin Intra-Workout , Raspberry Candy (Myprotein)
suplementos		Origin Jacked Pump Blue Raspberry Fizz (Myprotein)
suplementos		Origin Jacked Pump Candy Pop (Myprotein)
suplementos		Origin Jacked Pump Cherry Drops (Myprotein)
proteina		Origin Mass Gainer Vanilla Pudding (Myprotein)
proteina		Origin Pre-Entreno American Grape (Myprotein)
proteina		Origin Pre-Entreno Blue Raspberry Fizz (Myprotein)
proteina		Origin Pre-Entreno Dry Scoop Cherry Drops (Myprotein)
proteina		Origin Pre-Entreno Dry Scoop Passionfruit Twister (Myprotein)
proteina		Origin Pre-Entreno Dry Scoop Sour Apples (Myprotein)
proteina		Origin Pre-Entreno Sour Lemonade (Myprotein)
proteina		Origin Pre-Entreno Sour Watermelon (Myprotein)
proteina		Origin Pre-Entreno White (Original) (Myprotein)
proteina		Origin Protein (con Creatina) Cinnamon Roll (Myprotein)
proteina		Origin Protein (con Creatina) MARVEL Thanos - Blueberry Muffin (Myprotein)
panaderia		Origin Protein – Iron Man – Tarta Red Velvet | MARVEL MARVEL Iron Man - Red Velvet Cake (Myprotein)
panaderia		Origin Protein – Iron Man – Tarta Red Velvet | MARVEL MARVEL Thanos - Blueberry Muffin (Myprotein)
bebidas	bebida	Oshee Hydration sport sabor limón botella 555 ml.
cerdo		Osobuco de cerdo
mariscos		Ostra rizada cocida al natural MARES DE GALICIA, caja 1 kg
suplementos		P-sinefrina 60mg Synephrine (Essential Series)
suplementos		PABA (ácido para-aminobenzoico) 500mg (Essential Series)
suplementos		PACK COMPLETO - Con 4 suplementos (226ERS)
suplementos		PACK CONTROL DE PESO - Con 3 suplementos (226ERS)
suplementos		PACK INMUNE - Con 2 suplementos (226ERS)
panes		PAN BLANCO 0% AZÚCARES 460g (Dulcesol)
panes		PAN DE MOLDE CEREALES Y SEMILLAS (Dulcesol)
panes		PAN DE MOLDE INTEGRAL SIN AZÚCAR 820g (Dulcesol)
panaderia		PANDORINO - CAJA 1,08kg (Dulcesol)
panes		PANECILLOS TOSTADOS 400g (Dulcesol)
cerveza	bebida	PAULANER NATURTRÜF Cerveza de trigo Alemana botella 50 cl.
suplementos		PCOS Care * (Essential Series)
frutas		PCOS complex en polvo Mango (Essential Series)
suplementos		PCOS complex en polvo Orange (Essential Series)
suplementos		PCOS complex en polvo Peach (Essential Series)
suplementos		PCOS complex en polvo Watermelon (Essential Series)
suplementos		PEA & mag (palmitoiletanolamida micronizada + magnesio) Micronized (Essential Series)
suplementos		PEA & mag (palmitoiletanolamida micronizada + magnesio) Micronized 01 (Essential Series)
pollo		PECHUGA DE POLLO FILETEADA EXTRATIERNA Marinada (ElPozo)
especias		PENTAMag (5 sales de magnesio) (Essential Series)
suplementos		PMS Care (Essential Series)
suplementos		PMS Care V02 (Essential Series)
cereales		PORRIDGE DE AVENA - Listo en 1 Minuto (Prozis)
frutas		POUCH FRESA Y PLÁTANO - CAJA 7U (Be Plus)
galletas		POUCH FRUTA Y GALLETA - CAJA 7U (Be Plus)
otros		POUCH FRUTOS ROJOS BIO - CAJA 7U (Be Plus)
cereales		POUCH MANZANA, PLÁTANO, ARÁNDANO Y AVENA BIO - CAJA 7U (Be Plus)
suplementos		PQQ (pirroloquinolina quinona) 20mg (Essential Series)
proteina		PRE WORKOUT - Suplemento Deportivo Pre-Entreno - Lima (226ERS)
cerdo		PRESA DE CERDO EXTRATIERNA Marinada (ElPozo)
suplementos		PROMOCIÓN Hellcore Drink+Camiseta de regalo (Vitobest)
frutas		PROMOCIÓN Hellcore Drink+Camiseta de regalo - Cereza (Vitobest)
frutas		PROMOCIÓN Hellcore Drink+Camiseta de regalo - Limón (Vitobest)
suplementos		PRO·BE·OTIC (Be Essential®)
leche		PRÉSIDENT Nata montada en spray PRESIDENT 250 g.
alcohol	bebida	PUERTA DE ALCALÁ Vino tinto con D.O Vinos de Madrid botella de 75 cl.
alcohol	bebida	PUERTA DE ALCALÁ Vino tinto crianza con D.O Vinos de Madrid botella 75 cl.
alcohol	bebida	PUERTA DE ALCALÁ Vino tinto reserva con D.O Vinos de Madrid botella de 75 cl.
alcohol	bebida	Pacharán AMBOTO, botella 1 litro
alcohol	bebida	Pacharán ATXA ETIQUETA NEGRA, botella 70 cl
alcohol	bebida	Pacharán Baines 1 l.
alcohol	bebida	Pacharán I.G.P. Navarra BAINES, botella 1 litro
alcohol	bebida	Pacharán IGP Navarra BASARANA Etiqueta Negra, botella 1 litro
alcohol	bebida	Pacharán IGP Navarra BEREZKO, botella 1 litro
alcohol	bebida	Pacharán IGP Navarra LA NAVARRA, botella 1 litro
alcohol	bebida	Pacharán IGP Navarra ZOCO, botella 1 litro
otros		Pacharán Oibar
alcohol	bebida	Pacharán Zoco 70 cl
suplementos		Pack - antioxidantes especial mujer * (HSN Packs)
suplementos		Pack - ayuda a tu ánimo * (HSN Packs)
suplementos		Pack - bueno para la circulación * (HSN Packs)
suplementos		Pack - bueno para tu descanso * (HSN Packs)
suplementos		Pack - controla tu colesterol * (HSN Packs)
suplementos		Pack - cuida tu colesterol * (HSN Packs)
suplementos		Pack - cuida tu corazón * (HSN Packs)
suplementos		Pack - definición * (HSN Packs)
suplementos		Pack - descansa mejor y calma tu estrés * (HSN Packs)
suplementos		Pack - deseo sexual * (HSN Packs)
suplementos		Pack - energía y protección antioxidante * (HSN Packs)
suplementos		Pack - recupera la línea * (HSN Packs)
suplementos		Pack - salud articular especial veganos * (HSN Packs)
suplementos		Pack - salud cardiovascular * (HSN Packs)
suplementos		Pack - sistema inmune * (HSN Packs)
suplementos		Pack - sueño reparador y apoyo cognitivo * (HSN Packs)
suplementos		Pack - superalimentos * (HSN Packs)
suplementos		Pack 1 - activa tu mente * (HSN Packs)
suplementos		Pack 1 - antienvejecimiento * (HSN Packs)
suplementos		Pack 1 - apoyo al metabolismo * (HSN Packs)
suplementos		Pack 1 - apoyo articular * (HSN Packs)
suplementos		Pack 1 - ayuda a la libido * (HSN Packs)
suplementos		Pack 1 - mantener el nivel de resistencia * (HSN Packs)
suplementos		Pack 1 - mantenerme en forma * (HSN Packs)
suplementos		Pack 2 - activa tu mente * (HSN Packs)
suplementos		Pack 2 - ayuda a la libido * (HSN Packs)
suplementos		Pack 2 - mantener el nivel de resistencia * (HSN Packs)
suplementos		Pack 2 - recuperarme mejor * (HSN Packs)
suplementos		Pack 3 - apoyo articular * (HSN Packs)
suplementos		Pack 3 - mantener el nivel de resistencia * (HSN Packs)
suplementos		Pack 3 - mantenerme en forma * (HSN Packs)
suplementos		Pack 3 - marcar músculo * (HSN Packs)
suplementos		Pack 4 - activa tu mente * (HSN Packs)
yogurt		Pack 4 Yogures Naturales Vaqueiro (Central Lechera Asturiana)
suplementos		Pack 5 - activa tu mente * (HSN Packs)
suplementos		Pack Libido Care en pareja (HSN Packs)
yogurt		Pack Yogur Natural Azucarado (Central Lechera Asturiana)
suplementos		Pack anti-resaca * (HSN Packs)
cafe	bebida	Pack café proteico #CaféFitConQ (HSN Packs)
yogurt		Pack de 4 kéfir sabor arandanos (Central Lechera Asturiana)
yogurt		Pack de 8 unidades de Yogur Natural (Central Lechera Asturiana)
embutidos		Pack de Salchichas Frankfurt con Queso (Campofrío)
embutidos		Pack de Salchichas Frankfurt de Pavo (Campofrío)
suplementos		Pack endurance competición (HSN Packs)
suplementos		Pack endurance de bolsillo (HSN Packs)
suplementos		Pack especial menopausia - bueno para tus huesos * (HSN Packs)
suplementos		Pack especial menopausia - función hormonal * (HSN Packs)
suplementos		Pack maca en pareja (HSN Packs)
suplementos		Pack multivitamínico en pareja (HSN Packs)
suplementos		Pack nutricosmética – mímate mucho * (HSN Packs)
suplementos		Pack para hombre y mujer fertility Care (HSN Packs)
suplementos		Pack regalo - coffee lovers (HSN Packs)
suplementos		Pack regalo – 'sweet delights' (HSN Packs)
suplementos		Pack regalo – open your mind * (HSN Packs)
suplementos		Pack regalo – sentirse bien * (HSN Packs)
zumo	bebida	Pack smoothie verde: espinaca + kale (HSN Packs)
preparados		Paella marinera Carretilla sin gluten 250 g.
preparados		Paella valenciana Carretila 300 g.
otros		Pajaritas con vegetales GALLO, paquete 450 g
cerdo		Paleta (ElPozo)
fiambres		Paleta Cocida (ElPozo)
cerdo		Paleta D.O.P.Teruel EROSKI SABORES TRADICIONALES, sobre 100 g
cerdo		Paleta Gran Reserva en lonchas Carrefour El Mercado 90 g
cerdo		Paleta Ibérica Asada Con Maderas De Haya (ElPozo)
fiambres		Paleta asada al horno 150g (Noel)
fiambres		Paleta asada al horno lonchas finas DELIZIAS NOEL, bandeja 150 g
cerdo		Paleta bellota ibérica SELEQTIA, al corte, compra mínima 100 g
cerdo		Paleta cebo 50% raza ibérica HOZADOR, al corte, compra mínima 100 g
cerdo		Paleta cebo campo ibérica 50% raza ibérica EROSKI, sobre 100 g
fiambres		Paleta cocida 90g (Noel)
fiambres		Paleta cocida lonchas finas EROSKI basic, bandeja 250 g
cerdo		Paleta curada MAHALA, sobre 125 g
cerdo		Paleta curada de Teruel Aire Sano 8 Estaciones sin gluten y sin lactosa 120 g
cerdo		Paleta curada de caserío BIGA, sobre 100 g
cerdo		Paleta curada en lonchas Carrefour El Mercado sin gluten y sin lactosa 90 g
cerdo		Paleta de Bellota Ibérica 50% Raza Ibérica en lonchas Altorreal 100 g
cerdo		Paleta de Cebo Ibérica 50% Raza Ibérica en lonchas Nico 90 g
cerdo		Paleta de Cebo Ibérico 50% Raza Ibérica en lonchas IberSierra sin gluten + Surtido de Ibéricos 150 g
cerdo		Paleta de Cebo de Campo Ibérica 50% Raza Ibérica en lonchas Altanera 90 g
cerdo		Paleta de bellota 100% ibérica EROSKI SELEQTIA, sobre 80 g
cerdo		Paleta de cerdo blanco MATORRAL, pack 2x150 g
cerdo		Paleta ibérica de cebo 50% raza ibérica MATORRAL, sobre 125 g
caza		Paletillas de conejo
snacks		Palito salado XOX, bolsa 250 g
frutos_secos		Palitos con pipas Extra Carrefour sin gluten y sin lactosa 65 g.
aceites		Palitos cortos aceite de oliva PANEALBA, bolsa 250 g
verduras		Palitos de Zanahoria - Florette
cereales		Palitos de cereales con chocolate-avellana SNATT'S, bolsa 68 g
cereales		Palitos de cereales con olivas-sésamo SNATT'S, bolsa 60 g
cereales		Palitos de cereales con pipas SNATT'S, bolsa 62 g
cereales		Palitos de cereales con queso SNATT'S, bolsa 56 g
galletas		Palitos de galleta recubiertos de chocolate Mikado 75 g
galletas		Palitos de galleta recubiertos de chocolate con leche Galleteca de Dia 75 g
galletas		Palitos de galleta recubiertos de chocolate con leche Mikado 75 g
panes		Palitos de pan con aceite de oliva Spaccatini Carrefour Original 250 g.
panes		Palitos de pan con crema de cacao con avellanas Sticks Nocilla pack de 2 unidades de 30 g.
panes		Palitos de pan con olivas y sésamo Snatt's Grefusa 60 g.
panes		Palitos de pan con pipas Carrefour pack de 2x90 g.
panes		Palitos de pan con pipas Snatt's 62 g
panes		Palitos de pan con pipas Snatt's Grefusa pack de 4 unidades de 40 g.
panes		Palitos de pan con queso Snatt's 56 g
quesos		Palitos de queso LA VACA QUE RIE, 4 uds., caja 140 g
especias		Palitos pretzel con sal Xox 250 g
panaderia		Palmera Airos sin gluten 60 g
panaderia		Palmera bañada al cacao Dulcesol
panaderia		Palmera con chocolate blanco sin gluten AIROS, paquete 150 g
panaderia		Palmera con chocolate sin gluten ARIOS, bandeja 150 g
panaderia		Palmera de bollo QÉ, 1 ud, 120 g
panaderia		Palmera supremas Carrefour 4 ud
panaderia		Palmera zebra Dulcesol
panaderia		Palmeras DULCESOL, bandeja 180 g
panaderia		Palmerita de chocolate ARRUABARRENA, bandeja 260 g
panaderia		Palmerita de mantequilla EROSKI, bandeja 160 g
panaderia		Palmerita mixta ARRUABARRENA, bandeja 220 g
panaderia		Palmeritas al cacao Dulcesol
panaderia		Palmeritas de cacao El Molino de Dia 235 g
verduras		Palmito entero EROSKI, frasco 250 g
snacks		Palomitas POPITAS, pack 3x100 g
pollo		Palomitas de Pollo (La Cocinera)
frutas		Palos de goma rellenos sabor fresa Fini 180 g.
frutas		Palotes masticables de frutas Palotes 90 g
panes		Pan 100% integral con corteza BIMBO, paquete 450 g
panes		Pan Dextrin con lino SANTIVERI, paquete 300 g
panes		Pan Dextrin integral SANTIVERI, paquete 300 g
panes		Pan Pannier plus mediana 300 g
panes		Pan Proteico 365 g Drasanvi
panes		Pan Sottile cereales y semillas Dulcesol
panes		Pan Sottile integral Dulcesol
panes		Pan batard Carrefour 1 ud.
panes		Pan blanco BIMBO, paquete 430 g
panes		Pan blanco BIMBO, paquete 700 g
panes		Pan blanco sin corteza EROSKI, paquete 700 g
panes		Pan brioche DULCESOL, paquete 450 g
panes		Pan burger brioche EROSKI, 4 uds, paquete 340 g
panes		Pan burger brioche St Pierre 250 g.
panes		Pan burguer con sésamo EROSKI, 4 uds paquete 200 g
panes		Pan campeonato Fricopan Spanien 1 und.
panes		Pan candeal de picos EROSKI, 270 g
panes		Pan chapata 1 ud.
panes		Pan chapata rústico Proceli sin gluten y sin lactosa pack de 2 unidades de 60 g.
panes		Pan con Pasas y Nueces 1 ud.
panes		Pan con masa madre RUSTIK BAKERY, paquete 400 g
panes		Pan crujiente Schär sin gluten y sin lactosa 150 g.
panes		Pan de Hamburguesa Carrefour 4 ud 300 g
panes		Pan de Molde 100% Integral - Pack 6 unidades (EUROPASTRY)
panes		Pan de avena vitalité Wasa 280 g
panes		Pan de centeno y sésamo EROSKI, paquete 250 g
panes		Pan de escamas estilo japonés Panko SANTA RITA, bote 200 g
panes		Pan de espelta 100% integral EROSKI, paquete 460 g
snacks		Pan de gambas ZANUY, bolsa 50 g
panes		Pan de hamburguesa Brioxe Proceli sin gluten y sin lactosa pack 2 undiades de 90 g.
panes		Pan de hamburguesa Nutrifree sin gluten 110 g.
panes		Pan de hamburguesa rústica XXL 4 ud
panes		Pan de hamburguesa sin gluten BIMBO, paquete 160 g
panes		Pan de hogaza Carrefour Extra No Gluten! sin lactosa 300 g.
panes		Pan de hogaza con semillas y cereales Carrefour Extra sin gluten y sin lactosa 300 g.
leche	bebida	Pan de leche Dulcesol
leche	bebida	Pan de leche LA BELLA EASO, 10 uds, paquete 350 g
panes		Pan de leche con pepitas de chocolate Dulcesol
panes		Pan de leche con pepitas de chocolate Dulcesol 240 g
panes		Pan de maíz con pipas EROSKI, paquete 460 g
panes		Pan de molde 100% natural integral BIMBO, paquete 450 g
panes		Pan de molde 12 cereales y semillas OROWEAT, paquete 550 g
panes		Pan de molde 12 cereales y semillas Oroweat 550 g
panes		Pan de molde 15% maíz Hacendado
panes		Pan de molde Carrefour Classic sin gluten 350 g.
panes		Pan de molde artesano Bimbo 500 g
panes		Pan de molde avena Dulcesol
panes		Pan de molde blanco Bimbo 700 g
panes		Pan de molde blanco Dulcesol
panes		Pan de molde blanco sin corteza El Molino de Dia 450 g
panes		Pan de molde cereales y semillas Dulcesol
panes		Pan de molde cereales-semillas EROSKI, paquete 675 g
panes		Pan de molde cereales-semillas sin gluten EROSKI, paquete 350 g
panes		Pan de molde clásico sin gluten SCHAR, paquete 300 g
panes		Pan de molde con cereales sin gluten Dr. Schar 300 g
panes		Pan de molde con cereales y semillas Carrefour Classic sin gluten 350 g.
panes		Pan de molde con cereales y sin gluten BIMBO, paquete 375 g
panes		Pan de molde con corteza EROSKI basic, paquete 820 g
panes		Pan de molde con corteza EROSKI, paquete 460 g
panes		Pan de molde con masa madre The rustik bakery 400 g
panes		Pan de molde con pipas OROWEAT, paquete 550 g
panes		Pan de molde con pipas de girasol y calabaza Oroweat 590 g.
panes		Pan de molde con semillas sin gluten El Molino de Dia 280 g
panes		Pan de molde de centeno OROWEAR, paquete 550 g
panes		Pan de molde de centeno-semillas EROSKI, paquete 675 g
panes		Pan de molde integral Natural 100% Bimbo 450 g.
panes		Pan de molde integral Warburtons 800 g.
panes		Pan de molde integral con semillas de sésamo y lino Oroweat 590 g.
panes		Pan de molde integral sin corteza EROSKI, paquete 450 g
panes		Pan de molde natural 100% BIMBO, paquete 460 g
panes		Pan de molde rebanada gruesa EROSKI, paquete 820 g
panes		Pan de molde sin corteza 8 cereales BIMBO, paquete 450 g
panes		Pan de molde sin corteza BIMBO, paquete 450 g
panes		Pan de molde sin corteza Natural 100% Bimbo sin lactosa 450 g.
panes		Pan de molde sin gluten EROSKI, paquete 350 g
panes		Pan de molde sin gluten El Molino de Dia 280 g
panes		Pan de molde sésamo y lino OROWEAT, paquete 550 g
panes		Pan de pita griego LA BOULANGERE, 4 uds., paquete 320 g
panes		Pan de queso Dia Naturmundo 75 g
panes		Pan de sésamo WASA, paquete 200 g
panes		Pan familiar 8 cereales integral BIMBO, paquete 650 g
panes		Pan hamburguesa Maxiburguers EROSKI, 4 unid., paquete 300 g
panes		Pan hamburguesa proteico (Food Series)
panes		Pan hot dog Bimbo 6 ud.
panes		Pan hot dog El Molino de Dia 220 g
panes		Pan integral
panes		Pan integral dextrin tostado con semillas de chía Santiveri 300 g.
panes		Pan integral dextrin tostado tradicional Santiveri 300 g.
panes		Pan molde con pipas Dulcesol
panes		Pan molde integral con 8 cereales y semillas Bimbo Silueta 600 g.
panes		Pan molde natural Dulcesol
panes		Pan molde sin corteza integral (Dulcesol)
panes		Pan original WASA, paquete 205 g
panes		Pan payés 5 cereales con semillas de calabaza rebanado 490 g
panes		Pan rallado GALLO, paquete 500 g
panes		Pan rallado casero crujiente Classic Carrefour 500 g.
panes		Pan rallado crujiente EROSKI, paquete 400 g
panes		Pan rallado crujiente con copos de maíz EROSKI, paquete 400 g
panes		Pan rallado de ajo-perejil EROSKI, paquete 500 g
panes		Pan rallado panko estilo japonés EROSKI, paquete 250 g
panes		Pan rallado sin gluten ESGUIR, paquete 200 g
panes		Pan rallado sin gluten GALLO, paquete 300 g
panes		Pan rallado sin gluten Panceliac 400 g
panes		Pan rebanada artesana BIMBO, paquete 500 g
panes		Pan rústico EROSKI, paquete 675 g
panes		Pan sin gluten - pack (HSN Packs)
panes		Pan tostado 85% integral s/ sal s/ azúcar RECONDO, paquete 540 g
panes		Pan tostado 85% integral sésamo y lino Recondo sin sal y sin azúcar añadido 540 g.
panes		Pan tostado clásico LA GAVILLA, paquete 100 g
panes		Pan tostado con cebolla LA GAVILLA, paquete 100 g
panes		Pan tostado con cereales y semillas Ortiz 320 g
panes		Pan tostado con pasas LA GAVILLA, bolsa 100 g
panes		Pan tostado de soja Pan Cota 230 g.
panes		Pan tostado elaborado con harina de trigo integral 32 % ecológico Carrefour Bio 250 g.
panes		Pan tostado integral Ortiz 320 g
panes		Pan tostado integral RECONDO, 30 rebanadas, paquete 270 g
panes		Pan tostado normal RECONDO, 30 rebanadas, paquete 270 g
panes		Pan tostado tradicional ORTIZ, 36 rebanadas, paquete 320 g
panes		Pan tostado tradicional Ortiz 320 g
panes		Pan tostado-tostas sin gluten SCHAR, paquete 260 g
otros		Panales de cabello 300 g
panaderia		Pancake + Protein - Tortitas de avena con proteína - Bombón Pancake (Prozis)
panaderia		Pancake + Protein - Tortitas de avena con proteína - Bombón Tortita (Prozis)
panaderia		Pancake + Protein - Tortitas de avena con proteína - Crema de cacahuete Tortitas (Prozis)
panaderia		Pancake + Protein - Tortitas de avena con proteína - Pepitas de chocolate Pancake (Prozis)
panaderia		Pancake + Protein - Tortitas de avena con proteína - Pepitas de chocolate Tortita (Prozis)
panaderia		Pancake + Protein - Tortitas de avena con proteína - Pepitas de chocolate Tortitas (Prozis)
panaderia		Pancake + Protein - Tortitas de avena con proteína - Pepitas de chocolate Tortitas de avena con proteína (Prozis)
fiambres		Panceta Ibérica Salada Vacío (ElPozo)
fiambres		Panceta VALLINA, taco 250 g
fiambres		Panceta adobada del P. Vasco EROSKI, al corte, compra mínima 100 g
fiambres		Panceta curada Dia Nuestra Alacena 100 g
fiambres		Panceta curada adobada EROSKI, sobre 150g
fiambres		Panceta curada adobada IRURA, bandeja 180 g
fiambres		Panceta curada lonchas MAHALA sobre 125 g
fiambres		Panceta curada natural loncheada ARBIZU, sobre 150 g
fiambres		Panceta de cerdo adobada
fiambres		Panceta de cerdo pieza
fiambres		Panceta fina sin corteza corte fino
fiambres		Panceta ibérica curada adobada EROSKI, sobre 100 g
fiambres		Panceta salada ibérica La Hacienda del ibérico
panes		Panecillo 6 Semillas 1 ud.
panes		Panecillos 8 unidades El Molino de Dia 360 g
panes		Panecillos con ajo EROSKI, paquete 160 g
panes		Panecillos con ajo y perejil Dulcesol
panes		Panecillos con tomate EROSKI, paquete 160 g
panes		Panecillos multicereales EROSKI, bolsa 250 g
panes		Panecillos tostados El Molino de Dia 225 g
panes		Panecillos tostados integrales Dulcesol
cereales		Panecitos cereal plátano-calabaza ecológicos SMILEAT, caja 60 g
otros		Panela Carrefour Classic 500 g.
otros		Panela Comercio Justo eco VERITAS, bolsa 500 g
dulces		Panela azúcar de caña integral eco INTERMON OXFAM, bolsa 400 g
dulces		Panela de azúcar de caña integral en sobre AZUCARERA, caja 240 g
otros		Panela de caña eco AZUCARERA, doypack 200 g
otros		Panela en sobres Azucarera 240 g
otros		Panga ASC 120/170 COMPESCA, bolsa 480 g
preparados		Panini Kebab 1 ud.
pescado		Panninis de atún DR. OETKER, pack 2x125 g
infantil		Papilla 8 cereales HERO, caja 340 g
infantil		Papilla 8 cereales sin azúcares añadidos Hero Baby 410 g
infantil		Papilla biberón 8 cereales BLEVIT, caja 500 g
infantil		Papilla crema de arroz sin azúcares añadidos Hero 220 g
infantil		Papilla de avena 100% bio HIPP, caja 200 g
infantil		Papilla de cereales sin gluten HERO, caja 340 g
infantil		Papilla de crema de arroz sin gluten HERO, caja 220 g
infantil		Papilla infantil desde 6 meses 8 cereales con galleta maría Nestlé sin azúcar añadido 725 g.
infantil		Papilla infantil desde 6 meses 8 cereales galletas María Nutribén sin aceite de palma 600 g.
infantil		Papilla infantil desde 6 meses Nestlé 8 cereales con fruta sin azúcar añadido 330 g.
infantil		Papilla infantil desde 6 meses Nestlé crema de arroz sin gluten y sin azúcar añadido 450 g.
infantil		Papilla infantil desde 6 meses avena integral con ciruela Gerber sin azúcar añadido 250 g.
infantil		Papilla infantil desde 6 meses cereales integrales muticereales ecológico Hipp Biológico sin lactosa 400 g.
infantil		Papilla líquida leche y cereales galleta Nestlé caja 2 x 250 ml
infantil		Papilla multicereal 0% GERBER, caja 510 g
infantil		Papilla superfibra 8 cereales BLEVIT, caja 1000 g
otros		Pappardelle FINDUS, sobre 300 g
otros		Pappardelle al ragú Findus 300 g.
chocolates		Paraguas de chocolate Lacasa 50 g
frutos_secos		Pasa Sultana Bio 100 g Doypack Frutos Secos Ecosana (Drasanvi)
frutos_secos		Pasas Thompon sin semilla EROSKI, tarrina 150 g
otros		Pasas de California sin pepita BORGES, bolsa 150 g
otros		Pasas sin pepitas Borges doy pack 150 g.
otros		Pasas sultana EROSKI, bolsa 250 g
otros		Pasas sultana EROSKI, tarrina 150 g
otros		Pasas sultanas Dia Naturmundo 200 g
pasta		Pasta Box Espinacas Y Ricotta (ElPozo)
pasta		Pasta Box Jamon York Y Queso Emmental (ElPozo)
pasta		Pasta Disney Cars Gallo 300 g.
pasta		Pasta Disney Mickey GALLO, paquete 300 g
pasta		Pasta Elicoidale GAROFALO, paquete 500 g
pasta		Pasta Fusilli Nº 34 DE CECCO, paquete 500 g
pasta		Pasta Linguine LA MOLISANA, paquete 500 g
pasta		Pasta Marvel Spiderman GALLO, paquete 300 g
pasta		Pasta con salmón salvaje y salsa de hierbas aromáticas ecológico Hipp 250 g.
pasta		Pasta con setas Trevijano 200 g
untables		Pasta de Dátil (CALCONUT)
untables		Pasta de almendra Hacendado
pasta		Pasta de estrellas Gallo 450 g
pasta		Pasta de letras GALLO, paquete 450 g
pasta		Pasta de letras boloñesa ecológico ABC Hipp 250 g.
pasta		Pasta de tiburones Dia Al Diante 500 g
salsas		Pasta de tomate doble concentrado Montali 128 g
pasta		Pasta espagueti integral Gallo Nature 450 g.
pasta		Pasta espaguetis Barilla sin gluten 400 g.
pasta		Pasta espaguetis cocción rápida Carrefour Classic 500 g.
pasta		Pasta espaguetis ecológicos Carrefour Bio 500 g.
pasta		Pasta espaguetis proteína Garofalo 500 g.
pasta		Pasta especial fideua nº3 SOS 500 g.
pasta		Pasta fettuccine al huevo Gallo 450 g.
pasta		Pasta fideo cabellín ecológico Carrefour Bio 500 g.
pasta		Pasta fideo grueso Carrefour Classic 500 g.
pasta		Pasta fideos gruesos Gallo sin gluten sin lactosa 450 g.
pasta		Pasta fina macarrones Gallo 400 g.
pasta		Pasta fina spaghetti vegetal Gallo 400 g.
pasta		Pasta fresca Tortello rellena de prosciutto Dia Selección Mundial 250 g
pasta		Pasta fresca al huevo Mezzelune con calabaza, mascarpone y salvia Carrefour Extra 250 g.
pasta		Pasta hélices Gallo 400 g.
pasta		Pasta hélices con tomate y espinaca ensaladas Gallo 675 g.
pasta		Pasta letras Gallo 450 g.
pasta		Pasta maravilla EROSKI, paquete 500 g
pasta		Pasta margaritas con vegetales GALLO, paquete 675 g
pasta		Pasta penne Dia Selección Mundial 500 g
pasta		Pasta penne ziti rigate Garofalo 500 g.
pasta		Pasta pistón mediano GALLO, paquete 450 g
pasta		Pasta plumas Nº6 Gallo 1 kg.
pasta		Pasta plumas rayadas integrales Gallo Nature 450 g.
pasta		Pasta ravioli rellena de carne al huevo Gallo 500 g.
pasta		Pasta spaguetti Nº3 Gallo 1 kg.
pasta		Pasta tagliatelle al nero di sepia Gallo 250 g.
pasta		Pasta tortellini de carne al huevo Gallo 500 g.
pasta		Pasta tortellini rellena de queso al huevo Romero 250 g.
pasta		Pastas Avena Zero (Gullón)
pasta		Pastas Gullón sin gluten y sin lactosa 200 g.
pasta		Pastas Sin Gluten (Gullón)
galletas		Pastas de té Dulcesol
frutas		Pastel alemán con frutas TIA MERRY, paquete 400 g
chocolates		Pastel alemán de chocolate MILDRED, paquete 400 g
frutas		Pastel alemán de kiwi MILDRED, paquete 400 g
pescado		Pastel de atún 250 g
quesos		Pastel de queso ROYAL, caja 300 g
verduras		Pastel de zanahoria DR. OETKER, caja 315 g
frutas		Pastel fresco de limón ROYAL, caja 103 g
panaderia		Pastel marmol MILDRED, paquete 400 g
panaderia		Pastel mármol Tia Merry 400 g.
otros		Pastelito Bony BIMBO, paquete 3 uds
otros		Pastelito Pantera Rosa BIMBO, 3 uds., paquete 165 g
instantanea		Pastillas de caldo de carne Dia Al Punto 24 unidades
instantanea		Pastillas de caldo de verduras Dia Al Punto 12 unidades
instantanea		Pastillas de caldo vegetal Knorr 12 unidades
panaderia		Pastillas de menta sin azúcar Smint 8 g
untables		Pastillas de miel para chupar FARINGEDOL, caja 20 uds
instantanea		Pastillas doble caldo de carne Knorr 18 unidades
mariscos		Pata de pulpo jugo cocido EROSKI, bandeja 250 g
pollo		Patas de pollo
tuberculos		Patata entera EROSKI, frasco 400 g
tuberculos		Patata finisima EROSKI, bolsa 1 kg
tuberculos		Patata frita crujiente EROSKI SELEQTIA, bolsa 150 g
tuberculos		Patata gajo especiada EROSKI, bolsa 750 g
tuberculos		Patata horno express MCCAIN, bolsa 500 g
tuberculos		Patata lisa Carrefour Classic 35 g.
tuberculos		Patata para guarnición UDAPA FÁCIL, bandeja 450 g
tuberculos		Patata prefrita EROSKI basic, bolsa 1 kg
tuberculos		Patata prefrita EROSKI, bolsa 2,5 kg
tuberculos		Patata premium ondulada sal LAY'S GOURMET, bolsa 150 g
tuberculos		Patata princesa AMANDINE, bolsa 1,5 kg
tuberculos		Patatas Fry'n dip MCCAIN, bolsa 500 g
tuberculos		Patatas LAY`S GOURMET, bolsa 170 g
tuberculos		Patatas Original Steakhouse McCain 1 kg.
snacks		Patatas Parrika PRINGLES, lata 70 g
tuberculos		Patatas a la riojana COCINA MAGUI, bandeja 300 g
tuberculos		Patatas a la vinagreta LAY`S, bolsa 150 g
tuberculos		Patatas airfyer julienne MC CAIN, bolsa 600 g
tuberculos		Patatas bravas EROSKI, bolsa 750 g
tuberculos		Patatas chef gourmet MCCAIN, bolsa 500 g
snacks		Patatas chips light EROSKI, bolsa 150 g
tuberculos		Patatas churreria SANTA ANA, bolsa 140 g
tuberculos		Patatas cocidas enteras Dia Vegecampo 400 g
pescado		Patatas con salmón salvaje y zanahorias salteadas ecológica Hipp Biológico sin gluten 250 g.
tuberculos		Patatas corte fino Dia Patatas Unidas 1 Kg
tuberculos		Patatas corte para bravas Carrefour 750 g.
tuberculos		Patatas en aceite de oliva SARRIEGUI, bolsa 150 g
tuberculos		Patatas finísimas LAY'S GOURMET, bolsa 170 g
tuberculos		Patatas finísimas congeladas Findus 875 g.
snacks		Patatas fritas CASA VELLA, bolsa 150 g
snacks		Patatas fritas RUFFLES YORK`ESO, bolsa 150 g
snacks		Patatas fritas a la sal LAY'S, bolsa 150 g
snacks		Patatas fritas al horno con sal LAY'S, bolsa 150 g
snacks		Patatas fritas al huevo frito EL VALLE, bolsa 120 g
especias		Patatas fritas al limón-pimienta SARRIEGUI, bolsa 125 g
snacks		Patatas fritas campesinas Dia Snack Maniac 170 g
snacks		Patatas fritas churrería Santa Ana sin gluten 261 g.
snacks		Patatas fritas clásicas Findus 200 g
snacks		Patatas fritas de churrería SANTA ANA, cartucho 270 g
snacks		Patatas fritas en aceite de oliva MARINAS, bolsa 135 g
snacks		Patatas fritas en sartén EROSKI, bolsa 150 g
snacks		Patatas fritas estilo caseras EROSKI, bolsa 300 g
snacks		Patatas fritas ligeras FRIT RAVICH, bolsa 115 g
snacks		Patatas fritas lisas EROSKI, bolsa 150 g
snacks		Patatas fritas onduladas sabor jamón Dia Snack Maniac 170 g
snacks		Patatas fritas onduladas sabor jamón Ruffles sin gluten 243 g.
snacks		Patatas fritas proteicas Barbacoa (Myprotein)
snacks		Patatas fritas sin sal girasol VERITAS, bolsa 125 g
snacks		Patatas fritas tatas La Madrileña 280 g.
snacks		Patatas fritas tradicionales McCain 1 Kg
tuberculos		Patatas gajo rústicas McCain 750 g
tuberculos		Patatas guarnición
tuberculos		Patatas horno campesina LAY`S, bolsa 130 g
tuberculos		Patatas light VICENTE VIDAL, bolsa 125 g
tuberculos		Patatas lisas campesinas EROSKI, bolsa 150g
tuberculos		Patatas onduladas Matutano RUFFLES, bolsa 150 g
tuberculos		Patatas onduladas con piel MC CAIN, bolsa 500 g
cerdo		Patatas onduladas rústicas sabor jamón VIDAL, bolsa 130 g
tuberculos		Patatas original crinkle MC CAIN, bolsa 750 g
tuberculos		Patatas prefritas con piel Carrefour 600 g.
verduras		Patatas sabor cebolla LAY'S, bolsa 150 g
tuberculos		Patatas sal super ahorro LAYS, bolsa 248 g
tuberculos		Patatas sin sal en aceite de oliva SARRIEGUI, bolsa 150 g
untables		Pate de oca DELICASS, lata 130 g
pollo		Pato trufado DELICASS, blister 40 g
untables		Paté LA PIARA Tapa Negra, lata 115 g
untables		Paté LA PIARA Tapa Negra, pack 3x75 g
untables		Paté LA PIARA Tapa Negra, pack 6x75 g
untables		Paté La piara Tapa Negra 225 g
untables		Paté a la pimienta Carrefour El Mercado sin gluten 100 g
untables		Paté a la pimienta Classic Carrefour sin gluten y sin lactosa 160 g.
untables		Paté a la pimienta EROSKI, frasco 160 g
untables		Paté a la pimienta La piara 2 x 75 g
untables		Paté a las finas hierbas ecológico VERITAS, tarro 175 g
untables		Paté al horno CARLIT, al corte, compra mínima 100 g
untables		Paté campaña País Vasco EROSKI, tarrina 120 g
untables		Paté campaña de cerdo y pollo Classic Carrefour sin gluten y sin lactosa 160 g.
untables		Paté con cebolla caramelizada Carrefour Extra 125 g
untables		Paté de Foie al Oporto KATEALDE, lata 135 g
untables		Paté de aceituna negra VERITAS, tarro 100 g
untables		Paté de algas ecológico VERITAS, tarro 175 g
untables		Paté de anchoa Dia Nuestra Alacena 110 g
untables		Paté de atún EROSKI, pack 2x78 g
untables		Paté de atún con aceite de girasol Carrefour pack de 3 unidades de 80 g.
untables		Paté de atún con aceitunas (Calvo)
untables		Paté de atún en aceite La Piara pack de 2 unidades de 75 g.
untables		Paté de atún en aceite de oliva natural LA PIARA, pack 2x75 g
untables		Paté de atún en aceite natural LA PIARA, pack 2x75 g
untables		Paté de atún original 0% materia grasa (Calvo)
untables		Paté de campagne ZUBIA, lata 135 g
untables		Paté de cerdo original Argal 3 x 83 g
untables		Paté de higado de pato al Oporto DELICASS, lata 130 g
untables		Paté de hígado de cerdo EROSKI basic, lata 200 g
untables		Paté de hígado de cerdo con hierro EROSKI, pack 3x78 g
untables		Paté de hígado de cerdo ibérico Hacendado
untables		Paté de hígado de cerdo sabor intenso Hacendado
untables		Paté de morcilla Dia Nuestra Alacena 110 g
untables		Paté de oca ZUBIA, lata 100 g
untables		Paté de oca superior MARTIKO, pack 2x75 g
untables		Paté de oca superior Martiko pack de 2 unidades de 75 g
untables		Paté de oca y paté de pato MARTIKO, pack 2x70 g
untables		Paté de pato DELICASS, lata 130 g
untables		Paté de pato EROSKI, blister 75 g
untables		Paté de pato a la pimienta verde EROSKI, blister 75 g
untables		Paté de pato con cebolla caramelizada EROSKI, blister 75 g
untables		Paté de pato con dulce de calabaza MATIKO, blister 75 g
untables		Paté de pato superior MARTIKO, blister 150 g
untables		Paté de pollo natural LA PIARA, pack 2x75 g
untables		Paté dúo trufa y cebolla La Cuina 2 x 50 g
untables		Paté suave Apis 3 x 80 g
untables		Paté vegetal de tomate y albahaca Carlota Organic 110 g
untables		Paté vegetal sabot foie Sensation Carrefour sin gluten 150 g.
otros		Pañuelo Hot Dog 1 ud.
barrita		Peanut Choco Bar - Chocolate con Leche x 10 - Cacahuete y chocolate blanco 10 x (Prozis)
barrita		Peanut Choco Bar - Chocolate con Leche x 10 - Cacahuete y chocolate con leche 10 x (Prozis)
proteina		Peanut Whey Protein - Caramelo salado (Prozis)
proteina		Peanut Whey Protein - Chocolate y Cacahuete (Prozis)
proteina		Peanut Whey Protein - Speculoos (Prozis)
proteina		Peanut Whey Protein - Vainilla (Prozis)
frutos_secos		Pecanas Mitades Bio 100 g Doypack Frutos Secos Ecosana (Drasanvi)
pavo		Pechuga De Pavo (ElPozo)
pavo		Pechuga De Pavo A Las Finas Hierbas Bienstar (ElPozo)
pavo		Pechuga De Pavo Adobada Bienstar (ElPozo)
pavo		Pechuga De Pavo Asada Con Madera De Haya 1954 Premium Gourmet (ElPozo)
pavo		Pechuga De Pavo Braseada (ElPozo)
pavo		Pechuga De Pavo Braseada Corte Fresco (ElPozo)
pavo		Pechuga de Pavo en lonchas Noel Delizias sin gluten y sin lactosa 110 g
pollo		Pechuga de Pollo Cocida 120g (Noel)
pollo		Pechuga de Pollo asado y ahumado natural (Campofrío)
pavo		Pechuga de pavo 95% Bonnatur 90 g
pavo		Pechuga de pavo 95% Elpozo 1954 120 g
pavo		Pechuga de pavo CAMPOFRÍO, pieza 340 g
pavo		Pechuga de pavo EROSKI, pack 2x200 g
pavo		Pechuga de pavo ahumada EROSKI Maestro, al corte, compra mínima 100 g
pavo		Pechuga de pavo cocida Campofrio Natur Arte 105 g.
pavo		Pechuga de pavo cocida-ahumada EROSKI MAESTRO, bandeja 125 g
pavo		Pechuga de pavo en lonchas Carrefour Selection sin gluten y sin lactosa 150 g
pavo		Pechuga de pavo fileteada al pimentón Selección de Dia 620 g aprox.
pavo		Pechuga de pavo finas lonchas 150g (Noel)
pavo		Pechuga de pavo mini ELPOZO, pieza 340 g
pavo		Pechuga de pavo reducida en sal 90g (Noel)
pavo		Pechuga de pavo reducida en sal EROSKI, bandeja 150 g
pavo		Pechuga de pavo reducida en sal Elpozo Bienstar 65 g
pavo		Pechuga de pavo reducida en sal en lonchas extrafinas Carrefour El Mercado sin gluten 100 g
pollo		Pechuga de pollo Cryspy Chicken Americana Fripozo 230 g.
pollo		Pechuga de pollo a la plancha
pollo		Pechuga de pollo a las finas hierbas en pétalos Delizias Noel sin gluten y sin lactosa 90 g
pollo		Pechuga de pollo al natural EROSKI, pack 2x52 g
pollo		Pechuga de pollo al natural Solo 96 g.
pollo		Pechuga de pollo al natural con arroz Solo Solutions 96 g. + Mix de arroz basmati y salvaje Solo Solutions 100 g.
pollo		Pechuga de pollo con bechamel EROSKI, bandeja aprox. 350 g
pollo		Pechuga de pollo con bechamel GESALAGA, al peso, compra mínima 250 g
pollo		Pechuga de pollo corte extrafino 320 g
preparados		Pechuga empanada Recetas Crujientes La Cocinera 330 g.
pollo		Pechugas enteras de pollo
pollo		Pechugas enteras familiar de pollo
pollo		Pechuguita de pollo NOEL, bandeja 100 g
frutas		Pectina de manzana en polvo Apple Pectin Powder (Food Series)
chocolates		Pedazos de cacao - Cacao Desgrasado en Polvo (Prozis)
chocolates		Pedazos de cacao - Pedazos de cacao (Prozis)
postres		Pelo y piel sin azúcar ni gelatina VITALDIN, 30 uds, bote 78 g
verduras		Penca de acelga GUTARRA, frasco 350 g
pasta		Penne rigate sin gluten GAROFALO, paquete 400 g
aceitunas		Pepinillo sabor anchoa M. ACEITUNEROS, lata 180 g
aceitunas		Pepinillos Carrefour Selección 110 g.
aceitunas		Pepinillos EL FARO, frasco 200 g
aceitunas		Pepinillos agridulces 1ª calidad KUHNE, frasco 360 g
aceitunas		Pepinillos agridulces RIOVERDE, frasco 380 g
aceitunas		Pepinillos en lonchas KHUNE, frasco 185 g
aceitunas		Pepinillos en vinagre EROSKI, cubeta 300 g
aceitunas		Pepinillos sabor anchoa EROSKI, frasco 190 g
chocolates		Pepitas de chocolate negro 70% VAHINÉ, bolsa 100 g
instantanea		Pepitos con crema de cacao Carrefour envase 4 ud
panaderia		Pepitos de azucar Carrefour 4 ud
bebidas_lata	bebida	Pepsi pack 12 latas 33 cl.
bebidas_lata	bebida	Pepsi zero azúcar 2 x 1.75 L
bebidas_lata	bebida	Pepsi zero azúcar pack de 12 latas de 33 cl.
suplementos		Peptan® Hydrolyzed Marine Collagen Peptides - Frutos del bosque (Prozis)
frutas		Peptan® Hydrolyzed Marine Collagen Peptides - Limón (Prozis)
suplementos		Peptan® Hydrolyzed Marine Collagen Peptides - Neutro (Prozis)
chocolates		PeptiPlus™ - Proteína de Colágeno Hidrolizado - Chocolate PeptiPlus™ - Proteína de Colágeno Hidrolizada (Prozis)
proteina		PeptiPlus™ - Proteína de Colágeno Hidrolizado - Neutro PeptiPlus™ - Proteína de Colágeno Hidrolizada (Prozis)
proteina		PeptiPlus™ - Proteína de Colágeno Hidrolizado - Vainilla Collagen + Whey (Prozis)
proteina		PeptoPro® hidrolizado de caseína en polvo (Raw Series)
frutas		Pera en dados en almíbar EROSKI, pack 2x115 g
otros		Perejil troceado FINDUS, caja 50 g
chocolates		Perfect Protein Oats Dark Chocolate Orange (Myprotein)
quesos		Perlas de Mozzarella de 125g (Central Lechera Asturiana)
chocolates		Perlas de chocolate negro 0% (Bicentury)
quesos		Perlas de mozzarella Dia Selección Mundial 125 g
chocolates		Perlitas de chocolate blanco Dr. Oetker 100 g
pescado		Pescadilla de merluza sin cabeza Hacendado ultracongelada
preparados		Peskitos de merluza empanada PESCANOVA, caja 400 g
pescado		Peskitos de salmón PESCANOVA, caja 400 g
panaderia		Petit croissants Dulcesol
yogurt		Petit de bolsillo sabor fresa EROSKI, pack 4x80 g
yogurt		Petit de chocolate NESQUIK Milkybar, pack 6x55 g
yogurt		Petit de fresa líquido Dia Láctea 4 x 80 g
yogurt		Petit de fresa y plátano Danonino 6 x 50 g
bebidas	bebida	Petit para beber sabor fresa EROSKI, pack 6x100 ml
bebidas	bebida	Petit para beber sabor fresa-plátano EROSKI, pack 6x100 ml
suplementos		Phasertech BurNext - BurNext (Prozis)
suplementos		Phasertech C-BL05 - Carb Blocker Complex - BurNext (Prozis)
otros		Philadelphia light 250 g
otros		Phoskito NUTREXPA, 4 uds, caja 160 g
otros		Piadina quattro formaggi Ristorante Piadina Dr.Oetker 280 g.
cerdo		Picada Cerdo Boloñesa 500G (ElPozo)
cerdo		Picada De Cerdo (ElPozo)
res		Picada De Vacuno (ElPozo)
res		Picada de vacuno (Noel)
res		Picada de vacuno ecológico Carrefour Bio 400 g
hamburguesas		Picada mixta cerdo-vacuno burger meat XXL EROSKI, bandeja 1 kg
cerdo		Picada mixta de cerdo y vacuno (Noel)
cerdo		Picada mixta de vacuno-cerdo BIKAIN, bandeja 500 g
otros		Picada troceada HEURA, bandeja 300 g
carne_vegetal		Picadillo de variantes Dia Vegecampo 200 g
otros		Picadillo variante RIOVERDE, frasco 200 g
verduras		Picatostes Ajo - Hierbas - Productos Florette
otros		Picatostes fritos EROSKI, bolsa 75 g
otros		Picatostes original - Productos Florette
otros		Picatostes tostados El Molino de Dia 90 g
otros		Picatostes tostados naturales RECONDO, bolsa 80 g
cerdo		Piccinis de jamón-queso EROSKI, caja 270 g
quesos		Piccolini 3 quesos BUITONI, caja 270 g
cerdo		Piccolini de jamón y queso BUITONI, caja 270 g
pescado		Piccolinis de atún BUITONI, caja 270 g
embutidos		Piccolinis frankfurt Buitoni 270 g.
otros		Piccolinis salame Buitoni 270 g.
suplementos		Picolinato de cromo 200mcg Chromium Picolinate (Essential Series)
suplementos		Picolinato de cromo 200mcg Chromium Picolinate 30Vc (Essential Series)
suplementos		Picolinato de zinc (22mg zinc) (Swanson)
suplementos		Picolinato de zinc (25mg zinc) (Essential Series)
otros		Picos 100% Integrales - Pack 6 Unidades (REALFOODING)
otros		Picos artesanos de Jerez Horno la gañania 400 g
aceites		Picos camperos con aceite de oliva EROSKI, bolsa 250 g
aceites		Picos camperos con aceite de oliva virgen extra El Molino de Dia 200 g
aceites		Picos con aceite de oliva Quely 225 g.
aceites		Picos con aceite de oliva virgen extra Horno Antequerano bolsa 150 g
res		Pienso con buey, ave y verduras para perro mini Cesar 1,4 kg.
pollo		Pienso de pollo con salmón y verduras para perro mini Cesar 1,4 kg
quesos		Pieza de Queso Cabrales D.O. (Central Lechera Asturiana)
carne_vegetal		Piezas mediterráneas 100% Vegetal Sensational Garden Gourmet 160 g.
verduras		Pimiento de piquillo D.O. Lodosa EROSKI SELEQTIA, frasco 205 g
verduras		Pimiento de piquillo DANTZA, lata 340 g
verduras		Pimiento de piquillo al ajillo EROSKI, frasco 225 g
verduras		Pimiento de piquillo al ajillo en tiras CARRETILLA, frasco 225 g
verduras		Pimiento de piquillo en tiras D.O. PEDRO LUIS, frasco 205 g
verduras		Pimiento de piquillo entero EROSKI, frasco 225 g
verduras		Pimiento de piquillo entero VIUDA DE CAYO, frasco 290 g
res		Pimiento de piquillo rellenos de carne DON MOLINICO, lata 260 g
verduras		Pimiento de piquillo tradicional JOYAS DEL VALLE, frasco 175 g
verduras		Pimiento del piquillo caramelizado Extra Carrefour 240 g.
verduras		Pimiento del piquillo en tiras D.O. DANTZA, frasco 220 g
verduras		Pimiento del piquillo en tiras con ajo EROSKI, frasco 225 g
verduras		Pimiento dulce IBSA, frasco 295 g
verduras		Pimiento morrón entero MARTINEZ, lata 250 g
pescado		Pimiento piquillo relleno de merluza-gambas MOLINICO, lata 260 g
verduras		Pimiento rojo en tiras EROSKI, frasco 190 g
verduras		Pimiento rojo en trozos Cidacos pack de 3 unidades de 60 g.
verduras		Pimiento rojo entero EROSKI basic, pack 3x60 g
verduras		Pimiento rojo entero EROSKI, frasco 190 g
verduras		Pimiento verde frito del país BARRENETXE, bolsa 150 g
verduras		Pimientos de piquillo D.O.P. de Lodosa Delicias de Dia 220 g
verduras		Pimientos de piquillo ecológico Carrefour Bio 165 g.
verduras		Pimientos del Piquillo enteros asados De Nuestra Tierra 260 g.
verduras		Pimientos del piquillo asado a la parrilla Destapa la Huerta 295 g
verduras		Pimientos del piquillo de Lodosa Extra Carrefour 220 g.
verduras		Pimientos del piquillo enteros Carretilla 260 g
pescado		Pimientos del piquillo relleno de bacalao congelados Carrefour 400 g
verduras		Pimientos del piquillo rojo y verde en tiras Dia Vegecampo 275 g
pescado		Pimientos rellenos de bacalao EROSKI SELEQTIA, bandeja 300 g
pescado		Pimientos rellenos de bacalao MSC Dia Al Punto 240 g
verduras		Pimientos rojos Diamir 3 x 60 g
verduras		Pimientos rojos asados en tiras Joyas del valle 3 x 60 g
cerdo		Pincho de cerdo adobado EROSKI, bandeja 340 g
cerdo		Pincho de cerdo adobado Selección de Dia 340 g
aceitunas		Pincho de chorizo extra, aceituna y queso NOEL, bandeja 90 g
pollo		Pincho de pechuga de pollo EROSKI, bandeja 360 g
pollo		Pincho de pollo adobado ranchero EROSKI, bandeja 360 g
cerdo		Pinchos de cerdo (estilo andaluz) (Noel)
cerdo		Pinchos de cerdo (estilo moruno) (Noel)
cerdo		Pinchos de cerdo adobado sin varilla
pollo		Pinchos de pollo adobado con pepperoni y bacon con varilla
aceitunas		Pinchos estilo gildas El Faro 110 g.
alcohol	bebida	Pink vodka Eristoff 70 cl
semillas		Pipa blanquilla FACUNDO, bolsa 200 g
semillas		Pipa con sal FACUNDO SUPREM, bolsa 100 g
aceites		Piparra con aceite oliva virgen extra SARASA, frasco 190 g
semillas		Pipas G sabor tijuana GREFUSA, bolsa 165 g
semillas		Pipas Tijuana maxiahorro PIPAS G, bolsa 240 g
semillas		Pipas a la sal rosa del Himalaya FACUNDO, bolsa 85 g
semillas		Pipas con sal EL PIPONAZO, bolsa 195 g
semillas		Pipas con sal Grefusa 165 g
semillas		Pipas de calabaza peladas cruda EROSKI, bolsa 150 g
semillas		Pipas de calabaza peladas sin sal Pumpkin Seeds (Food Series)
semillas		Pipas de girasol bajo contenido en sal Carrefour 125 g.
semillas		Pipas de girasol peladas sin sal (alto oleico) Sunflower Seeds (Food Series)
snacks		Pipas gigantes con sal Dia Snack Maniac 200 g
semillas		Pipas gourmet PIPONAZO, bolsa 105 g
semillas		Pipas peladas Dia Naturmundo 200 g
semillas		Pipas peladas horneadas FACUNDO, bolsa 85 g
semillas		Pipas peladas naturales Original Carrefour 200 g.
semillas		Pipas sabor bacon Baconeras Grefusa 165 g.
semillas		Pipas supremas FACUNDO, bolsa 120 g
semillas		Pipas tostadas sin sal FACUNDO, bolsa 100 g
especias		Piquitos bajo contenido en sal El Molino de Dia 180 g
otros		Pirulo fruity mix Nestlé 7 unidades 408 g
suplementos		Piruvato 600mg - 100 caps (Now Foods)
frutos_secos		Pistacho con Cáscara Bio 100 g Doypack Ecosana (Drasanvi)
frutos_secos		Pistacho natural sin cáscara Originial Carrefour doy pack 100 g.
frutos_secos		Pistacho tostado KM0 FRIT RAVICH, bolsa 130 g
frutos_secos		Pistacho tostado salado Dia Naturmundo 500 g
frutos_secos		Pistacho tostado y salado BORGES, bolsa 130 g
chocolates		Pistachos con chocolate con leche Lacasa 50 g
frutos_secos		Pistachos tostados EROSKI, bolsa 200 g
frutos_secos		Pistachos tostados EROSKI, tarrina 200 g
frutos_secos		Pistachos tostados FRIT RAVICH, bolsa 140 g
frutos_secos		Pistachos tostados con sal Dia Naturmundo 250 g
frutos_secos		Pistachos tostados con sal PIZARRO, bolsa 130 g
frutos_secos		Pistachos tostados sin sal EROSKI, bolsa 400 g
frutos_secos		Pistachos tostados sin sal añadida Dia Naturmundo 250 g
frutos_secos		Pistachos tostados y salados BORGES SELECCIÓN, bolsa 250 g
salsas		Pisto con tomate Findus 450 g.
verduras		Pisto de verduras EROSKI, bandeja 240 g
verduras		Pisto de verduras Gallina Blanca 325 g
salsas		Pisto de verduras con tomate Dia Al Punto 450 g
cerdo		Pizcas de jamón de cebo 50 % raza ibérica Dia Nuestra Alacena 60 g
pizza		Pizza & Salsa Carbonara (Campofrío)
pizza		Pizza & Salsa Jamón y Bacon con salsa de cebolla caramelizada (Campofrío)
pizza		Pizza & Salsa Pollo y Bacon con Salsa Kansas City (Campofrío)
pizza		Pizza Barbacoa Forno di Pietra Buitoni 330 g.
pizza		Pizza Frankfurt Hacendado
pizza		Pizza Mozzarella Buitoni 195 g.
pizza		Pizza Ristorante Hawaii DR.OETKER, caja 355 g
pizza		Pizza Ristorante Mozzarela sin gluten DR. OETKER, caja 370 g
pizza		Pizza Ristorante Prosciutto sin gluten DR. OETKER, caja 345 g
pizza		Pizza Ristorante barbacoa DR.OETKER, caja 340 g
pizza		Pizza Ristorante carbonara DR.OETKER, caja 340 g
pizza		Pizza Ristorante funghi DR.OETKER, caja 365 g
pizza		Pizza Ristorante margueritta pomodori vegan DR. OETKER, 340 g
pizza		Pizza Ristorante mozzarella DR.OETKER, caja 335 g
pizza		Pizza Ristorante pollo DR.OETKER, caja 355 g
pizza		Pizza Ristorante prosciutto DR.OETKER, caja 330 g
pizza		Pizza Ristorante quattro formaggi DR.OETKER, caja 340 g
pizza		Pizza Ristorante salame mozzarella pesto DR.OETKER, caja 360 g
pizza		Pizza Ristorante spinaci DR.OETKER, caja 390 g
pizza		Pizza Ristorante vegetale DR.OETKER, caja 385 g
pizza		Pizza Serrana DeOro 400 g.
pizza		Pizza boloñesa Carrefour 375 g.
pizza		Pizza burguer Buitoni 195 g.
pizza		Pizza calzone jamón y queso Carrefour Extra 400 g.
pizza		Pizza carbonara fina y crujiente Forno di Pietra Buitoni 300 g.
pizza		Pizza de 4 quesos Bella Napoli Buitoni 345 g.
pizza		Pizza de carne sabor barbacoa CAMPOFRÍO, 1 ud, 410 g
pizza		Pizza de jamón serrano CASA TARRADELLAS, 1 ud., 390 g
pizza		Pizza de jamón y queso EROSKI, 1 ud, 350 g
pizza		Pizza de jamón-bacón-queso EROSKI, 1 ud, 580 g
pizza		Pizza de jamón-queso c/ salsa mozzarella CAMPOFRÍO, 1 ud, 360 g
pizza		Pizza de pollo con pesto Giovanillos Pizza 448 g.
pizza		Pizza de pollo y salsa barbacoa Campofrío 400 g.
pizza		Pizza mexicana con salsa chipotle Pizza & Salsa Campofrío 400 g.
pizza		Pizza pockets pepperoni GOODFELLAS, caja 250 g
pizza		Pizza pockets triple cheese GOODFELLAS, caja 250 g
pizza		Pizza prosciutto sin gluten Dr. Oetker Ristorante 345 g
pizza		Pizza provolone-boletus Eroski SELEQTIA, 1 ud, 400 g
pizza		Pizza salame vegan DR.OETKER RISTORANTE, caja 295 g
pizza		Pizza salami ligeramente picante Forno di Pietra Buitoni 300 g.
pizza		Pizza tradizionale pancetta delicata DR OETKER, caja 375 g
bebidas_lata	bebida	Piña colada Malibu lata 25 cl.
frutas		Piña deshidratada Dia Naturmundo 80 g
frutas		Piña en rodajas DEL MONTE, lata 510 g
frutas		Piña en rodajas en su jugo EROSKI, lata 490 g
frutas		Piña natural a rodajas
otros		Piñones al natural Dia Naturmundo 70 g
otros		Piñón EROSKI, bolsa 100 g
pasta		Placas de lasaña y canelones frescas al huevo Carrefour Original 250 g.
pasta		Placas para canelones El pavo 125 g
pasta		Placas para lasaña y canelones Gallo sin gluten 250 g.
pasta		Placas para lasaña-canelones sin gluten GALLO, caja 250 g
pasta		Placas precocidas para lasaña EROSKI, caja 250 g
otros		Plancha Selva Negra 1,480 kg
instantanea		Plantas Pure Organic Noni Juice (Vitobest)
otros		Plata del Cantábrico al ajillo EROSKI, lata 110 g
embutidos		Plato de salchichón ibérico MONTARAZ, bandeja 90 g
pasta		Plato preparado estilo gourmet Pasta Chicken Mustard (Food Series)
pasta		Plato preparado estilo veggie Foods Orzo Pasta Olive Oil (Food Series)
otros		Platos calientes Carbonara - Florette
suplementos		Platos preparados proteicos - pack degustación (HSN Packs)
panaderia		Plum cake mármol DULCESOL, paquete 400 g
cerdo		Pluma de cerdo
otros		Pluma rayada GALLO, paquete 400 g
proteina		Plumas altas en proteínas Gallo 400 g
otros		Plumas con vegetales EROSKI, paquete 500 g
verduras		Plumas de tomate y espinacas especial ensaladas Gallo 450 g.
otros		Plumas integrales bio EROSKI BIO/ECO, paquete 500 g
otros		Plumas sin gluten Gallo 450 g
frutas		Plátano
legumbres		Pochas al natural FINDUS, bolsa 400 g
legumbres		Pochas cocidas De Nuestra Tierra 425 g.
suplementos		Polen Bio 230 g Ecosana (Drasanvi)
suplementos		Polen de abeja Bee (Essential Series)
otros		Polenta instantánea Doña Petrona 500 g.
otros		Polenta instantánea Instant Powder (Food Series)
suplementos		Policosanol 10mg (Essential Series)
pollo		Pollo Koreano con salsa
pollo		Pollo a la hortelana EROSKI, bandeja 250 g
preparados		Pollo al curry Sensation Carrefour 300 g.
pollo		Pollo al natural alto en proteínas Dia Nuestra Alacena 2 x 52 g
pollo		Pollo asado Hacendado
pollo		Pollo coreano con arroz 300 g
pollo		Pollo de Asador (Noel)
pollo		Pollo entero
pollo		Pollo frito Coreani con salsa Sweet & Spicy Bibigo 280 g.
pollo		Pollo para asar 2 unidades Selección de Dia 2 Kg
pollo		Pollo teriyaki con arroz Ta-Tung 250 g.
otros		Polloninos 85% CAMPOFRÍO, pack 5x25 g
helados		Polo de açaí Carrefour Extra sin gluten sin lactosa 6 ud.
helados		Polo de naranja Carrefour Extra sin gluten sin lactosa 6 ud.
helados		Polo sabor chocolate (Dulcesol)
helados		Polos colajet Nestlé 4 x 63 g
helados		Polos de nata y chocolate EROSKI, pack 8x35 g
bebidas_lata	bebida	Polos sabor Hola Cola Dia Temptation 6 x 112 g
alcohol	bebida	Polos sabor mojito Dia Temptation 6 x 112 g
helados		Polos vampiro Dia Temptation 6 x 35 g
otros		Polvo para hornear EROSKI, caja 75 g
otros		Polvo para hornear impulsor gasificante ROYAL, caja 80 g
suplementos		Pomelo complex líquido orgánico (Essential Series)
chocolates		Pop Rolls 12 x Chocolate y Caramelo (Myprotein)
aceitunas		Popurrí de aceitunas-encurtidos SARASA, tarrina 450 g
pescado		Porciones de merluza del cabo sin piel PESCANOVA, bolsa 700 g
pescado		Porciones de rape sin piel crudas Delfín 300 g.
soja		Porciones veganas tipo bocaditos en tiras a base de proteína de soja y gluten de trigo Garden Gourmet 175 g.
quesos		Porciones vegetarianas a base de espinacas, arroz y queso Garden Gourmet 180 g.
otros		Porras fritas Dia Al Punto 250 g
otros		Porras fritas MAHESO, caja 320 g
otros		Porras fritas congeladas Carrefour Original 250 g.
cereales		Porridge de Arroz Proteico - Speculoos - Chocolate (Prozis)
cereales		Porridge de Arroz Proteico - Speculoos - Chocolate Porridge de Arroz (Prozis)
cereales		Porridge de Arroz Proteico - Speculoos - Vainilla Porridge de Arroz (Prozis)
cereales		Porridge de avena ecológica Sarchio sin gluten 300 g.
granos		Porridgle de arroz sabor chocolate Prozis sin azúcar doy pack 750 g.
postres		Postre crema de caramelo sublime Nestlé sin gluten pack de 2 unidades de 70 g.
postres		Postre de manzana ANELA, pack 2x100 g
postres		Postre de soja con arándanos Alpro 400 g
postres		Postre de soja fresa tipo skyr alto en proteína Alpro 400 g
postres		Postre de soja sabor arándanos y frutos rojos Alpro 4 x 125 g
cafe	bebida	Postre de soja sabor café Sojasun pack de 4 unidades de 100 g.
postres		Postre de soja sabor chocolate negro Alpro sin gluten y sin lactosa pack de 4 unidades de 125 g.
postres		Postre de soja sabor frutos rojos sin azúcar Alpro 400 g
postres		Postre de soja sabor mango sin azúcar Alpro 400 g
postres		Postre de soja sabor vainilla Alpro 400 g
postres		Postre de trufa LA LECHERA, pack 2x125 g
postres		Postre gelificado de fresa Dia Caprichoso 6 x 100 g
postres		Postre gelificado de fresa, limón y multifruta Dia Caprichoso 6 x 100 g
postres		Postre gelificado sabor fresa y limón 0% Dia Caprichoso 4 x 100 g
postres		Postre gelificado sabor limón EROSKI, pack 4x100 g
yogurt		Postre lácteo al caramelo delicias de toffee Nestlé La Lechera pack de 2 unidades de 125 g.
yogurt		Postre lácteo al chocolate Nestlé sin gluten pack de 4 unidades de 125 g.
yogurt		Postre lácteo con galleta María Nestlé La Lechera pack de 2 unidades de 125 g.
yogurt		Postre lácteo crema de chocolate 0% VITALÍNEA, pack 4x125 g
yogurt		Postre lácteo de galleta María LA LECHERA, pack 2x125 g
infantil		Postre lácteo de galleta desde 12 meses Nestlé Yogolino pack de 4 unidades de 100 g.
infantil		Postre lácteo de pera desde 6 meses Nestlé Yogolino sin gluten pack de 4 unidades de 100 g.
infantil		Postre lácteo de plátano desde 6 meses Nestlé Yogolino sin gluten pack de 8 unidades de 100 g.
infantil		Postre lácteo fresa desde 8 meses Nestlé Yogolino sin gluten pack de 8 unidades de 100 g.
infantil		Postre lácteo fresa y plátano desde 6 meses Nestlé Yogolino sin gluten y sin azúcar añadido pack de 4 unidades de 100 g.
infantil		Postre lácteo infantil con puré de fresa y manzana Nestlé Yogolino 100 g
infantil		Postre lácteo melocotón y plátano desde 6 meses Nestlé Yogolino sin gluten y sin azúcar añadido pack de 4 unidades de 100 g.
infantil		Postre lácteo natural desde 6 meses Nestlé Yogolino sin gluten pack de 8 unidades de 100 g.
infantil		Postre lácteo natural desde 6 meses Nestlé Yogolino sin gluten y sin azúcar añadido 100 g.
postres		Postre sabor arándanos alto en proteínas Yopro 4 x 120 g
postres		Postre sabor chocolate EROSKI, pack 4x125 g
postres		Postre vegetal con caramelo salado Dia Vegedia 150 g
postres		Postre vegetal estilo griego con melocotón y maracuyá Carrefour Sensation 350 g.
postres		Postre vegetal estilo griego natural Carrefour Sensation 350 g.
suplementos		Potasio & magnesio complex (Essential Series)
suplementos		Potenciadores DAA (D-Aspartic Acid) (Vitobest)
suplementos		Potenciadores ZMAG (Vitobest)
infantil		Potito de manzana golden sin almidón NUTRIBEN, pack 2x120 g
frutas		Pouch post entreno de frutas Dia Naturmundo 90 g
proteina		Pouch pre entreno de frutas Dia Naturmundo 90 g
bebidas	bebida	Powerade 500 ml
bebidas	bebida	Powerade Ice Storm bebida isotónica zero azúcar botella 50 cl.
dulces		Powered - Café Preentrenamiento - Caramelo salado (Prozis)
chocolates		Powered - Café Preentrenamiento - Chocolate (Prozis)
cafe	bebida	Powered - Café Preentrenamiento - Neutro (Prozis)
cafe	bebida	Powered - Café Preentrenamiento - Speculoos (Prozis)
suplementos		Pre+Postbiotic - Neutro (Prozis)
bebidas	bebida	Pre-entreno CellUp Energy Drink – Amix Pro® - GOLDEN PEACH
proteina		Pre-entreno CellZoom – Amix™ - AZUL FRAMBUESA
proteina		Pre-entreno Cellex Monodosis – Amix™
proteina		Pre-entreno Epo-Core VO2 Max - Amix Performance
proteina		Pre-entreno Hell’s NO2 – Musclecore™
proteina		Pre-entreno Myocell 5 Phase – Musclecore™ - LIMA-LIMÓN
proteina		Pre-entreno Nitric – Amix™
proteina		Pre-entreno Per4Max - Amix Performance - FRUIT PUNCH
proteina		Pre-entreno Yeep Pump Con Cafeína – Black Line - LIMA
proteina		Pre-entreno Yeep Pump Con Cafeína – Black Line - NARANJA
proteina		Pre-entreno óxido Nítrico Nitric – Amix™
proteina		Pre-workout Protein Mug Cake - Speculoos (Prozis)
proteina		Pre-workout Protein Mug Cake - Speculoos - Café y Caramelo (Prozis)
proteina		Pre-workout Protein Mug Cake - Speculoos - Chocolate (Prozis)
proteina		Pre-workout Protein Mug Cake - Speculoos - Vainilla y pepitas de chocolate (Prozis)
chocolates		Predators Prey New Breed - Chocolate intenso (Prozis)
snacks		Premium chips de verduras FRIT RAVICH, bolsa 90 g
suplementos		Prenatal Care (sin yodo) * Iodine Free (Essential Series)
suplementos		Prenatal Care * (Essential Series)
suplementos		Prenatal Care * 30 (Essential Series)
legumbres		Preparación vegana a base de proteína de guisante en aceite de oliva Dear Nature Frinsa pack de 3 unidades de 70 g.
chocolates		Preparado alimenticio Nutrivigor chocolate ENSURE, pack 4x220 ml
bebidas	bebida	Preparado batido de proteína sabor galleta Whey Protein Sport Sensation Carrefour sin gluten doy pack 400 g
panaderia		Preparado de bizcocho de chocolate instantáneo Dr. Oetker 70 g
pollo		Preparado de carne picada de pollo ecológica Carrefour Bio 320 g
frutas		Preparado de coco natural Carrefour Sensation pack de 4 unidades de 100 g.
frutas		Preparado de coco sabor caramelo salado Alpro 340 g.
verduras		Preparado de ensaladilla UDAPA FÁCIL, bandeja 450 g
preparados		Preparado de paella de marisco (Pescanova)
soja		Preparado de soja con mango Sojasun sin gluten y sin lactosa pack de 4 unidades de 100 g.
soja		Preparado de soja con mango y fruta de la pasión Alpro sin gluten sin lactosa 400 g.
soja		Preparado de soja fresa-plátano-pera-meloc. ALPRO, pack 4x125 g
bebidas	bebida	Preparado de soja para cocinar Alpro sin gluten y sin lactosa 250 ml.
huevo		Preparado de tortilla, cebolla caramelizada VERLEAL, bolsa 450 g
panaderia		Preparado en polvo instantáneo para crepes Hacendado
panaderia		Preparado en polvo para hacer bizcocho Royal 375 g.
infantil		Preparado lacteo de crecimiento NUTRIBEN Innova 1, lata 800 g
infantil		Preparado lacteo de crecimiento NUTRIBEN Innova 2, lata 800 g
bebidas	bebida	Preparado lácteo Buenas Noches Peques Puleva 1 L
bebidas	bebida	Preparado lácteo Omega 3 Puleva sin gluten brik 1 l.
bebidas	bebida	Preparado lácteo PULEVA OMEGA3 PROESSENTIA, brik 1 litro
bebidas	bebida	Preparado lácteo crecimiento y desarrollo Puleva Max sin gluten y sin lactosa brik 1 l.
infantil		Preparado lácteo de crecimiento 3 desde 12 meses Nutribén Crecimiento Pro + sin aceite de palma lata 800 g.
bebidas	bebida	Preparado lácteo infantil con cereales y fruta Peques 3 Puleva 3 x 200 ml
bebidas	bebida	Preparado lácteo infantil de crecimiento Peques 3 Puleva 3 x 200 ml
bebidas	bebida	Preparado lácteo infantil de crecimiento con cereales y cacao +12 meses Puleva Peques 3 pack de 3 unidades de 200 ml.
infantil		Preparado lácteo infantil de crecimiento desde 12 meses en polvo Almirón Advance 3 sin aceite de palma lata 800 g.
infantil		Preparado lácteo infantil de crecimiento desde 12 meses en polvo Almirón Profutura 3 Duobiotik sin aceite de palma lata 800 g.
infantil		Preparado lácteo infantil de crecimiento desde 24 meses en polvo Nestlé Nidina 4 lata 800 g.
otros		Preparado panificable Extra Carrefour No Gluten sin gluten y sin lactosa 850 g.
panaderia		Preparado para Gofres Proteicos - Original (Prozis)
galletas		Preparado para Oreo Cake ROYAL, caja 215 g
panaderia		Preparado para Tortitas Proteicas - Caramelo salado Instant Protein Pancake (Prozis)
panaderia		Preparado para Tortitas Proteicas - Caramelo salado Tortita proteica instantánea (Prozis)
panaderia		Preparado para Tortitas Proteicas - Chocolate Instant Pancake (Prozis)
panaderia		Preparado para Tortitas Proteicas - Chocolate Instant Protein Pancake (Prozis)
panaderia		Preparado para Tortitas Proteicas - Chocolate Preparado para Tortitas (Prozis)
panaderia		Preparado para Tortitas Proteicas - Chocolate Tortita instantánea (Prozis)
panaderia		Preparado para Tortitas Proteicas - Chocolate Tortita proteica instantánea (Prozis)
panaderia		Preparado para Tortitas Proteicas - Chocolate y avellanas Preparado para Tortitas (Prozis)
panaderia		Preparado para Tortitas Proteicas - Chocolate y avellanas Tortita instantánea (Prozis)
panaderia		Preparado para Tortitas Proteicas - Chocolate y coco Preparado para Tortitas (Prozis)
panaderia		Preparado para Tortitas Proteicas - Chocolate y coco Tortita instantánea (Prozis)
panaderia		Preparado para Tortitas Proteicas - Clásico Preparado para Tortitas (Prozis)
panaderia		Preparado para Tortitas Proteicas - Clásico Tortita instantánea (Prozis)
panaderia		Preparado para Tortitas Proteicas - Vainilla y pepitas de chocolate Preparado para Tortitas (Prozis)
panaderia		Preparado para Tortitas Proteicas - Vainilla y pepitas de chocolate Preparado para Tortitas Proteicas (Prozis)
panaderia		Preparado para Tortitas Proteicas - Vainilla y pepitas de chocolate Tortita instantánea (Prozis)
panaderia		Preparado para Tortitas Proteicas - Vainilla y pepitas de chocolate Tortita proteica instantánea (Prozis)
otros		Preparado para ahumar Hacendado
otros		Preparado para barbacoa EROSKI, bandeja aprox. 450 g
panaderia		Preparado para bizcochos ROYAL, caja 375 g
panaderia		Preparado para brownies Dr. Oetker 456 g
instantanea		Preparado para caldo (Noel)
panaderia		Preparado para crepes Maizena 198 g.
yogurt		Preparado para cuajada Royal 60 g
yogurt		Preparado para cuajada sabor lacteo Carrefour Original sin gluten 48 g.
pasta		Preparado para fideuá y arroces sin cáscara Dia Mari Marinera 450 g
postres		Preparado para flan Royal 233 g.
postres		Preparado para flan clásico MANDARIN, 20 uds, caja 20 g
postres		Preparado para flan con azúcar y caramelo Original Carrefour sin gluten 190 g.
postres		Preparado para flan contiene caramelo líquido Royal 232.5 g
postres		Preparado para flanes y natillas Potax 192 g.
postres		Preparado para gelatina sabor fresa Royal 114 g.
frutas		Preparado para hacer pastel sabor limón en polvo Royal 103 g.
postres		Preparado para mousse proteica - Chocolate Preparado para mousse proteica (Prozis)
postres		Preparado para natillas Molino Real sin gluten 150 g.
preparados		Preparado para paella Capitán Findus 400 g.
preparados		Preparado para paella de marisco EROSKI, bandeja 500 g
preparados		Preparado para paella de marisco MSC FINDUS, bandeja 400 g
preparados		Preparado para paella de marisco PESCANOVA, bolsa 430 g
panaderia		Preparado para pancakes Molino Rossetto sin gluten 250 g.
postres		Preparado para panna cotta proteica - Chocolate blanco (Prozis)
frutas		Preparado para pastel fresco sabor limón Royal 103 g
huevo		Preparado para revuelto tradicional FINDUS Salto, bolsa 300 g
instantanea		Preparado para sopas y paella EROSKI, bolsa 600 g
huevo		Preparado para tortilla de patata c/ cebolla TI-TA, sobre 500 g
tortitas		Preparado para tortitas al cacao con chocolate Dr. Oetker 210 g
bebidas	bebida	Preparado soluble sabor vainilla Nesquik 350 g.
tortitas		Preparado tortitas ROYAL, caja 120 g
pescado		Preparado vegano sabor atún Dia Vegedia 2 x 80 g
pescado		Preparado vegano sabor atún Garden Gourmet 175 g
otros		Preparado vegetal original ecológico Burveg Soria Natural pack de 2 unidades de 100 g.
soja		Preparado vegetariano a base de proteínas de soja y trigo Classic Filet Garden Gourmet 150 g.
bebidas	bebida	Prime Ice Pop bebida isotónica botella 50 cl.
proteina		Prime Mass Gainer - Chocolate (Prozis)
bebidas	bebida	Prime bebida isotónica sabor strawberry y banana botella 50 cl.
otros		Primeros Brotes Canónigo - Florette
otros		Primeros Brotes Classics FLORETTE, bolsa 100 g
verduras		Primeros Brotes Duo Canónigo + Rúcula - Florette
verduras		Primeros Brotes Rúcula - Productos Ensaladas Florette
snacks		Pringles bbq 70 g
snacks		Pringles passport pesto 165 g
snacks		Pringles sour cream & onion 70 g
yogurt		Probiotic Yogurt Starter Mix (Prozis)
chocolates		Producto fermentado a base de coco con virutas de chocolate Alpro sin lactosa 340 g.
suplementos		Producto para el estreñimiento (Vitobest)
leche		Profiteroles rellenos de nata Airos sin gluten 250 g
bebidas	bebida	Prosecco D.O.C. Treviso MIONETTO, botella 75 cl
suplementos		Prost-Palmetto (Myvitamins)
suplementos		Prosta Care * 01 (Essential Series)
chocolates		Protein Choco Crisp Peanut Butter - Chocolate crujiente (Prozis)
barrita		Protein Gourmet Bar x 12 - Chocolate blanco y frambuesa 12 x (Prozis)
barrita		Protein Gourmet Bar x 12 - Chocolate blanco y frambuesa 2 x (Prozis)
cereales		Protein Granola - Chocolate y Avellanas (Prozis)
cereales		Protein Granola - Chocolate y Avellanas - Caramelo (Prozis)
cereales		Protein Granola - Chocolate y Avellanas - Crema de cacahuete (Prozis)
cereales		Protein Granola - Chocolate y Avellanas - Doble chocolate (Prozis)
proteina		Protein Hydro Isolate - Fresa (Vitobest)
te	bebida	Protein Iced Coffee Iced Matcha (Myprotein)
proteina		Protein Lemonade x 2 - Frutos del bosque 2 x (Prozis)
cereales		Protein Loops - Cereales Proteicos - Canela (Prozis)
cereales		Protein Loops - Cereales Proteicos - Canela - Cacao (Prozis)
cereales		Protein Muesli Chocolate - Cacahuete y chocolate blanco (Prozis)
cereales		Protein Muesli Chocolate - Fresa y chocolate blanco (Prozis)
panaderia		Protein Mug Cake - Vainilla con Pepitas de Chocolate - Chocolate y avellanas Preparado para brownie proteico (Prozis)
panaderia		Protein Mug Cake - Vainilla con Pepitas de Chocolate - Chocolate y avellanas Preparado para crema proteica (Prozis)
panaderia		Protein Mug Cake - Vainilla con Pepitas de Chocolate - Mug cake proteico (Prozis)
panaderia		Protein Mug Cake - Vainilla con Pepitas de Chocolate - Preparado para crème brûlée proteico (Prozis)
panaderia		Protein Mug Cake - Vainilla con Pepitas de Chocolate - Preparado para flan proteico (Prozis)
panaderia		Protein Mug Cake - Vainilla con Pepitas de Chocolate - Speculoos Mug cake proteico (Prozis)
panaderia		Protein Mug Cake - Vainilla con Pepitas de Chocolate - Vainilla y pepitas de chocolate Mug cake proteico (Prozis)
chocolates		Protein Puffies - Cobertura de chocolate negro (Prozis)
chocolates		Protein Puffies - Cobertura de chocolate negro - Cacao Mini Protein Puffies (Prozis)
chocolates		Protein Puffies - Cobertura de chocolate negro - Chocolate blanco (Prozis)
chocolates		Protein Puffies - Cobertura de chocolate negro - Chocolate blanco y con leche (Prozis)
frutas		Protein Skyr 15 dosis - Fresa (Prozis)
zumo	bebida	Protein Smoothie Bowl - Acai & Blueberry - Asaí y arándano (Prozis)
snacks		Protein Snack x 12 - Chocolate belga 12 x (Prozis)
snacks		Protein Snack x 12 - Chocolate blanco con frambuesas 12 x (Prozis)
snacks		Protein Snack x 12 - Chocolate y avellanas 12 x (Prozis)
snacks		Protein Snack x 12 - Galletas y crema 12 x (Prozis)
snacks		Protein Snack x 12 - Helado de vainilla 12 x (Prozis)
snacks		Protein Snack x 4 - Chocolate y avellanas 4 x (Prozis)
snacks		Protein Snack x 4 - Coco 4 x (Prozis)
snacks		Protein Snack x 4 - Galletas y crema 4 x (Prozis)
snacks		Protein Snack x 4 - Helado de vainilla 12 x (Prozis)
snacks		Protein Snack x 4 - Helado de vainilla 4 x (Prozis)
proteina		Protein balls - Unidad (Quamtrax)
barrita		Protein bar - Caja 32 unds / Caramelo y nueces (Quamtrax)
leche	bebida	Protein bar - Caja 32 unds / Choco leche (Quamtrax)
barrita		Protein bar - Caja 32 unds / Chocolate con avellanas (Quamtrax)
barrita		Protein bar - Caja 32 unds / Cookies & cream (Quamtrax)
barrita		Protein bar - Caja 32 unds / Galleta María (Quamtrax)
barrita		Protein bar - Caja 32 unds / Limón (Quamtrax)
barrita		Protein bar - Caja 32 unds / Yogur (Quamtrax)
barrita		Protein bar - Unidad / Caramelo y nueces (Quamtrax)
leche	bebida	Protein bar - Unidad / Choco leche (Quamtrax)
barrita		Protein bar - Unidad / Chocolate con avellanas (Quamtrax)
barrita		Protein bar - Unidad / Cookies & cream (Quamtrax)
barrita		Protein bar - Unidad / Galleta María (Quamtrax)
barrita		Protein bar - Unidad / Limón (Quamtrax)
barrita		Protein bar - Unidad / Yogur (Quamtrax)
proteina		Protein bread - Unidad (Quamtrax)
panaderia		Protein brownie - Unidad (Quamtrax)
huevo		Proteína de Huevo (Vitobest)
proteina		Proteína Anabolic Monster Whey – Amix™ - FRESA PLÁTANO
proteina		Proteína Black CFM Isolate – Black Line - CHOCOLATE DUBAI
proteina		Proteína CFM Nitro Whey With Actinos - Musclecore™ - BANOFFEE
proteina		Proteína Clear ISO Whey – Amix™ - LIMA-LIMÓN
proteina		Proteína Gourmet Protein – Amix™ - FRESA-CHOCO BLANCO
proteina		Proteína HydroBeef Protein – Amix™ - CACAHUETE-CHOCO-CARAMELO
proteina		Proteína Hydropure Whey CFM – Amix™ - MILK VANILLA
proteina		Proteína ISO HD 90 CFM - Amix Pro® - CHOCOLATE BLANCO-COOKIES (AMIXPRO)
proteina		Proteína Isoprime CFM™ Isolate – Amix™ - CHOCOLATE
proteina		Proteína Micellar Casein – Amix™ - FRESA
proteina		Proteína Predator Protein – Amix™ - VAINILLA
proteina		Proteína Real Sabor Neutro - Pack 3 unidades (PLAMECA)
proteina		Proteína Real Vegana - Vainilla (Aurora Nutrition)
proteina		Proteína Real Vegana Vainilla - Pack 2 unidades (Aurora Nutrition)
proteina		Proteína Real Vegana Vainilla - Pack 3 unidades (PLAMECA)
proteina		Proteína RecoPro - Amix Performance - DOBLE CHOCOLATE
proteina		Proteína Shake4 Fit & Slim – Amix™ - FRESA
proteina		Proteína Smooth 8 Hybrid Protein - Musclecore™ - DOBLE-CHOCOLATE
proteina		Proteína VEGEfiit Protein - Greenday® - DOBLE CHOCOLATE
proteina		Proteína Vegana Brownie 600 g Sport Live Drasanvi
cafe	bebida	Proteína Vegana Capuchino 600 g Sport Live Drasanvi
proteina		Proteína Vegana Frambuesa y Nata 600 g Sport Live Drasanvi
proteina		Proteína Whey Pro Fusion Protein – Amix™ - CHOCOLATE
proteina		Proteína Zeropro Protein – Amix™ - DOBLE CHOCOLATE
proteina		Proteína de Guisante Bio 200 g Doypack Superalimentos Drasanvi
proteina		Proteína de arroz integral concentrada Brown Rice Protein Powder (Essential Series)
proteina		Proteína de carne Optimass Beef gainer - Musclecore™ - DOBLE CHOCOLATE BLANCO
proteina		Proteína de colágeno en polvo Té de Melocotón (Myprotein)
proteina		Proteína de cáñamo Hemp Protein Powder (Essential Series)
proteina		Proteína de garbanzo (Essential Series)
proteina		Proteína de guisante aislada 2.0 - pack degustación (HSN Packs)
proteina		Proteína de guisante aislada 2.0 Pea Protein Isolate Apple Strudel (Essential Series)
proteina		Proteína de guisante texturizada Textured Pea Protein (Food Series)
proteina		Proteína de lenteja Lentil Protein (Essential Series)
proteina		Proteína de semilla de calabaza Pumpkin Seed Protein (Essential Series)
proteina		Proteína de soja aislada 2.0 Soy Protein Isolate Chai Tea Latte Kg (Essential Series)
proteina		Proteína vegana de chocolate Weider sin gluten 300 g.
proteina		Proteína vegetal al natural FIISK DEAR NATURE, pack 3x60 g
proteina		Proteína whey - Sabor neutro (Mixpak)
proteina		Proteína whey - Vainilla (Mixpak)
proteina		Proteínas 100% Casein Protein - Chocolate (Vitobest)
proteina		Proteínas 100% Casein Protein - Vainilla (Vitobest)
proteina		Proteínas 100% Soy Iso Protein - Neutro (Vitobest)
proteina		Proteínas 100% Soy Iso Protein - Vainilla (Vitobest)
proteina		Proteínas 100% Whey Amino Complex (Vitobest)
proteina		Proteínas 100% Whey Amino Complex - Chocolate (Vitobest)
proteina		Proteínas 100% Whey Amino Complex - Chocolate Blanco (Vitobest)
proteina		Proteínas 100% Whey Amino Complex - Fresas Con Nata (Vitobest)
proteina		Proteínas 100% Whey Amino Complex - Frutas Del Bosque (Vitobest)
proteina		Proteínas 100% Whey Amino Complex - Galleta María (Vitobest)
proteina		Proteínas 100% Whey Amino Complex - Galleta Negra Con Nata (Vitobest)
proteina		Proteínas 100% Whey Amino Complex - Leche Merengada (Vitobest)
proteina		Proteínas 100% Whey Amino Complex - Vainilla (Vitobest)
proteina		Proteínas 100% Whey Amino Complex - Yogur Limón (Vitobest)
proteina		Proteínas 100% Whey Matrix 50/50 - Chocolate (Vitobest)
proteina		Proteínas 100% Whey Matrix 50/50 - Fresa (Vitobest)
proteina		Proteínas 100% Whey Protein - Café (Vitobest)
proteina		Proteínas 100% Whey Protein - Chocolate (Vitobest)
proteina		Proteínas 100% Whey Protein - Fresa (Vitobest)
proteina		Proteínas 100% Whey Protein - Galleta María (Vitobest)
proteina		Proteínas 100% Whey Protein - Leche Merengada (Vitobest)
proteina		Proteínas 100% Whey Protein - Neutro (Vitobest)
proteina		Proteínas 100% Whey Protein - Piña Colada (Vitobest)
proteina		Proteínas 100% Whey Protein - Vainilla (Vitobest)
proteina		Proteínas 100% Whey Protein - Yogur Limón (Vitobest)
proteina		Proteínas Isolate CFM Zero (Sobres) - Chocolate Blanco Y Galleta Negra (Vitobest)
proteina		Proteínas Isolate CFM Zero (Sobres) - Fresa (Vitobest)
proteina		Proteínas Isolate CFM Zero (Sobres) - Leche Merengada (Vitobest)
proteina		Proteínas Isolate CFM Zero (Sobres) - Piña Colada (Vitobest)
proteina		Proteínas Isolate CFM Zero (Sobres) - Vainilla (Vitobest)
proteina		Proteínas Isolate CFM Zero (Sobres) - Yogur Limón (Vitobest)
proteina		Proteínas Milk Protein Isolate 80 (Vitobest)
proteina		Proteínas Milk Protein Isolate 80 - Chocolate Dubái Con Pistacho (Vitobest)
proteina		Proteínas Milk Protein Isolate 80 - Fresa (Vitobest)
proteina		Proteínas Milk Protein Isolate 80 - Vainilla (Vitobest)
proteina		Proteínas Milk Protein Isolate 90 (Vitobest)
proteina		Proteínas Milk Protein Isolate 90 - Chocolate Dubái Con Pistacho (Vitobest)
proteina		Proteínas Milk Protein Isolate 90 - Fresa (Vitobest)
proteina		Proteínas Milk Protein Isolate 90 - Vainilla (Vitobest)
proteina		Proteínas Whey Amino Complex (Sobres) (Vitobest)
proteina		Proteínas Whey Amino Complex (Sobres) - Chocolate Blanco (Vitobest)
proteina		Proteínas Whey Amino Complex (Sobres) - Fresas Con Nata (Vitobest)
proteina		Proteínas Whey Amino Complex (Sobres) - Frutas Del Bosque (Vitobest)
proteina		Proteínas Whey Amino Complex (Sobres) - Galleta María (Vitobest)
proteina		Proteínas Whey Amino Complex (Sobres) - Vainilla (Vitobest)
proteina		Proteínas Whey Amino Complex (Sobres) - Yogur Limón (Vitobest)
suplementos		Próstata 60 Cápsulas Drasanvi
bebidas_lata	bebida	Pshychik Carrefour Bebida Energética mango lata 50 ml.
postres		Pudding de vainilla con galletas Arla Protein sin lactosa 200 g.
postres		Pudding proteico 2.0 Protein Carrot Cake Banana (Food Series)
postres		Pudding sabor vainilla YOPRO, tarrina 150 g
otros		Puerro al natural LEYENDA, frasco 400 g
otros		Puerros en trozos EROSKI, frasco 400 g
salsas		Pulled Pork Salsa Bbq (ElPozo)
otros		Pulpa de açaí premium ecológico Coracai 400 g.
salsas		Pulpa de tomate MUTTI, lata 400 g
mariscos		Pulpo a la gallega EROSKI, bandeja 200 g
mariscos		Pulpo a la marinera ALBO, lata 120 g
mariscos		Pulpo cocido troceado Eroski SELEQTIA, bandeja 200 g
mariscos		Pulpo en aceite de oliva ALBO, lata 120 g
mariscos		Pulpo en aceite de oliva EROSKI, lata 115 g
otros		Puntilla sin pluma MARINES, bolsa 450 g
chocolates		Pur avellanes senceres 150g (Torras)
instantanea		Pure de arándano-fresa GALIFRESH, pack 2x150 g
instantanea		Pure de pera-plátano GALIFRESH, pack 2x150 g
instantanea		Puré de 7 frutas sin gluten Nestlé pack 4 x 100 g
instantanea		Puré de arroz blanco con pollo Nestlé 190 g
frutas		Puré de frutas variadas Hero 190 g
infantil		Puré de guisantes con patata y pollo Gerber 190 g
frutas		Puré de manzana, pera y melocotón Dia Fruticampo pack 2 x 130 g
infantil		Puré de manzana, plátano y yogur 100% ecológica Hero Baby 120 g
instantanea		Puré de patatas Carrefour 500 g.
instantanea		Puré de patatas Dia Patatas Unidas 500 g
leche	bebida	Puré de patatas con leche Mousline 230 g
instantanea		Puré de pera y manzana Hero 120 g
instantanea		Puré de pera, plátano y zanahoria 100% ecológica Hero 120 g
instantanea		Puré de tomate CAL VALLS, frasco 400 g
instantanea		Puré de verduras con lentejas y pollo bio Hero 190 g
instantanea		Puré de verduritas con pavo Nestlé 190 g
suplementos		Pylo biotics 30B UFC (Pylopass™) (Essential Series)
fiambres		Pétalos de jamón cocido 93% duroc 50% Dia Nuestra Alacena 90 g
cerdo		Pétalos de jamón de cebo 50% raza ibérica Dia Nuestra Alacena 90 g
cerdo		Pétalos de lomo 50% duroc Dia Nuestra Alacena 80 g
pavo		Pétalos de pechuga de pavo 93% Dia Nuestra Alacena 90 g
otros		Quelita QUELY, bolsa 200 g
otros		Quelita integral QUELY, bolsa 200 g
otros		Quelitas crujientes Quely 200 g
embutidos		Quelitas y cañitas de fuet merienda Quely 68 g.
suplementos		Quemador especial mujer * Womens Burner 120 (Essential Series)
suplementos		Quercetina 600mg + vitamina C + bioflavonoides Quercetin Vitamin (Essential Series)
otros		Quesada pequeña JOSELÍN, bandeja 450 g
otros		Quesitos Dia Láctea 375 g
otros		Quesitos light Dia Láctea 250 g
quesos		Queso Arzúa Ulloa D.O.P. Dia El Cencerro 550 g
quesos		Queso Azul Monte Avín Pieza (Central Lechera Asturiana)
quesos		Queso Brie PRESIDENT, cuña 200 g
quesos		Queso CAPRICE DES DIEUX, caja 200 g
quesos		Queso Cabrales D.O. 1/8 pieza (Central Lechera Asturiana)
quesos		Queso Cabrales D.O.P. 1/2 Pieza (Central Lechera Asturiana)
quesos		Queso Cabrales D.O.P. 1/4 pieza (Central Lechera Asturiana)
quesos		Queso Camembert EROSKI, caja 250 g
quesos		Queso Camembert PRESIDENT, caja 250 g
quesos		Queso Cheddar EROSKI, lonchas, bandeja 200 g
quesos		Queso Comte Le Montalier PRESIDENT, bolsa 200 g
quesos		Queso Comte MONTS&TERROIRS, cuña 200 g
quesos		Queso D.O. Arzua Ulloa RUTA XACOBEA, pieza 650 g
quesos		Queso D.O. Manchego DON BERNARDO, cuña 250 g
quesos		Queso Drana Padano D.O.P. EROSKI, cuña 200 g
quesos		Queso Edam tierno EROSKI, lonchas, bandeja 200 g
quesos		Queso Emmental EROSKI, lonchas, bandeja 200 g
quesos		Queso Emmental EROSKI, taco 250 g
quesos		Queso Emmental PRESIDENT, cuña 250 g
quesos		Queso Fresco Tradicional 250g (Central Lechera Asturiana)
quesos		Queso Fresco Ultrafiltrado 500g (Central Lechera Asturiana)
quesos		Queso Fresco de Burgos Villalón 2kg (Central Lechera Asturiana)
quesos		Queso Gorgonzola FERRARINI, bandeja 180 g
quesos		Queso Gouda EROSKI, lonchas, bandeja 200 g
quesos		Queso Gouda en Lonchas 180g (Central Lechera Asturiana)
quesos		Queso Grana Padano FERRARINI, cuña 180 g
quesos		Queso Havarti EROSKI, lonchas, bandeja 300 g
quesos		Queso Havarti light EROSKI, lonchas, bandeja 300 g
quesos		Queso Latxa Urdina UDABE, cuña 200 g
quesos		Queso MINIBABYBEL 12 uds, malla 200 g
quesos		Queso MINIBABYBEL, 6 uds., malla 120 g
quesos		Queso Mozzarella Dia Láctea 160 g
quesos		Queso Mozzarella EROSKI, bolsa 125 g
quesos		Queso Mozzarella EROSKI, lonchas, bandeja 200 g
quesos		Queso Old Gouda EROSKI, cuña 250 g
quesos		Queso Parmesano Reggianno FERRARINI, cuña 300 g
quesos		Queso Provolone Dolce EROSKI, tarrina 200 g
quesos		Queso Roquefort D.O.P. Eroski SELEQTIA, cuña 100 g
quesos		Queso TRANCHETTES, 14 lonchas, sobre 262,5 g
quesos		Queso ahumado D.O. Idiazabal BAGA, cuña 250 g
quesos		Queso ahumado D.O. Idiazabal BIZKOR, cuña aprox.
quesos		Queso artesano de vaca MAHALA, pieza 550 g
quesos		Queso azul Danablu CASTELLO, tarrina 100 g
quesos		Queso azul EROSKI, cuña 100 g
quesos		Queso azul I.G.P. VALDEON, bandeja 100 g
quesos		Queso azul IGP Valdeon De Nuestra Tierra cuña 100 g.
quesos		Queso azul Quesería del Mundo 150 g
quesos		Queso azul RENY PICOT, cuña 100 g
quesos		Queso azul SAINT AGUR, bandeja 115 g
quesos		Queso azul Valdeon IGP TALENUS, al corte, compra mínima 250 g
quesos		Queso azul cabrales Central Lechera Asturiana cuña 100 g
quesos		Queso azul cremoso Dia Selección Mundial 150 g
quesos		Queso azul fundido en porciones light La Vaca Que Ríe sin gluten 250 g.
quesos		Queso añejo de oveja al romero Hacendado
quesos		Queso añejo fuerte de oveja Hacendado
quesos		Queso añejo ibérico mezcla Hacendado cortado en cuñitas
quesos		Queso barra Larsa TRÉBOL, al corte, compra mínima 250 g
quesos		Queso blanco estilo mediterráneo en dados Apetina Arla sin lactosa 200 g
quesos		Queso brie 60% M.G Carrefour 200 g
quesos		Queso brie Dia Selección Mundial 200 g
quesos		Queso brie con azul CARRÉ D'AURILLAC RCO, cuña aprox. 180 g
quesos		Queso burger EL CASERIO, lonchas, sobre 185 g
quesos		Queso cabrales D.O.P. Moulin ASTURIANA, al corte compra mínima 250 g
quesos		Queso cheddar en taco Bredam 250 g.
quesos		Queso cheddar rallado Dia Selección Mundial 150 g
quesos		Queso clásico cremoso Larsa 200 g
quesos		Queso clásico en barra 3kg (Central Lechera Asturiana)
quesos		Queso comté President 200 g
quesos		Queso con orégano provolone Auricchio 150 g.
quesos		Queso cortado mezcla semicurado EROSKI, cuña 250 g
quesos		Queso crema natural ASTURIANA, tarrina 200 g
quesos		Queso curado G. BAQUERO, cuña cortada 225 g
quesos		Queso curado cortado EROSKI, cuña 250 g
quesos		Queso curado de maduración lenta GRAN CAPITÁN, cuña 200 g
quesos		Queso curado de oveja EROSKI, cuña 330 g
quesos		Queso curado mezcla Hacendado
quesos		Queso curado mezcla Hacendado cortado en cuñitas
quesos		Queso curado mezcla afrutado Hacendado
quesos		Queso curado mezcla afrutado Hacendado cortado en cuñitas
quesos		Queso curado mezcla madurado en madera Hacendado
quesos		Queso curado oveja mini FLOR DE ESGUEVA, pieza aprox. 1.1 kg
quesos		Queso de cabra EL PASTOR, al corte, compra mínima 250 g
quesos		Queso de cabra Xiloa AGOUR, al corte, compra mínima 250 g
quesos		Queso de cabra curado mini Carrefour Extra 400 g
quesos		Queso de cabra en rulo Carrefour Classic 180 g.
quesos		Queso de cabra pimentón IBERQUES El Extremeño, cuña 450 g
quesos		Queso de cabra semicurado E. SELEQTIA, al corte, compra mínima 250 g
quesos		Queso de cabra semicurado Eroski SELEQTIA, cuña 250 g
quesos		Queso de cabra tierno ecológico Arte y Sabor 300 g
quesos		Queso de cabra tierno en lonchas Carrefour Classic 200 g
quesos		Queso de cabra tierno mini Carrefour 425 g
quesos		Queso de cabra untable con ajo y finas hierbas en pirámide Soignon 150 g.
quesos		Queso de mezcla DOP Feta Griego Salakis 150 g.
quesos		Queso de mezcla en lonchas tierno El Ventero light 180 g.
quesos		Queso de mezcla semicurado Carrefour 330 g
quesos		Queso de mezcla semicurado Cañada Mayor sin lactosa 250 g
quesos		Queso de mezcla tierno light Carrefour Classic 250 g
quesos		Queso de mezcla viejo en cuña Campo Real 250 g
quesos		Queso de oveja Ossau-Iraty DOP AGOUR, al corte, compra mínima 250 g
quesos		Queso de oveja añejo De Nuestra Tierra 400 g
quesos		Queso de oveja curado Cañada Mayor 250 g.
quesos		Queso de oveja curado Dia El Cencerro 200 g
quesos		Queso de oveja curado Tierra de Tradición pieza 1,1 kg.
quesos		Queso de oveja semicurado cortaditas Carrefour Classic 250 g.
quesos		Queso de untar sabor cabra y romero PHILADELPHIA, tarrina 150 g
quesos		Queso de vaca Canalla Dia El Cencerro 200 g
quesos		Queso de vaca extrafundente L'Ovale President 200 g.
quesos		Queso de vaca viejo Old Amsterdam sin lactosa 200 g
quesos		Queso edam Carrefour 455 g.
quesos		Queso emmental en lonchas Carrefour Classic' 200 g.
quesos		Queso en Barra Ligero de 3kg (Central Lechera Asturiana)
quesos		Queso en Barra Sin Lactosa de 1,5kg (Central Lechera Asturiana)
quesos		Queso en Lonchas Sin Lactosa (Central Lechera Asturiana)
quesos		Queso en Lonchas Tierno 180g (Central Lechera Asturiana)
quesos		Queso en dados para ensaladas García Baquero 2 x 50 g
quesos		Queso en lonchas bajo en sal García Baquero 90 g.
quesos		Queso en polvo EROSKI, bolsa 100 g
quesos		Queso en porciones light La Vaca que ríe 250 g
quesos		Queso en taco Edam Bredam 250 g.
quesos		Queso en tiras original PIK NIK, bolsa 80 g
quesos		Queso feta Carrefour Extra 200 g.
quesos		Queso fresco 0% M.G. Burgo de Arias 3 x 72 g
quesos		Queso fresco BERTA tarrina 300 g
quesos		Queso fresco BIZKAI ESNEA, tarrina 450 g
quesos		Queso fresco Carrefour Classic 250 g
quesos		Queso fresco Protein Plus BURGO DE ARIAS, pack 6x70 g
quesos		Queso fresco Txuria EROSKI SELEQTIA, tarrina 250 g
quesos		Queso fresco Vega e Hijos 250 g
quesos		Queso fresco cottage Dia Láctea 200 g
quesos		Queso fresco de Burgos El Ventero 1 kg.
quesos		Queso fresco de Burgos bajo en sal Dia Láctea 4 x 62.5 g
quesos		Queso fresco de cabra BURGO DE ARIAS, pack 3x70 g
quesos		Queso fresco de cabra Dia El Cencerro 250 g
quesos		Queso fresco de vaca-oveja GAILLA, tarrina 250 g
quesos		Queso fresco natural 0% BURGO DE ARIAS, pack 6x72 g
quesos		Queso fresco natural BURGO DE ARIAS, pack 6x72 g
quesos		Queso fresco pasterizado Burgo de Arias 108 g.
quesos		Queso fresco sin sal añadida BURGO DE ARIAS, pack 3x72 g
quesos		Queso fundido EL CASERÍO, 16 porciones, caja 250 g
quesos		Queso fundido EL CASERÍO, 24 porciones, caja 375 g
quesos		Queso fundido EROSKI basic, 24 porciones, caja 375 g
quesos		Queso fundido EROSKI basic, lonchas, sobre 450 g
quesos		Queso fundido El Caserío 262 g
quesos		Queso fundido LA VACA QUE RIE, 16 porciones, caja 250 g
quesos		Queso fundido LA VACA QUE RIE, 24 porciones, caja 375 g
quesos		Queso fundido burger con cheddar Dia Láctea 200 g
quesos		Queso fundido en porciones El Caserío sin gluten y sin lactosa 250 g.
quesos		Queso fundido en porciones light La Vaca Que Ríe sin gluten 375 g.
quesos		Queso fundido light EL CASERÍO, 16 porciones, caja 250 g
quesos		Queso fundido light LA VACA QUE RIE, 16 porciones, caja 250 g
quesos		Queso fundido light LA VACA QUE RIE, 24 porciones, caja 375 g
quesos		Queso fundido sándwich Dia Láctea 300 g
quesos		Queso gouda Carrefour 400 g.
quesos		Queso gouda light Dia Selección Mundial 160 g
quesos		Queso gouda viejo Dia Selección Mundial 200 g
quesos		Queso grana padano Zanetti
quesos		Queso griego feta Rücker 200 g.
quesos		Queso griego light Hotos 150 g.
quesos		Queso havarti en lonchas Carrefour Extra 200 g.
quesos		Queso ibérico curado Extra Carrefour cuña 280 g.
quesos		Queso idiazabal De nuestra tierra 500 g
quesos		Queso infantil enrollado MINIBABYBEL, pack 5x17 g
quesos		Queso lonchas de cabra Hacendado
quesos		Queso lonchas de oveja Entrepinares
quesos		Queso maasdam Carrefour 375 g.
quesos		Queso maasdam Oro de Holanda cuña de 300 g.
quesos		Queso mezcla semicurado EROSKI MAESTRO, al corte, compra mínima 250 g
quesos		Queso mezcla semicurado G. BAQUERO, al corte, compra mínima 250 g
quesos		Queso mezcla tierno EROSKI, cuña 400 g
quesos		Queso mini Babybel 120 g
quesos		Queso mozzarella Carrefour Classic sin lactosa 125 g
quesos		Queso natural D.O. Idiazabal EROSKI SELEQTIA, cuña aprox. 250 g
quesos		Queso natural D.O. Idiazabal OREXA, cuña 250 g
quesos		Queso natural SAN MILLÁN, tarrina 200 g
quesos		Queso oveja gran reserva FLOR DE ESGUEVA, al corte compra mínima 250 g
quesos		Queso parmigiano reggiano D.O.P. Eroski SELEQTIA, cuña 200 g
quesos		Queso provolone con orégano Dia Selección Mundial 150 g
quesos		Queso rallado 4 quesos ALDA, bolsa 150 g
quesos		Queso rallado 4 quesos PRESIDENT, bolsa 150 g
quesos		Queso rallado ALDA, bolsa 100 g
quesos		Queso rallado Grana Padano EROSKI SELEQTIA, bolsa 100 g
quesos		Queso rallado Mozarella para pizza ARLA, bolsa 175 g
quesos		Queso rallado Mozzarella para pizza EROSKI, bolsa 200 g
quesos		Queso rallado emmental El Caserío 120 g.
quesos		Queso rallado emmental Especial pastas Président 150 g.
quesos		Queso rallado en polvo El Caserío 80 g
quesos		Queso rallado filatto especial pasta El Caserío 80 g.
quesos		Queso rallado mozzarella Arla 150 g.
quesos		Queso rallado mozzarella sin lactosa HOCHLAND, bolsa 150 g
quesos		Queso rallado para pizza PRESIDENT, bolsa 150 g
quesos		Queso rallado suave EL CASERIO, bolsa 120 g
quesos		Queso rulo de cabra EROSKI, rulo 140 g
quesos		Queso rulo de cabra en medallones PRESIDENT, bandeja 200 g
quesos		Queso semi EROSKI, lonchas, bandeja 200 g
quesos		Queso semi cabra Sarró MONTRÚ, al corte, compra mínima 250 g
quesos		Queso semicurado EROSKI BASIC, cuña 375 g
quesos		Queso semicurado GRAN CAPITAN, cuña 365 g
quesos		Queso semicurado GRAN CAPITÁN, cuña 250 g
quesos		Queso semicurado García Baquero 110 g
quesos		Queso semicurado García Baquero 160 g
quesos		Queso semicurado en lonchas Gran Capitán 160 g.
quesos		Queso semicurado mezcla EROSKI, cuña 400 g
quesos		Queso semicurado mezcla G. BAQUERO, cuña cortada 225 g
quesos		Queso semicurado mezcla G. BAQUERO, lonchas, bandeja 200 g
quesos		Queso semicurado mezcla GARCÍA BAQUERO, cuña 325 g
quesos		Queso semicurado mezcla Hacendado
quesos		Queso semicurado mezcla Tierra de Tradición pieza 1,1 kg.
quesos		Queso semicurado mini EROSKI, pieza 1,020 kg
quesos		Queso semicurado mini GRAN CAPITÁN, pieza 475 g
quesos		Queso semicurado sin lactosa mezcla Hacendado
quesos		Queso semicurado trufa GARCÍA BAUQERO, cuña 150 g
quesos		Queso sin lactosa EL CASERIO, lonchas, sobre 185 g
quesos		Queso tierno EL VENTERO, cuña 400 g
quesos		Queso tierno EROSKI BASIC, cuña 375 g
quesos		Queso tierno bajo en sal mezcla Hacendado
quesos		Queso tierno cortado Dia El Cencerro 250 g
quesos		Queso tierno de cabra EL VENTERO, lonchas, bandeja 160 g
quesos		Queso tierno de cabra EROSKI, lonchas, bandeja 150 g
quesos		Queso tierno de vaca Hacendado cortado en cuñitas
quesos		Queso tierno enrollado Minirolls Babybel 85 g
quesos		Queso tierno light Dia El Cencerro 160 g
quesos		Queso tierno mezcla Hacendado
quesos		Queso tierno mezcla mini EROSKI, pieza 1,100 kg
quesos		Queso tierno tronchón mezcla Hacendado
quesos		Queso tierno ya cortado GARCÍA BAQUERO, cuña 225 g
quesos		Queso untable de cabra natural Soignon 150 g.
quesos		Queso viejo 12M tostado GRAN CAPITÁN, cuña 200 g
quesos		Queso viejo ahumado de oveja Hacendado
quesos		Queso viejo de oveja Hacendado
quesos		Queso viejo intenso mezcla Hacendado cortado en cuñitas
quesos		Queso viejo l. cruda oveja F. ESQUEVA, al corte, compra mínima 250 g
quesos		Queso viejo mezcla tostado EROSKI, cuña cortada 250 g
quesos		Queso viejo tostado mezcla Hacendado
granos		Quinoa Hinchada Bio 250 g Ecosana (Drasanvi)
granos		Quinoa blanca White (Food Series)
granos		Quinoa real EROSKI BIO, bolsa 500 g
granos		Quinoa roja Red (Food Series)
suplementos		Quitosano + Vitamina C (Prozis)
barrita		RACE DAY BAR SALTY TRAIL - Barrita Energética con Sodio - Almendras y Semillas (226ERS)
bebidas_lata	bebida	RE-AMP - Cola (Prozis)
bebidas_lata	bebida	RE-AMP - Cola 30 dosis (Prozis)
suplementos		REAL B12 [vit b12 líquida] (bigsuplements)
suplementos		REAL CNS [cafeína líquida] (bigsuplements)
suplementos		REAL D3 COMPLEX (bigsuplements)
suplementos		REAL EGCG (bigsuplements)
suplementos		REAL PRECARDIO (bigsuplements)
suplementos		REAL THERMO (bigsuplements)
suplementos		RELOAD [ ] - Lemon Lime (bigsuplements)
suplementos		RFLX Care* (Essential Series)
panaderia		ROSEGONES (Dulcesol)
preparados		Rabas empanadas EROSKI, bolsa 400 g
otros		Rabas enharinadas Pescanova 480 g.
otros		Raclette original Le Rustique Arias 200 g.
otros		Radiatori integral LA MOLISANA, paquete 500 g
chocolates		Rajola de Xocolata Negra 70% Cacau de Ghana (Torras)
quesos		Rallado sabor mozzarella Violife sin gluten sin lactosa 200 g.
otros		Rallado vegano VIOLIFE, bolsa 200 g
instantanea		Ramen sabor pollo Maggi 90 g
pescado		Rape sin piel en porciones DELFÍN, bolsa 300 g
otros		Rapiditas BIMBO, paquete 168 g
frutas		Rapsodia de frutas melocotón ST. DALFOUR, frasco 284 g
frutas		Rapsodia de frutas, fresa ST.DALFOUR, frasco 284 g
pasta		Ravioli de carne GALLO, paquete 500 g
barrita		Real Bar Cacahuete - Pack 15 unidades (Aurora Nutrition)
barrita		Real Bar Coco - Pack 15 unidades (Aurora Nutrition)
especias		Real Bites Sal & Pimienta - Pack 3 Unidades (FRIT RAVICH)
dulces		Real Flavor - Aromatizante en Polvo - Caramelo (Prozis)
chocolates		Real Flavor - Aromatizante en Polvo - Chocolate blanco (Prozis)
untables		Real Flavor - Aromatizante en Polvo - Crema de cacahuete (Prozis)
instantanea		Real Flavor - Aromatizante en Polvo - Crema de limón (Prozis)
leche		Real Flavor - Aromatizante en Polvo - Dulce de Leche (Prozis)
frutas		Real Flavor - Aromatizante en Polvo - Fresa y Plátano (Prozis)
galletas		Real Flavor - Aromatizante en Polvo - Speculoos (Prozis)
dulces		Real Flavor - Flavoring Powder - Café y Caramelo (Prozis)
dulces		Real Flavor - Flavoring Powder - Caramelo (Prozis)
chocolates		Real Flavor - Flavoring Powder - Chocolate blanco (Prozis)
chocolates		Real Flavor - Flavoring Powder - Chocolate con leche (Prozis)
chocolates		Real Flavor - Flavoring Powder - Chocolate y avellanas (Prozis)
untables		Real Flavor - Flavoring Powder - Crema de cacahuete (Prozis)
instantanea		Real Flavor - Flavoring Powder - Crema de limón (Prozis)
frutas		Real Flavor - Flavoring Powder - Fresa y Plátano (Prozis)
galletas		Real Flavor - Flavoring Powder - Galleta (Prozis)
frutas		Real Nuts - Almendras chili-limón (CALCONUT)
especias		Real Nuts - Nuez pecana con canela y jengibre (CALCONUT)
otros		Real Popcorn - Pack 12 unidades (Añavieja)
barrita		Real Protein Bar - Chocolate blanco y frambuesa x 8 - Chocolate blanco con frambuesas 2 x (Prozis)
barrita		Real Protein Bar - Chocolate blanco y frambuesa x 8 - Chocolate blanco con frambuesas 8 x (Prozis)
barrita		Real Protein Bar - Chocolate blanco y frambuesa x 8 - Galleta rellena de chocolate 2 x (Prozis)
barrita		Real Protein Bar - Galleta rellena de chocolate x 8 - 2 x (Prozis)
barrita		Real Protein Bar - Galleta rellena de chocolate x 8 - 8 x (Prozis)
barrita		Real Protein Bar - Galleta rellena de chocolate x 8 - Chocolate blanco con frambuesas 2 x (Prozis)
barrita		Real Protein Bar - Galleta rellena de chocolate x 8 - Toffee 2 x (Prozis)
barrita		Real Protein Bar - Galleta rellena de chocolate x 8 - Toffee 8 x (Prozis)
proteina		Real Whey + Hydro Collagen - Chocolate (Prozis)
proteina		Real Whey + Hydro Collagen - Vainilla (Prozis)
suplementos		Real food ácido fólico 1000mcg (Swanson)
suplementos		Recuperador Muscular 750 g Sport Live Drasanvi
frutas		Recuperador Re-Core Concentrate - Musclecore™ - LIMA-LIMÓN
frutas		Recuperador Recovery Drink - Amix Performance - FRUTAS DEL BOSQUE
suplementos		Recuperador Recovery Max – Amix™
bebidas_lata	bebida	Red bull 355 ml
bebidas_lata	bebida	Red bull 473 ml
bebidas_lata	bebida	Red bull baya de junio 250 ml
bebidas_lata	bebida	Red bull de albaricoque 250 ml
bebidas_lata	bebida	Red bull de cereza 250 ml
bebidas_lata	bebida	Red bull de coco y arándanos 250 ml
bebidas_lata	bebida	Red bull de pomelo 250 ml
bebidas_lata	bebida	Red bull de sandía 250 ml
bebidas_lata	bebida	Red bull de vainilla y bayas 250 ml
bebidas_lata	bebida	Red bull sin azúcar 355 ml
bebidas_lata	bebida	Red bull zero 250 ml
bebidas_lata	bebida	Refeel Bebida Energetica tropical lata 33 cl.
bebidas_lata	bebida	Refresco Berry Boom SUNNY D., botella 1,25 litros
bebidas_lata	bebida	Refresco Coca-Cola zero azúcar
bebidas_lata	bebida	Refresco Fanta limón
bebidas_lata	bebida	Refresco Fanta limón zero azúcares añadidos
bebidas_lata	bebida	Refresco cola Hacendado zero azúcar
bebidas_lata	bebida	Refresco de cola COCA COLA ZERO ZERO, lata 33 cl
bebidas_lata	bebida	Refresco de cola COCA COLA ZERO ZERO, pack 6x20 cl
bebidas_lata	bebida	Refresco de cola COCA COLA ZERO, pack 6x20 cl
bebidas_lata	bebida	Refresco de cola COCA COLA Zero Zero, pack 24x33 cl
bebidas_lata	bebida	Refresco de cola COCA COLA Zero Zero, pack 4x2 litros
bebidas_lata	bebida	Refresco de cola COCA COLA Zero, pack 24x33 cl
bebidas_lata	bebida	Refresco de cola COCA COLA Zero, pack 4x2 litros
bebidas_lata	bebida	Refresco de cola COCA COLA, pack 12x33 cl
bebidas_lata	bebida	Refresco de cola light COCA COLA, lata 33 cl
bebidas_lata	bebida	Refresco de cola light COCA COLA, pack 24x33 cl
bebidas_lata	bebida	Refresco de cola sin azúcar COCA COLA Zero, pack 2x2 litros
bebidas_lata	bebida	Refresco de cola sin azúcar COCA COLA, pack 2x1,25 litros
bebidas_lata	bebida	Refresco de cola sin cafeína COCA COLA Zero, pack 2x2 litros
bebidas_lata	bebida	Refresco de lima SPRITE Zero, lata 33 cl
bebidas_lata	bebida	Refresco de lima limón SEVEN UP ZERO, lata 33 cl
bebidas_lata	bebida	Refresco de lima limón SEVEN UP ZERO, pack 9x33 cl
bebidas_lata	bebida	Refresco de lima limón SPRITE, pack 6x20 cl
bebidas_lata	bebida	Refresco de lima-limón SEVEN UP, lata 33 cl
bebidas_lata	bebida	Refresco de lima-limón SPRITE Fresh, botella 2 litros
bebidas_lata	bebida	Refresco de lima-limón SPRITE Fresh, lata 33 cl
bebidas_lata	bebida	Refresco de lima-limón SPRITE Zero, botella 2 litros
bebidas_lata	bebida	Refresco de limón EROSKI, botella 2 litros
bebidas_lata	bebida	Refresco de limón FANTA Zero, lata 33 cl
bebidas_lata	bebida	Refresco de limón FANTA, botella 2 litros
bebidas_lata	bebida	Refresco de limón FANTA, botellín 50 cl
bebidas_lata	bebida	Refresco de limón FANTA, lata 33 cl
bebidas_lata	bebida	Refresco de limón FANTA, pack 2x2 litros
bebidas_lata	bebida	Refresco de limón Hacendado fresh gas
bebidas_lata	bebida	Refresco de limón KAS, botella 2 litros
bebidas_lata	bebida	Refresco de limón KAS, pack 2x2 litros
bebidas_lata	bebida	Refresco de limón TRINA, botella 1,5 litros
bebidas_lata	bebida	Refresco de limón Trina sin gas lata 33 cl.
bebidas_lata	bebida	Refresco de limón con gas FANTA, botella 1,25 litros
bebidas_lata	bebida	Refresco de limón con gas SCHWEPPES, lata 33 cl
bebidas_lata	bebida	Refresco de limón sin azúcar TRINA, botella 1,5 litros
bebidas_lata	bebida	Refresco de limón sin gas ENJOY, botellín 50 cl
bebidas_lata	bebida	Refresco de limón sin gas TRINA, lata 33 cl
bebidas_lata	bebida	Refresco de mandarina SUNNY D. California, botella 1,25 litros
bebidas_lata	bebida	Refresco de manzana Carrefour Classic botella 1,5 l.
bebidas_lata	bebida	Refresco de manzana Trina sin gas lata 33 cl.
bebidas_lata	bebida	Refresco de manzana sin azúcar TRINA, botella 1,5 litros
bebidas_lata	bebida	Refresco de manzana sin gas Dia Upss 1,5 L
bebidas_lata	bebida	Refresco de naranja Carrefour sin gas botella 1,5 l.
bebidas_lata	bebida	Refresco de naranja EROSKI, lata 33 cl
bebidas_lata	bebida	Refresco de naranja FANTA ZERO, pack 6x33 cl
bebidas_lata	bebida	Refresco de naranja FANTA Zero, botella 2 litros
bebidas_lata	bebida	Refresco de naranja FANTA Zero, lata 33 cl
bebidas_lata	bebida	Refresco de naranja FANTA, botella 2 litros
bebidas_lata	bebida	Refresco de naranja FANTA, botellín 50 cl
bebidas_lata	bebida	Refresco de naranja FANTA, lata 33 cl
bebidas_lata	bebida	Refresco de naranja FANTA, pack 2x2 litros
bebidas_lata	bebida	Refresco de naranja Hacendado zero azúcar fresh gas
bebidas_lata	bebida	Refresco de naranja SIMON LIFE, botella 1,5 litros
bebidas_lata	bebida	Refresco de naranja SUNNY D. Florida, botella 1,25 litros
bebidas_lata	bebida	Refresco de naranja TRINA, botella 1,5 litros
bebidas_lata	bebida	Refresco de naranja con gas zero Dia Upss 1.5 L
bebidas_lata	bebida	Refresco de naranja sin azúcar TRINA, botella 1,5 litros
bebidas_lata	bebida	Refresco de naranja sin gas Dia Upss 1,5 L
bebidas_lata	bebida	Refresco de naranja sin gas EROSKI, botella 1,5 litros
bebidas_lata	bebida	Refresco de naranja sin gas TRINA, lata 33 cl
bebidas_lata	bebida	Refresco de pomelo SCHWEPPES, lata 33 cl
bebidas_lata	bebida	Refresco de té al limón Dia Upss 1,5 L
bebidas_lata	bebida	Refresco de té al limón EROSKI, botella 1,5 litros
bebidas_lata	bebida	Refresco de té al limón NESTEA, botella 1,5 litros
bebidas_lata	bebida	Refresco de té al limón sin azúcar FUZE TEA, botella 1,5 litros
bebidas_lata	bebida	Refresco de té al limón sin azúcar NESTEA, botella 1,5 litros
bebidas_lata	bebida	Refresco de té al limón sin azúcar NESTEA, lata 33 cl
bebidas_lata	bebida	Refresco de té al limón zero Dia Upss 500 ml
bebidas_lata	bebida	Refresco de té de mango zero Dia Upss 1,5 L
bebidas_lata	bebida	Refresco de té sabor frutos rojos NESTEA, botella 1,5 litros
bebidas_lata	bebida	Refresco de té sabor frutos rojos NESTEA, lata 33 cl
bebidas_lata	bebida	Refresco de té sabor sandía zero Dia Upss 1,5 L
bebidas_lata	bebida	Refresco lima limón Hacendado fresh gas
bebidas_lata	bebida	Refresco limón EROSKI, lata 33 cl
bebidas_lata	bebida	Refresco sabor lima- limón Zero Carrefour Classic' lata 33 cl.
bebidas_lata	bebida	Refresco sabor limón sin azúcar Sweet 16 200 ml.
bebidas_lata	bebida	Refresco sabor naranja zero Carrefour Classic' lata 33 cl.
bebidas_lata	bebida	Refresco sabor sandia sin azúcar Sweet 16 200 ml.
bebidas_lata	bebida	Refresco sin gas de melón y piña Hacendado
bebidas_lata	bebida	Refresco sin gas de naranja Hacendado
bebidas_lata	bebida	Refresco sin gas sabor limón DON SIMÓN, botella 1,5 litros
bebidas_lata	bebida	Refresco tropical TRINA, botella 1,5 litros
bebidas_lata	bebida	Refresco tropical en polvo TANG, sobre 30 g
bebidas_lata	bebida	Refresco tropical sin gas Enjoy 1,5 L
bebidas_lata	bebida	Refresco té sabor limón Fuze Tea
bebidas_lata	bebida	Refresco té verde Zero Hacendado sabor maracuyá y mango
dulces		Regaliz de goma rojo twist Carrefour Classic 200 g.
dulces		Regaliz de goma sabor fresa Balla Stixx Haribo 200 g.
dulces		Regaliz de goma sabor fresa y nata Ritmo Vidal 290 g.
dulces		Regaliz rellenos torcido Damel 150 g
dulces		Regaliz rojo surtido sensation red mix Fini 165 g
dulces		Regaliz tubes inside out Fini 125 g
dulces		Regalíz oro Lc HARIBO, 1 ud, 18 g
snacks		Regates sabor ketchup y queso Dia Snack Maniac 120 g
otros		Regañas ROLDAN, bolsa 250 g
otros		Regañás El Molino de Dia 250 g
frutos_secos		Regañás con pipas de girasol Classic Carrefour 80 g.
frutas		Regenerador articular Osteo Ultra Joint Drink Naranja – Amix™
suplementos		Reishi BIO (Vitobest)
suplementos		Reishi Bio 100 g Doypack Superalimentos Drasanvi
otros		Rejo cocido trozeado 250 g
pescado		Relleno de atún LA PIARA Bocadelia, frasco 180 g
otros		Remolacha en rodajas EROSKI, frasco 180 g
otros		Remolacha en tiras Classic Carrefour 250 g.
otros		Remolacha en tiras EROSKI, frasco 180 g
suplementos		Remolacha roja en polvo Beetroot Powder (Essential Series)
quesos		Requesón El Ventero 250 g
suplementos		Respi biotics (probióticos) 100B UFC (Essential Series)
suplementos		Respi biotics (probióticos) 25B UFC (Essential Series)
suplementos		Resveratrol 120mg (Essential Series)
suplementos		Resveratrol 150mg (Prozis)
suplementos		Resveratrol 250mg + BioPerine® (Essential Series)
suplementos		Resveratrol 500mg + BioPerine® (Essential Series)
otros		Reventaos El Molino de Dia 250 g
aceitunas		Revoltijo de encurtidos picante EROSKI, frasco 500 g
harinas		RiceMash® Harina de Arroz - Mr.Popper‘s® - BANOFFEE (MR POPPER´S)
verduras		Risotto de Setas - Gallina Blanca
verduras		Risotto de setas Carretilla 250 g.
verduras		Risotto de setas FINDUS, bolsa 400 g
bebidas_lata	bebida	Rock´s Gel Energetico sin Cafeina - Amix Performance - NARANJA
chocolates		Rocs de xocolata negra (Torras)
otros		Rodajas de emperador Dia Mari Marinera 475 g
otros		Rodajas de emperador pequeñas Hacendado ultracongeladas
pescado		Rodajas de salmón con piel congeladas Findus 500 g.
otros		Roll max de capuccino BALCONI, paquete 300 g
fiambres		Rolling Bacon Hot Dog (ElPozo)
preparados		Rolling Burrito Bbq (ElPozo)
pavo		Rolling Kebab Pollo Pavo (ElPozo)
pescado		Rollito de arenque marinado con aceituna El Mercado 150 g
frutos_secos		Rollo con sabor avellana Hacendado
leche		Rollo con sabor nata Hacendado
alcohol	bebida	Ron 7 años HAVANA CLUB, botella 70 cl
alcohol	bebida	Ron Añejo 3 años HAVANA CLUB, botella 70 cl
alcohol	bebida	Ron BACARDI, botella 70 cl
alcohol	bebida	Ron Barceló Imperial 70 cl.
alcohol	bebida	Ron Cacique 70 cl.
alcohol	bebida	Ron Extra Añejo MATUSALEM, botella 70 cl
alcohol	bebida	Ron Gran Reserva SANTA TERESA, botella 70 cl
bebidas_lata	bebida	Ron Havana Club cola lata 25 cl.
alcohol	bebida	Ron NEGRITA, botella 70 cl
alcohol	bebida	Ron añejo 7 años Havana 70 cl
alcohol	bebida	Ron añejo Barceló 70 cl
alcohol	bebida	Ron añejo Havana 70 cl
alcohol	bebida	Ron añejo Negrita 50 cl
alcohol	bebida	Ron añejo Santa Teresa 70 cl
alcohol	bebida	Ron blanco Bacardi 70 cl
alcohol	bebida	Ron blanco Velero 70 cl
alcohol	bebida	Ron blanco superior La Recompensa
alcohol	bebida	Ron caribeño MALIBU, botella 70 cl
alcohol	bebida	Ron de coco Malibú 70 cl
alcohol	bebida	Ron dominicano BARCELÓ, botella 70 cl
alcohol	bebida	Ron dominicano viejo Velero 70 cl
alcohol	bebida	Ron viejo La Recompensa
bebidas_lata	bebida	Rosado de Verano Peñascal lata 33 cl.
galletas		Roscos de galleta con chocolate blanco chocoaros Galleteca de Dia 128 g
galletas		Roscos de galleta con chocolate blanco chocobom Gullón 128 g
panaderia		Rosquilla al cacao Hacendado
panaderia		Rosquillas García Leñero 200 g
panaderia		Rosquillas clásicas Donettes 176 g
panaderia		Rosquillas de azúcar Pelayo 250 g
panaderia		Rosquillas de pan El Molino de Dia 250 g
panaderia		Rosquillas fritas 400 g
frutos_secos		Rosquilleta plana con pipas SNATT'S, bolsa 60 g
frutos_secos		Rosquilletas con pipas Dulcesol
otros		Rosquillos 260 g
otros		Ruedas FRIT RAVICH, bolsa 50 g
otros		Rulo de cabra EROSKI MAESTRO, al corte, compra mínima 100 g
suplementos		Rutina 500mg (Essential Series)
cerdo		Rôti de cerdo relleno de bacon y cebolla (Noel)
cerdo		Rôti de cerdo relleno de jamón y queso (Noel)
untables		Rôti de cerdo relleno de piña, foie y piñones (Noel)
res		Rôti de vacuno Angus relleno de bacon, cebolla y castaña confitada (Noel)
cerdo		Rôti de vacuno relleno de vacuno y cerdo con champiñones, orejones, ciruelas, pasas y piñones (Noel)
verduras		Rúcula EROSKI, bolsa 100 g
salsas		SALSA ZERO 320 MLTomate&Albahaca SERVIVITA
salsas		SALSA ZERO Arándanos SERVIVITA
salsas		SALSA ZERO Avellana Chocolate SERVIVITA
salsas		SALSA ZERO Barbacoa picante SERVIVITA
salsas		SALSA ZERO Cesar SERVIVITA
salsas		SALSA ZERO Chocolate blanco SERVIVITA
salsas		SALSA ZERO Cookies SERVIVITA
salsas		SALSA ZERO Curry SERVIVITA
salsas		SALSA ZERO Dulce de leche SERVIVITA
salsas		SALSA ZERO Kebab SERVIVITA
salsas		SALSA ZERO Miel SERVIVITA
salsas		SALSA ZERO Miel&Mostaza SERVIVITA
salsas		SALSA ZERO Soja SERVIVITA
cerdo		SECRETO EXTRATIERNO AL VACÍO Marinado (ElPozo)
untables		SIROPE DE CARAMELO VITADULCE
leche	bebida	SIROPE DE DULCE DE LECHE VITADULCE
untables		SIROPE SABOR AZUCAR VITADULCE
zumo	bebida	SMOOTHIE DETOX BIO - CAJA 7U (Be Plus)
zumo	bebida	SMOOTHIE ENERGIZANTE BIO - CAJA 7U (Be Plus)
panaderia		SOBAOS 12U (Dulcesol)
suplementos		SOD (superóxido dismutasa) (TetraSOD®) 25mg (Essential Series)
panaderia		SOLES AZÚCAR 3U (Dulcesol)
bebidas_lata	bebida	SUB9 ENERGY DRINK - Bebida Energética Monodosis Sabor Sandía (226ERS)
bebidas	bebida	SUB9 ENERGY DRINK MANGO - OUTLET - Mango (226ERS)
suplementos		SUB9 SALTS ELECTROLYTES - Electrolitos (226ERS)
otros		SUPER FLAXSEED OIL ALA 50% - GREENDAY®
suplementos		SWEET DREAM [ ] (bigsuplements)
chocolates		Sabera con cacao Dulcesol
bebidas	bebida	Saborizante en polvo para aminoácidos y bebidas deportivas Flavours Amino Acids Sport Apple (Flavour Series)
proteina		Saborizante en polvo para proteínas lácteas Flavours Milk Protein Banoffe (Flavour Series)
proteina		Saborizante en polvo para proteínas vegetales Flavours System For Vegan Proteins Frappe Latte (Flavour Series)
bebidas	bebida	Saborizantes en polvo para aminoácidos y bebidas deportivas - pack degustación (HSN Packs)
proteina		Saborizantes en polvo para proteínas lácteas - pack degustación (HSN Packs)
proteina		Saborizantes en polvo para proteínas vegetales - pack degustación (HSN Packs)
suplementos		Saccharomyces boulardii 10B UFC (Essential Series)
especias		Sal con yodo más flúor Costa 1 Kg
verduras		Sal de ajo Hacendado
especias		Sal de alta cocina para hornear Costa 2 kg
frutas		Sal de fruta Costa 150 g
especias		Sal marina plus+ Costa 1 Kg
especias		Sal sana 50% menos de sodio Carmencita 250 g
embutidos		Salami 80g (Noel)
embutidos		Salami Palaciego CAMPOFRÍO, al corte, compra mínima 100 g
embutidos		Salami a las finas hierbas CAMPOFRÍO, al corte, compra mínima 100 g
embutidos		Salami extra GOIKOA, bandeja 70 g
embutidos		Salami extra pimienta Hacendado finas lonchas
embutidos		Salchicha De Cerdo Fresca Casera 1954 (ElPozo)
embutidos		Salchicha Frankfurt PICKEN, sobre 300 g
embutidos		Salchicha Viena EROSKI, sobre 200 g
embutidos		Salchicha big Frankfurt ELPOZO, pack 3x200 g
embutidos		Salchicha con queso EROSKI, sobre 200 g
embutidos		Salchicha de vacuno BIKAIN, al peso, compra mínima 250 g
embutidos		Salchicha fresca LUIS THATE, bandeja aprox. 350 g
embutidos		Salchicha king pechuga de pavo EL POZO, sobre 330 g
embutidos		Salchicha king queso EL POZO, sobre 330 g
embutidos		Salchicha veggie alemana EROSKI, sobre 200 g
embutidos		Salchicha veggie de quinoa y tofu EROSKI, sobre 200 g
embutidos		Salchichas BIG pavo El Pozo sin gluten pack de 3 unidades de 200 g.
embutidos		Salchichas BIG queso El Pozo sin gluten pack de 3 unidades de 200 g.
embutidos		Salchichas Baviera (Campofrío)
embutidos		Salchichas Bockwurst CASA WESTFALIA, sobre 270 g
embutidos		Salchichas Bratwurst de pavo LARRASOAÑA, sobre 300 g
embutidos		Salchichas Frankfurt 75% pollo y pavo Casa westfalia 180 g
embutidos		Salchichas Frankfurt Alta en Proteínas (Campofrío)
embutidos		Salchichas Frankfurt EROSKI basic, pack 4x160 g
embutidos		Salchichas Frankfurt artesanas Schara 340 g
embutidos		Salchichas Frankfurt de pavo LARRASOAÑA, sobre 300 g
embutidos		Salchichas Viena Vegetariana (Campofrío)
snacks		Salchichas aperitivo MEICA, frasco 260 g
embutidos		Salchichas artesana SCHARA, sobre 170 g
embutidos		Salchichas big de pollo ELPOZO, pack 3x200 g
embutidos		Salchichas blanca ALEJANDRO, sobre 250 g
embutidos		Salchichas bocata barbacoa ARGAL, sobre 230 g
embutidos		Salchichas bratwurst Dia Selección Mundial 270 g
embutidos		Salchichas de Pollo Medianas (Campofrío)
embutidos		Salchichas de pechuga de pavo King El Pozo sin gluten 330 g.
embutidos		Salchichas de pollo ecológica Carrefour Bio 300 g
embutidos		Salchichas estilo Frankfurt Serrana Hacendado de cerdo y pollo
embutidos		Salchichas frankfurt sabor queso Simpl sin gluten pack de 4 unidades de 140 g.
embutidos		Salchichas grandes con queso Dia Funky Frank 330 g
embutidos		Salchichas hot dog 82% Casa westfalia 150 g
embutidos		Salchichas super bocata EROSKI, sobre 330 g
embutidos		Salchichas viena de pollo Dia Funky Frank 200 g
embutidos		Salchichón (Noel)
embutidos		Salchichón Con Trufa (ElPozo)
embutidos		Salchichón Extra (ElPozo)
embutidos		Salchichón Extra 90g (Noel)
embutidos		Salchichón Ibérico (ElPozo)
embutidos		Salchichón Ibérico 90g (Noel)
embutidos		Salchichón Ibérico extra en lonchas IberSierra sin gluten y sin lactosa 100 g
embutidos		Salchichón Montañés (ElPozo)
embutidos		Salchichón Nobleza Extra (ElPozo)
embutidos		Salchichón Salamanca EROSKI Maestro, al corte, compra mínima 100 g
embutidos		Salchichón de Bellota Ibérica 100% Raza Ibérica en vela Sánchez Romero Carvajal sin gluten 200 g
embutidos		Salchichón de Salamanca extra EROSKI Maestro, pack 2x75 g
embutidos		Salchichón de cebo ibérico cortado a máquina
embutidos		Salchichón de pavo (Campofrío)
embutidos		Salchichón de pavo ELPOZO, bandeja 65 g
embutidos		Salchichón extra EROSKI BASIC, pack 4x45 g
embutidos		Salchichón ibérico NAVIDUL Gran Selección, sobre 100 g
embutidos		Salchichón ibérico NAVIDUL, sobre 45 g
embutidos		Salchichón ibérico de cebo DELICATAPAS, sobre 40 g
embutidos		Salchichón ibérico extra Villar maestros del corte 90 g
embutidos		Salchichón nobleza ELPOZO, al corte, compra mínima 100 g
embutidos		Salchichón picado grueso (Noel)
otros		Salmas clásicas SANISSIMO, caja 144 g
instantanea	bebida	Salmorejo Alvalle pack de 2 unidades de 1 l.
instantanea	bebida	Salmorejo Dia Al Punto 330 ml
instantanea		Salmorejo Fresco (SOULFRESH)
instantanea	bebida	Salmorejo fresco Carrefour Original 330 ml.
instantanea		Salmorejo fresco con aceite de oliva García Millán 330 ml
pescado		Salmón ahumado EROSKI SELEQTIA, sobre 90 g
pescado		Salmón ahumado Noruego Dia Selección Mundial 200 g
pescado		Salmón ahumado ROYAL, sobre 75 g
pescado		Salmón ahumado corte sashimi DOMINGUEZ, bandeja 150 g
pescado		Salmón ahumado reducido sal duo EROSKI, pack 2x50 g
pescado		Salmón al natural (Calvo)
pescado		Salmón al natural alto en proteínas Dia mari marinera 2 x 50 g Dia Mari Marinera 2 x 50 g
pescado		Salmón al natural con quiona blanca Solo Solution 220 g.
pescado		Salmón con arroz al wok GIRALDO, bandeja 270 g
pescado		Salmón nature sin ahumar MARTIKO, sobre 80 g
pescado		Salmón noruego (Quamtrax)
pescado		Salmón salvaje en AOVE (Pesasur)
mariscos		Salpicón de marisco Selección de Dia 400 g
salsas		Salsa Barbacoa Zero - Boloñesa (Prozis)
salsas		Salsa Barbacoa Zero - Mostaza con miel (Prozis)
salsas		Salsa Barbacoa Zero - Teriyaki (Prozis)
salsas		Salsa Bechamel 200g: lista para usar (Central Lechera Asturiana)
salsas		Salsa Brava EROSKI, bote 330 g
salsas		Salsa César EROSKI, bote 300 g
salsas		Salsa César FLORETTE, botella 250 ml
salsas		Salsa Cézar Zero - Chipotle (Prozis)
salsas		Salsa Cézar Zero - César (Prozis)
salsas		Salsa Cézar Zero - Yogur (Prozis)
salsas		Salsa Korean BBQ Heinz 220 ml.
salsas		Salsa Ligeresa sin lactosa envase 580 ml.
salsas		Salsa Roquefort - Gallina Blanca
salsas		Salsa Sriracha GO-TAN, frasco 215 ml
salsas		Salsa Tamari VERITAS, botella 250 ml
salsas		Salsa Teriyaki Zero - Mostaza con miel (Prozis)
salsas		Salsa Tártara Calvé sin gluten 210 ml.
salsas		Salsa Worcestershire LEA&PERRINS, frasco 150 ml
salsas		Salsa Yogurt - Productos Florette
salsas		Salsa agridulce COOSUR, frasco 250 ml
salsas		Salsa agridulce Maggi 355 g
salsas		Salsa alioli CHOVI, bote 250 g
salsas		Salsa alioli HEINZ, bocabajo 220 g
salsas		Salsa arrabiata LA MOLISANA, frasco 340 g
salsas		Salsa barbacoa Dia Salseo 360 g
salsas		Salsa barbacoa Heinz envase 400 ml.
salsas		Salsa barbacoa Hellmann's 285 g
salsas		Salsa barbacoa SALSAS ASTURIANAS, bote 1 kg
salsas		Salsa barbacoa al bourbon Sensation Carrefour sin gluten bote 330 g.
salsas		Salsa barbacoa classic HEINZ, bocabajo 400 ml
salsas		Salsa barbacoa con miel HP envase 465 g.
salsas		Salsa barbacoa original BULL'S EYE, bote 355 g
salsas		Salsa barbacoa original Sweet Baby Ray´s sin gluten 510 g.
salsas		Salsa barbacoa y miel Honey Barbecue Sauce (Food Series)
salsas		Salsa basilico EROSKI, frasco 350 g
salsas		Salsa basílico GALLO, frasco 350 g
salsas		Salsa bechamel UHT ASTURIANA, pack 3x200 ml
salsas		Salsa boloñesa EROSKI, frasco 350 g
salsas		Salsa boloñesa GAROFALO, frasco 340
salsas		Salsa boloñesa Gallo 350 g
salsas		Salsa brava Dia Salseo 300 g
salsas		Salsa brava Hellmann's sin gluten envase 250 ml.
salsas		Salsa brava Orlando 290 g
salsas		Salsa burger Dia Salseo 320 g
salsas		Salsa burger Hellmann's envase 250 ml.
salsas		Salsa burguer con pepinillos Sensation Carrefour sin gluten bote 315 g.
salsas		Salsa carbonara GALLO, frasco 330 g
salsas		Salsa carbonara Gallo 330 g
salsas		Salsa cheddar Asturianas sin gluten envase 260 g.
salsas		Salsa chile y lima Tajin 308 ml.
salsas		Salsa chili dulce GO TAN, frasco 270 ml
salsas		Salsa chilindrón Gallina Blanca 52 g
salsas		Salsa coctail Classic Carrefour sin gluten y sin lactosa envase 300 g.
salsas		Salsa curry y mango Heinz envase 220 ml.
salsas		Salsa de Módena-miel FLORETTE, botella 250 ml
salsas		Salsa de Pizza (SOULFRESH)
salsas		Salsa de Soja Tamari Bio 250 ml Ecosana (Drasanvi)
salsas		Salsa de Soja Tamari Bio 500 ml Ecosana (Drasanvi)
salsas		Salsa de ají nativo GOYA, frasco 200 ml
salsas		Salsa de cebolla caramelizada Ybarra 250 ml
salsas		Salsa de mostaza con miel SALSAS ASTURIANAS, frasco 210 g
salsas		Salsa de patatas deluxe HELLMANN'S, bocabajo 250 g
salsas		Salsa de queso Doritos 280 g
salsas		Salsa de queso de cabrales SALSAS ASTURIANAS, frasco 190 g
salsas		Salsa de ragú boloñesa RUMMO, frasco 340 g
salsas		Salsa de soja HEINZ, frasco 150 g
salsas		Salsa de soja Heinz 150 ml
salsas		Salsa de soja KIKKOMAN, botella 1 litro
salsas		Salsa de soja VERITAS, botella 250 ml
salsas		Salsa de soja gluten free KIKKOMAN, frasco 250 g
salsas		Salsa de soja sin gluten YANG-TSE, botellín 150 ml
salsas		Salsa de trufa Extra Carrefour 95 g.
salsas		Salsa de yogur EROSKI, bote 300 g
salsas		Salsa dulce de pimiento asado La vieja fábrica 280 g
salsas		Salsa dulce de pimiento y jalapeño La vieja fábrica 280 g
salsas		Salsa fina CALVE, bocabajo 430 ml
salsas		Salsa fina CALVE, frasco 210 ml
salsas		Salsa fina Ligeresa 425 ml
salsas		Salsa gaucha Ybarra 250 ml
salsas		Salsa jalapeño asado Ybarra 250 ml
salsas		Salsa ligera LIGERESA, frasco 425 ml
salsas		Salsa mexicana picante Hellmann's sin gluten envase 250 ml.
salsas		Salsa mexicana verde La Costeña 220 g
salsas		Salsa mostaza y miel Honey Mustard Sauce (Food Series)
salsas		Salsa muy picante Valentina envase 370 g.
salsas		Salsa nachos Dip Mexifoods 300 g.
salsas		Salsa napoletana GAROFALO, frasco 340 g
salsas		Salsa napolitana EROSKI, frasco 350 g
salsas		Salsa napolitana para pasta HELIOS, frasco 380 g
salsas		Salsa parmigiana GAROFALO, frasco 340 g
salsas		Salsa pesto GALLO, frasco 190 g
salsas		Salsa pesto con tomate y frutos secos Extra Carrefour 220 g.
salsas		Salsa pesto genovese DE CECCO, frasco 190 g
salsas		Salsa pesto rojo (Food Series)
salsas		Salsa pesto rosso EROSKI, frasco 190 g
salsas		Salsa picante SALSAS ASTURIANAS, frasco 105 g
salsas		Salsa picante Salsas Asturianas 100 g
salsas		Salsa picante TABASCO, frasco 60 g
salsas		Salsa picante Tabasco botella 60 ml.
salsas		Salsa picante chipotle TABASCO, frasco 60 g
salsas		Salsa picante chipotle Tabasco botella 60 ml.
salsas		Salsa picante habanero TABASCO, frasco 60 ml
salsas		Salsa picante intenso Carolina Reaper DR. SALSAS, frasco 150 ml
salsas		Salsa picante intenso chile habanero DR. SALSAS, frasco 150 ml
salsas		Salsa picante medio chipotle DOCTOR SALSAS, frasco 150 ml
salsas		Salsa pil-pil GIRALDO, bolsa 125 g
salsas		Salsa pimiento jalapeño CHOVI, frasco 60 g
salsas		Salsa queso cheddar Cheese Sauce 350Glabel 00 1 1.Webp (Food Series)
salsas		Salsa ranchera Dia Salseo 300 g
salsas		Salsa ranchera Hellmann's 245 ml
salsas		Salsa ricotta EROSKI, frasco 350 g
salsas		Salsa rosa CALVE, frasco 225 ml
salsas		Salsa sriracha hot chilli Go-tang 215 ml
salsas		Salsa sweet chili suave Hellmann's envase 250 ml.
salsas		Salsa sweet chilli HEINZ, bocabajo 220 ml
salsas		Salsa teriyaki MAGGI, frasco 355 g
salsas		Salsa tikka masala Maggi 340 g
salsas		Salsa tikka masala PATAK'S, frasco 450 g
salsas		Salsa tomate con trufa (Food Series)
salsas		Salsa tomate zero azucares añadidos EROSKI, bote 530 g
salsas		Salsa trufada TARTUFI JIMMY, frasco 90 g
salsas		Salsa tártara CALVÉ, frasco 210 ml
salsas		Salsa vegetal vegana HELLMANNS, frasco 340 ml
salsas		Salsa wok KIKKOMAN, frasco 250 ml
salsas		Salsas y siropes HSN - pack degustación (HSN Packs)
otros		Salteado campestre FINDUS Salto, bolsa 500 g
mariscos		Salteado de ajo tierno, espárragos verdes y gamba Congelados de Navarra 1 kg
mariscos		Salteado de ajos tiernos y gambas EROSKI, bolsa 450 g
verduras		Salteado de judía-berenjena-zanahoria EROSKI, bolsa 450 g
verduras		Salteado de judías-brócoli-champiñones EROSKI, bolsa 450 g
embutidos		Salteado de patata y salchicha CN, bolsa 450 g
granos		Salteado de quinoa CONGELADOS DE NAVARRA, bolsa 400 g
mariscos		Salteado de setas-gambas EROSKI, bolsa 450 g
verduras		Salteado de verduras Dia Al Punto 400 g
pollo		Salteado de verduras con pollo EROSKI, bolsa 450 g
granos		Salteado de verduras con quinoa CARRETILLA, bandeja 250 g
granos		Salteado de verduras con quinoa Carretilla sin gluten 250 g.
verduras		Salteado de verduras receta campestre Findus-Salteados 500 g.
otros		Salteado receta campestre Findus 500 g
otros		Salteado tradicional FINDUS Salto, bolsa 500 g
verduras		Salteado verduras receta tradicional Findus-Salteados 500 g.
bebidas	bebida	Salty almond energy bar (Food Series)
suplementos		Salud articular Osteo DW – Musclecore™
suplementos		Salud femenina Candida Support (Vitobest)
suplementos		Salud femenina Myo+D-Chiro Inositol Complex - Neutro (Vitobest)
frutas		Salud femenina Myo+D-Chiro Inositol Complex - Uva Negra (Vitobest)
cereales		Salvado de avena crujiente NATUR TIERRA, paquete 250 g
cereales		Salvado de avena ecológico ECOZEN, bolsa 350 g
otros		San Jacobo EROSKI, al peso, compra mínima 250 g
cerdo		San Jacobos de cerdo sin gluten
chocolates		Sandwich Dubai chocolate MENORQUINA, pack 6x85 ml
fiambres		Sandwich Hookies de crema sin gluten GULLON, caja 230 g
yogurt		Sandwich Yogurt Con Avena Y Frutos Rojos Vitalday (Gullón)
fiambres		Sandwich de nata Nestlé 6 ud.
alcohol	bebida	Sangria CASTILLO DE ARESO, botella 1, 5 litros
alcohol	bebida	Sangría Fiesta del Dia 1.5 L
otros		Sangría Rosé Casón Histórico
pescado		Sardina en aceite ORTIZ, frasco 190 g
pescado		Sardina en aceite de girasol EROSKI BASIC, lata 115 g
pescado		Sardina en aceite de oliva 3/5 piezas EROSKI, lata 115 g
pescado		Sardina en tomate EROSKI, lata 115 g
pescado		Sardina picante con guindilla ISABEL, lata 81 g
pescado		Sardina salvaje en AOVE (Pesasur)
pescado		Sardinas en aceite de girasol (Calvo)
pescado		Sardinas en aceite de oliva Albo 85 g
pescado		Sardinas en aceite de oliva bajo en sal (Calvo)
pescado		Sardinas en aceite de oliva extra ecológico Planeta Huerto 133 g.
pescado		Sardinas en aceite vegetal Boya 63 g
pescado		Sardinas en escabeche (Calvo)
pescado		Sardinas en salsa de tomate (Calvo)
pescado		Sardinas en tomate Ribeira sin gluten 85 g.
pescado		Sardinas picantes Albo 85 g
aceites		Sardinilla en aceite de Oliva ISABEL, lata 57 g
pescado		Sardinilla en escabeche Extra Carrefour pack 2 latas de 65 g.
frutas		Sardinillas al limón Dia Mari Marinera 65 g
aceites		Sardinillas en aceite de girasol Classic Carrefour pack de 2 unidades de 65 g.
aceites		Sardinillas en aceite de girasol Dia Mari Marinera 65 g
aceites		Sardinillas en aceite de oliva (Calvo)
aceites		Sardinillas en aceite de oliva Cabo de Peñas 62 g
aceites		Sardinillas en aceite picante Ribeira 60 g
salsas		Sasrdinas en salsa de tomate Extra Carrefour pack de 2 latas de 88 g.
otros		Savoiardi sin gluten SCHAR, paquete 200 g
especias		Sazonador barbacoa Dia Vegecampo 80 g
especias		Sazonador hierbas provenzales Hacendado para pollo y costillas
especias		Sazonador para burritos Hacendado
especias		Sazonador para fajitas Hacendado sabor tex-mex
especias		Sazonador para fajitas OLD EL PASO, sobre 30 g
especias		Sazonador para fajitas mix air fryer Maggi 27 g
especias		Sazonador para pollo asado Maggi 34 g
especias		Sazonador patatas fritas Dia Vegecampo 65 g
especias		Sazonador pollo Dia Vegecampo 110 g
bebidas_lata	bebida	Schweppes de limón zero lata 33 cl.
bebidas_lata	bebida	Schweppes de pomelo lata 330 ml
cerdo		Secreto Cerdo (ElPozo)
carne_vegetal		Seitán en lonchas ecológico Soria Natural 300 g.
verduras		Selección de setas enteras Findus 300 g.
verduras		Selección verduras al vapor FINDUS Gourmet, bolsa 350 g
suplementos		Selenio 100mcg (Now Foods)
suplementos		Selenio 200mcg (Now Foods)
otros		Selenio Natural ProVegan - Greenday®
suplementos		Selenio: Cabello, piel y uñas (Prozis)
suplementos		SelenoExcell® selenio 200mcg (Swanson)
fiambres		Sellos Bacon (ElPozo)
fiambres		Sellos Fiambre York (ElPozo)
semillas		Semilla Amapola Bio 250 g Ecosana (Drasanvi)
semillas		Semilla Chia Bio 250 g Ecosana (Drasanvi)
semillas		Semilla Cáñamo Bio 225 g Doypack Superalimentos Drasanvi
semillas		Semilla Lino Dorado 500 g Natursana (Drasanvi)
semillas		Semilla Lino Dorado Bio 250 g Ecosana (Drasanvi)
semillas		Semilla Lino Marrón Bio 250 g Ecosana (Drasanvi)
semillas		Semilla de Chía Bio (NaturGreen)
semillas		Semilla de Chía Bio 250 g Doypack Superalimentos Drasanvi
semillas		Semilla de calabaza ecológicas Paño Naturae sin gluten doy pack 175 g.
semillas		Semillas de Calabaza Bio 250 g Ecosana (Drasanvi)
semillas		Semillas de Chía Bio 500g (NaturGreen)
semillas		Semillas de Girasol Bio 250 g Ecosana (Drasanvi)
semillas		Semillas de amapola Poppy Seeds (Food Series)
semillas		Semillas de calabaza VERITAS, bolsa 500 g
semillas		Semillas de cañamo LINWOODS, sobre 225 g
semillas		Semillas de chia EROSKI BIO, bolsa 250 g
semillas		Semillas de chia VERITAS, bolsa 250 g
semillas		Semillas de chía - Semillas de chía (Prozis)
semillas		Semillas de chía - Semillas de lino marrón (Prozis)
semillas		Semillas de chía Ecocesta 160 g
semillas		Semillas de chía Seeds (Food Series)
semillas		Semillas de chía ecológicas Carrefour Bio 250 g.
semillas		Semillas de lino EROSKI, bolsa 200 g
semillas		Semillas de lino LINWOODS, bolsa 200 g
semillas		Semillas de lino VERITAS, bolsa 500 g
semillas		Semillas de lino marrón Brown Flaxseeds (Food Series)
semillas		Semillas de lino-chia-manzana LINWOODS, bolsa 200 g
semillas		Semillas de sésamo blanco peladas White Sesame Seeds (Food Series)
semillas		Semillas molidas de lino con coco y almendra Ecocesta 200 g
hamburguesas		Sensational Burger (Garden Gourmet)
mariscos		Sepia Selección de Dia 380 g aprox.
mariscos		Sepia cocida troceada al ajillo EROSKI, bandeja 200 g
mariscos		Sepia faraónica limpia grande Pescanova 350 g
mariscos		Sepia grande PESCANOVA, bandeja 350 g
mariscos		Sepia limpia ALIGATOR, bandeja 350 g
mariscos		Sepia limpia descongelada EROSKI, bandeja aprox. 500 g
mariscos		Sepia limpia, al peso, compra mínima 500 g
aceites		Set aliño aceite de oliva, vinagre y sal Capricho Andaluz 1 unidad
verduras		Setas mezcla EROSKI, bolsa 450 g
verduras		Setas shiitake al natural Sensation Carrefour 180 g.
suplementos		Shiitake Bio 125 g Doypack Superalimentos Drasanvi
suplementos		Shilajit 60 Cápsulas Drasanvi
dulces		Shilajit 60 gominolas sabor grosella negra Drasanvi
proteina		Shot Pre-Entreno Bayas Agrias (Myprotein)
alcohol	bebida	Sidra D.O. Euskal Sagardoa Eroski SELEQTIA, botella 75 cl
alcohol	bebida	Sidra De Nuestra Tierra D.O.P. Asturias 70 cl.
alcohol	bebida	Sidra Menendez natural 70 cl.
alcohol	bebida	Sidra Natural MENÉNDEZ, botella 70 cl
alcohol	bebida	Sidra Petritegi 0,0% alcohol sin gluten 75 cl.
alcohol	bebida	Sidra ecológica Maeloc achampanada extra botella 75 cl.
alcohol	bebida	Sidra extra EROSKI, botella 75 cl
alcohol	bebida	Sidra natural Cortina 70 cl
alcohol	bebida	Sidra natural D.O. Euskal Sagardoa ISASTEGI, lata 33 cl
alcohol	bebida	Sidra natural Gorenak BEGIRISTAIN, botella 75 cl
alcohol	bebida	Sidra natural de Gipuzkoa Gorenak ZAPIAIN, botella 75 cl
suplementos		Silicio natural complex (Essential Series)
bebidas	bebida	Siluet 360º Detox 600 ml Drasanvi
bebidas	bebida	Siluet 360º Drenante 600 ml Drasanvi
suplementos		Siluet 360º Morosil 30 comprimidos Drasanvi
bebidas	bebida	Siluet 360º Quemador 600 ml Drasanvi
bebidas	bebida	Siluet 360º Vientre Plano 600 ml Drasanvi
dulces		Siluet 360º Vinagre de Manzana 40 gominolas Drasanvi
bebidas	bebida	Simon Life de mandarina 330 ml
bebidas	bebida	Simon Life de mango 330 ml
bebidas	bebida	Simon life de naranja 1,5 L
untables		Sirope Indulgent - Chocolate blanco y avellanas (Prozis)
untables		Sirope Indulgent - Chocolate blanco y avellanas - Avellanas con chocolate con leche (Prozis)
untables		Sirope Indulgent - Chocolate blanco y avellanas - Caramelo salado (Prozis)
untables		Sirope Indulgent - Chocolate blanco y avellanas - Chocolate blanco - Avellana (Prozis)
untables		Sirope Sin Azúcar Frambuesa (Myprotein)
untables		Sirope arándano azul Blueberry Syrup (Food Series)
untables		Sirope chocolate blanco White Syrup (Food Series)
untables		Sirope chocolate blanco y fresa White Strawberry Syrup 350 (Food Series)
untables		Sirope de Agave Bio Dark (NaturGreen)
untables		Sirope de Arce Zero - Frambuesa (Prozis)
untables		Sirope de Chocolate y Coco Zero (Prozis)
untables		Sirope de Frambuesa Zero - Arce (Prozis)
untables		Sirope de agave - Sirope de agave orgánico (Prozis)
untables		Sirope de agave - Sirope de dátil orgánico (Prozis)
untables		Sirope de agave - Sirope de flor de coco orgánico (Prozis)
untables		Sirope de caramelo 0% HELIOS, bote 270 g
untables		Sirope de caramelo HELIOS, bote 295 g
untables		Sirope de caña antigoteo Ramiflor 500 g
untables		Sirope de chocolate 0% HELIOS, bote 270 g
untables		Sirope de chocolate Delimagic de Dia 295 g
untables		Sirope de fresa Delimagic de Dia 295 g
untables		Sirope de pistacho Molino Real sin gluten 300 g.
suplementos		Skin Care * (Essential Series)
suplementos		Skin elixir complex* (Essential Series)
otros		Skyr Natural x4 - Danone
proteina		Skyr natural alto en proteínas Danone 4 x 100 g
otros		Skyr vegetal natural Sojasun 400 g.
suplementos		Sleep Care * (Essential Series)
suplementos		Sleep Care en polvo * Powder (Essential Series)
bebidas	bebida	Slimina 250 ml Drasanvi
zumo	bebida	Smoothie Bowl - Asaí y Arándano (Prozis)
zumo	bebida	Smoothie antioxidante Dia Naturmundo 150 ml
zumo	bebida	Smoothie de frutos rojos TRUE FRUITS, botellín 250 ml
zumo	bebida	Smoothie de mango-fruta pasión TRUE FRUITS, botellín 250 ml
zumo	bebida	Smoothie de manzana y jengibre Dia Saborfera 250 ml
zumo	bebida	Smoothie detox Dia Naturmundo 150 ml
zumo	bebida	Smoothie dragón fruits TRUE FRUITS, botellín 250 ml
zumo	bebida	Smoothie energy Dia Naturmundo 150 ml
zumo	bebida	Smoothie para el desayuno Fresa y Plátano (Myprotein)
zumo	bebida	Smoothie verde TRUE FRUITS, botellín 250 ml
snacks		Snack Bio de maíz, avena y plátano HERO, bolsa 25 g
snacks		Snack Cookies Cake Dulcesol
snacks		Snack ExtraCao Dulcesol
snacks		Snack Fuet Original (ElPozo)
snacks		Snack Guait Dulcesol
bebidas	bebida	Snack NESQUIK, pack 4x26 g
snacks		Snack SCHÄR, paquete 105 g
snacks		Snack alto en proteínas de chocolate negro y coco Just Loading sin gluten pack 3 unidades de 27 g.
snacks		Snack brown Dulcesol
snacks		Snack bucking ranch Takis 130 g.
snacks		Snack cacao con relleno sabor trufa Dulcesol
snacks		Snack cheese cake Dulcesol
snacks		Snack con sésamo y sal CRUJÍO, bolsa 126 g
snacks		Snack de lenteja sabor aceituna negra y especias Dia Naturmundo 95 g
snacks		Snack de manzana FLORETTE, bolsa 80 g
snacks		Snack de maíz DORITOS, bolsa 150 g
infantil		Snack de maíz con aceite oliva HERO SOLO BIO, bolsa 38 g
snacks		Snack de maíz sabor Tijuana Gublins Grefusa sin gluten 135 g.
snacks		Snack de pollo y pato para perro Pedigree Tasty Mini 130 g.
snacks		Snack de queso PRESIDENT, rulo 180 g
snacks		Snack de vacuno y queso para perro Pedigree Tasty Mini 140 g.
snacks		Snack decorado Dulcesol
snacks		Snack gelatina de pollo y pato para gato Jelly Lovers Vitakraft 6x15 g.
snacks		Snack infantil dino puffs pizza Goodies 12 g
infantil		Snack infantil flores de lenteja y maíz desde 10 meses ecológico Danone Blédina sin gluten 20 g.
infantil		Snack infantil tubitos de zanahoria y maíz desde 8 meses ecológico Danone Blédina sin gluten y sin azúcar añadido 20 g.
snacks		Snack líquido con ternera e inulina para gato Vitakraft 6x15 g.
snacks		Snack pinky relleno sabor nata Dulcesol
snacks		Snack sal marina SUNBITES, bolsa 95 g
snacks		Snack tiramisú cake con crema mascarpone Dulcesol
snacks		Snack vegetal de garbanzos Sensation Carrefour 100 g.
snacks		Snack volcano Takis 130 g.
snacks		Snack zebra Dulcesol
snacks		Snacks Jamoninos x Disney 5x25gr (Campofrío)
snacks		Snacks Polloninos x Disney 5x25gr (Campofrío)
snacks		Snacks bio de garbanzos GERBLÉ BIO, bolsa 70 g
snacks		Snacks bio de quinoa GERBLÉ BIO, bolsa 70 g
snacks		Snacks bio maíz GERBLE BIO, bolsa 75 g
infantil		Snacks de cereales con frambuesa desde 8 meses ecológico Gerber sin azúcar añadido 35 g.
snacks		Snacks de chifles de plátano sabor chile y limón Tortolines 70 g.
snacks		Snacks de chocolate negro EROSKI, caja 200 g
snacks		Snacks de chocolate-leche EROSKI, caja 200 g
snacks		Snacks de lentejas GERBLE BIO, bolsa 65 g
snacks		Snacks de pollo para gatos Catisfactions 180 g.
snacks		Snacks de pollo para gatos Catisfactions 60 g.
snacks		Snacks de pollo para perros cachorros Pedigree Tasty Minis Junior 125 g.
snacks		Snacks de pollo y bacon para perro Pedigree Rodeo Duos 123 g.
snacks		Snacks de pollo y pato para gatos Catisfactions 60 g.
snacks		Snacks de salmón para gatos Catisfactions 180 g.
snacks		Snacks dental para perros medianos Pedigree Dentastix Fresh pack de 28 unidades
snacks		Snacks hierba gatera para gatos Catisfactions 60 g.
snacks		Snacks infantil de fresa y manzana ecológico Smileat 25 g.
otros		Sneken sabor a pizza 1 ud.
panaderia		Sobao JOSELÍN, 12 unid., paquete 650 g
panaderia		Sobao Pasiego I.G.P. SELEQTIA, 6 uds, paquete 330 g
panaderia		Sobao de mantequilla EROSKI, paquete 380 g
panaderia		Sobao pasiego grande EROSKI, 18 uds., caja 700 g
panaderia		Sobao pequeño EROSKI basic, 36 unid., paquete 700 g
panaderia		Sobaos Carrefour Classic 480 g.
panaderia		Sobaos Dulcesol
embutidos		Sobrasada etiqueta negra EL ZAGAL, tarrina 200 g
salsas		Sofrito Casero de Tomate y Verduras - Gallina Blanca
soja		Soja Amarilla Bio 3 kg Ecosana (Drasanvi)
soja		Soja Texturizada Fina Bio 225 g Ecosana (Drasanvi)
soja		Soja fina texturizada instantánea VERITAS, paquete 250 g
soja		Soja texturizada fina ecológica Ecocesta 250 g.
otros		Sol. Extrat. Bbq Koreana (ElPozo)
panaderia		Soles azúcar Dulcesol
chocolates		Soles de cacao Dulcesol
chocolates		Soles mini cacao Dulcesol
frutas		Solo fruta 100% eco de manzana-fresa-plátano HERO, doypack 100 g
pescado		Solomillo de bacalao sin piel Dia Mari Marinera 300 g
cerdo		Solomillo de cerdo (Noel)
cerdo		Solomillo de cerdo adobado a la barbacoa EL POZO, sobre aprox. 626 g
cerdo		Solomillo de cerdo marinado congelado
pavo		Solomillo de pavo Selección de Dia 500 g aprox.
pollo		Solomillo de pollo congelado Luxus 700 g
chocolates		Soluble de cacao EROSKI BASIC, bote 900 g
instantanea		Sopa Thai de fideos, setas y coco Knorr 69 g.
instantanea		Sopa de Cebolla - Gallina Blanca
instantanea		Sopa de Cocido - Gallina Blanca
instantanea		Sopa de Pollo con Maravilla - Gallina Blanca
instantanea		Sopa de cebolla Calnort sobre de 50 g.
instantanea		Sopa de cebolla Classic Carrefour 51 g.
instantanea		Sopa de cebolla Knorr 46 g
instantanea		Sopa de fideos de Shin Ramyun Nongshim 120 g.
instantanea		Sopa de letritas Knorr 82 g.
instantanea	bebida	Sopa de pescado ITSASOKO, frasco 480 ml
instantanea		Sopa de pescado MSC LA COCINERA, caja 500 g
instantanea		Sopa de pollo con Maravilla Gallina Blanca pack de 3 sobres de 85 g.
instantanea		Sopa de pollo con cabello de angel KNORR, sobre 68 g
instantanea		Sopa de pollo con fideos Gallina Blanca 71 g
instantanea		Sopa de pollo con fideos Knorr pack de 3 unidades de 63 g.
instantanea		Sopa de pollo con maravilla Dia Al Punto 90 g
instantanea		Sopa de ternera con estrellitas Gallina Blanca pack de 3 sobres de 74 g.
instantanea		Sopa harira de hortalizas y legumbres Knorr 81 g
instantanea		Sopa jardinera con conchitas Gallina Blanca 77 g
instantanea		Sopa maravilla Dia Al Diante 500 g
instantanea		Sopa miso concentrada ITSU, 5 raciones, doypack 105 g
instantanea		Sopa pescado "Hermandad Hondarribia" ITSASOKO, frasco 480 g
instantanea		Sopinstant de pollo con picatostes Gallina Blanca 63 g
instantanea		Sopinstant de verduras con picatostes y fideos Gallina Blanca 51 g
helados		Sorbete de limón FRIGO, tarrina 1 litro
helados		Sorbetes remolino de frutas Dia Temptation 7 x 65 g
zumo	bebida	Sorbetes sabores zumo de frutas Dia Temptation 5 x 80 g
pasta		Spaghetti EROSKI basic, paquete 500 g
pasta		Spaghetti XL GALLO AL BRONCE, paquete 450 g
pasta		Spaghetti a los 3 quesos Gallina Blanca 175 g.
pasta		Spaghetti al nero di seppia EROSKI, paquete 250 g
pasta		Spaghetti sin gluten GALLO, paquete 450 g
otros		Spaguetti EROSKI BASIC, paquete 1 kg
otros		Spaguetti Nº 2 GALLO, paquete 400 g
otros		Spaguetti integral bio EROSKI BIO/ECO, paquete 500 g
carne_vegetal		Spinach Cheese Escalope (Garden Gourmet)
frutas		Sport Drink -Amix™ - Limón
bebidas_lata	bebida	Sprite de lima-limón bajo en azúcar pack 2 botellas 2 l.
tuberculos		Sticks de patata boniato VERLEAL, bolsa 350 g
suplementos		Stress Care * (Essential Series)
cafe	bebida	Strong Gainer Capuchino 3 Kg Sport Live Drasanvi
proteina		Strong Gainer Chocolate Blanco 3 Kg Sport Live Drasanvi
proteina		Strong Gainer Cookies & Cream 3 Kg Sport Live Drasanvi
proteina		Strong Gainer Doble Chocolate 3 Kg Sport Live Drasanvi
proteina		Strong Gainer Vainilla 3 Kg Sport Live Drasanvi
proteina		Strong Gainer Yogur Fresa 3 Kg Sport Live Drasanvi
otros		Sucrazero (Food Series)
chocolates		Sugar-Free Bliss: White chocolate with sweetener (Torras)
otros		Sukalki OTAR, bandeja 300 g
suplementos		Sulfato de glucosamina 1000mg (Essential Series)
suplementos		Super Alimentos Kale Bio 200 g Doypack (Drasanvi)
suplementos		Super C 1000 (Quamtrax)
suplementos		Super C 1600 (Vitobest)
suplementos		Super D-Tox (Prozis)
bebidas_lata	bebida	Super shock - Cola (Quamtrax)
frutas		Super shock - Limón (Quamtrax)
frutas		Super shock - Naranja (Quamtrax)
suplementos		Super vit (Quamtrax)
cereales		Superb Granola - Speculoos (Prozis)
cereales		Superb Granola - Speculoos - Asaí (Prozis)
cereales		Superb Granola - Speculoos - Chocolate y avellanas (Prozis)
suplementos		Suplemento de Hierro (Vitobest)
suplementos		Suplemento para la hormona del crecimiento (Vitobest)
pescado		Suprema de bacalao desalada GIRALDO MSC ESENCIAL, bandeja 350 g
pescado		Suprema de salmón ASC FINDUS, caja 200 g
proteina		Supreme 100% Vegan Protein - Chocolate (Prozis)
proteina		Supreme 100% Vegan Protein - Chocolate y avellanas (Prozis)
proteina		Supreme 100% Vegan Protein - Speculoos (Prozis)
bebidas	bebida	Supreme Whey Protein - Batido de fresa (Prozis)
proteina		Supreme Whey Protein - Chocolate blanco (Prozis)
proteina		Supreme Whey Protein - Chocolate con Leche (Prozis)
proteina		Supreme Whey Protein - Dulce de Leche (Prozis)
proteina		Supreme Whey Protein - Galletas y crema (Prozis)
proteina		Supreme Whey Protein - Matcha Latte (Prozis)
proteina		Supreme Whey Protein - Neutro (Prozis)
proteina		Supreme Whey Protein - Pastel de plátano y toffee (Prozis)
proteina		Supreme Whey Protein - Speculoos (Prozis)
proteina		Supreme Whey Protein - Vainilla francesa (Prozis)
snacks		Surtido Aperitivo Pincho Carrefour El Mercado 600 g aprox
snacks		Surtido Aperitivo de Embutido Carrefour El Mercado 600 g aprox
galletas		Surtido de galletas Zero Gullón sin azúcar añadido 319 g.
embutidos		Surtido de lomo-chorizo-salchichón EROSKI MAESTRO, sobre 700 g
otros		Surtido de picos y regañás Horno el antequerano 150 g
helados		Surtido de polos limón y naranja (Dulcesol)
chocolates		Surtido de pralinés Dia Temptation 320 g
embutidos		Surtido de salchichas selección WESTFALIA, sobre 270 g
otros		Surtido ibérico NAVIDUL Gran Selección, sobre 100 g
untables		Surtido patés de pato supreme DELICASS, pack 4x70 g
snacks		Surtido snack mini (Dulcesol)
pescado		Sushi nori BLUE DRAGON, sobre 11 g
snacks		Sustillos sabor bacon y queso Dia Snack Maniac 100 g
suplementos		Sustituto de Comida - Barquillo de vainilla (Prozis)
chocolates		Sustituto de Comida - Chocolate (Prozis)
suplementos		Sustituto de Comida - Toffee de Vainilla (Prozis)
galletas		Sándwich cookies (Dulcesol)
fiambres		Sándwich mixto Casa Tarradellas 240 g
fiambres		Sándwich sabor nata (Dulcesol)
fiambres		Sándwich sabor yogur con cereales integrales Zero Gullón sin azúcar añadido 220 g.
fiambres		Sándwich stracciatella (Dulcesol)
harinas		Sémola de trigo GALLO, paquete 250 g
semillas		Sésamo Natural Bio 250 g Ecosana (Drasanvi)
semillas		Sésamo Negro Bio 300 g Ecosana (Drasanvi)
semillas		Sésamo Tostado Bio 250 g Ecosana (Drasanvi)
semillas		Sésamo tostado Ecocesta 250 g
semillas		Sésamo tostado VERITAS, bolsa 500 g
preparados		TACOS DE TRIGO 12U - CAJA 14 PAQUETES (Dulcesol)
infantil		TARRITO VERDURAS CON MERLUZA - CAJA 8U (Be Plus)
infantil		TARRITO VERDURAS CON TERNERA - CAJA 8U (Be Plus)
panaderia		TARTA DE MANZANA 1U 300g (Hermanos Juan)
panaderia		TARTA MANZANA - CAJA 2Kg (Dulcesol)
frutas		THE Electro (Stick Pack) 20 x Cereza Negra (Myprotein)
frutas		THE Electro (Stick Pack) 20 x Naranja (Myprotein)
suplementos		THE Electro (Stick Pack) 20 x Pina Colada (Myprotein)
frutas		THE Electro (Stick Pack) 20 x Sandía (Myprotein)
frutas		THE Electro - HYROX Cereza Negra (MyPRO)
otros		THE Electro - HYROX Cítrico (MyPRO)
otros		THE Electro - HYROX Lychee (MyPRO)
frutas		THE Electro - HYROX Mango Hibisco (MyPRO)
frutas		THE Electro - HYROX Naranja (MyPRO)
otros		THE Electro - HYROX Pina Colada (MyPRO)
frutas		THE Electro - HYROX Sandía (MyPRO)
otros		THE Electro - HYROX Sin Sabor (MyPRO)
otros		THE Electro - HYROX Strawberry Margarita (MyPRO)
frutas		THE Electrofuel - HYROX Cereza Negra (Myprotein)
frutas		THE Electrofuel - HYROX Frambuesa y Limonada (Myprotein)
bebidas	bebida	THE Energy Gel (Myprotein)
proteina		THE Pre-Workout Frambuesa Azul (MyPRO)
proteina		THE Pre-Workout Naranja y Fruta de la Pasión (MyPRO)
barrita		THE Re-Fuel Bar – HYROX Edition (Myprotein)
frutas		THE Recovery - HYROX Fresa y Kiwi (Myprotein)
frutas		THE Recovery Lima y Limón (Myprotein)
frutas		THE Recovery Naranja y Mango (Myprotein)
proteina		THE Whey - Sabor pistacho (Myprotein)
proteina		THE Whey Crema de Cookies (Myprotein)
suplementos		THERMO CHILLI (Be Essential®)
suplementos		THYRO BOOSTER (Be Essential®)
postres		TIRAMISÚ - CAJA 2,7kg (Dulcesol)
postres		TIRAMISÚ CAKE 3U (Dulcesol)
proteina		TOP FLAVORS Oatmeal [ ] - BigCrac (Max Protein Oficial)
semillas		TORTA DE ANÍS Y SÉSAMO 8U (Dulcesol)
suplementos		TRIBUS MAX (Prozis)
leche	bebida	TULIPÁN Alternativa a la nata para cocinar 250 ml.
suplementos		TURRBO (bigsuplements)
quesos		Tabla de 5 quesos importación TGT 250 g.
untables		Tabla de patés Carrefour El Mercado sin gluten pack de 4 unidades de 50 g
quesos		Tabla de quesos del mundo Carrefour 300 g
quesos		Tabla de quesos madurados tradición TGT 240 g.
quesos		Tabla de quesos nacionales Hacendado
chocolates		Tableta chocolate negro hiperproteico con stevia (sin azúcar) (Food Series)
harinas		Tableta vegana de harina de chufa y almendra Lacasa sin gluten 112 g.
cerdo		Taco de lomo de cebo 50% raza ibérica NOBLEZA 375GR
cerdo		Taco jamón curado
cerdo		Tacos De Cerdo Extratiernos (ElPozo)
mariscos		Tacos de potón al ajillo Classic Carrefour 72 g.
preparados		Tacos de trigo Dulcesol
huevo		Tagliata al huevo GALLO, paquete 450 g
pasta		Tagliatelle FINDUS, sobre 300 g
pasta		Tagliatelle nero di sepia GALLO SELECCIÓN 1946, bolsa 250 g
suplementos		Tahín Bio 350 g Ecosana (Drasanvi)
otros		Takis blue heat 80 g
otros		Takis fuego 80 g
pasta		Tallarines Dia Al Diante 500 g
pasta		Tallarines EROSKI, paquete 500 g
pasta		Tallarines Gallo 400 g
pasta		Tallarines Gallo sin gluten sin lactosa 450 g.
pasta		Tallarines de arroz GO-TAN, paquete 250 g
pasta		Tallarines teriyaki con pollo 300 g
pasta		Tallarín sin gluten GALLO, paquete 500 g
verduras		Tallo de espárrago EROSKI, lata 250 g
frutas		Tang sabor naranja bolsa 30 g
suplementos		Tanning Care * (Essential Series)
cerdo		Tapa de jamón serrano, chorizo extra y queso NOEL, bandeja 118 g
quesos		Tapas Maestras de queso de oveja FLOR DE ESGUEVA, cuña 210 g
embutidos		Tapas de chorizo extra ARGAL, bandeja 80 g
cerdo		Tapas de queso de mezcla ibérico curado y lomo curado Juan Luna 90 g.
cerdo		Taquitos de Jamón Curado Light Sánchez Alcaraz sin gluten y sin lactosa 100 g
cerdo		Taquitos de cerdo
embutidos		Taquitos de chorizo Dia Nuestra Alacena 2 x 50 g
embutidos		Taquitos de chorizo GOIKOA, sobre 75 g
cerdo		Taquitos de jamón curado Dia Nuestra Alacena 2 x 75 g
cerdo		Taquitos de jamón curado EROSKI, pack 2x75 g
otros		Taquitos de mar cocidos Dia Mari Marinera 125 g
pollo		Taquitos de pollo
otros		Taralli caserecci GRAN FORNO DI PUGLIA, bolsa 250 g
otros		Tarrina Magnum bon bon cherry 12 unidades 168 g
frutos_secos		Tarrina de cacahuete alto en proteínas Dia Temptation 350 g
otros		Tarrina de frosty pop
helados		Tarrina de helado Artesano de cacao Dia Temptation 400 g
helados		Tarrina de helado Artesano de vainilla Dia Temptation 400 g
helados		Tarrina de helado Spectacu-love BEN&JERRY'S, tarrina 392 g
helados		Tarrina de helado caramel biscuit Dia Temptation 350 g
helados		Tarrina helado de Nutella 230 g
helados		Tarrina helado de Oreo mini bites 14 unidades 72 g
infantil		Tarrito bio de verdura y pollo NATUBE, tarro 250 g
infantil		Tarrito con cachitos de arroz con salmón y guisantes desde 10 meses ecológico Smileat sin gluten 230 g.
infantil		Tarrito de 3 frutas desde 4 meses Hero Baby sin gluten 190 g.
infantil		Tarrito de arroz con pavo y verduritas desde 10 meses ecológico Cachitos Smileat sin gluten 230 g.
infantil		Tarrito de bacalao con patatas y verduras desde 6 meses ecológico Smileat 230 g.
infantil		Tarrito de brócoli y guisantes con pavo desde 6 meses ecológico Gerber sin gluten 190 g.
infantil		Tarrito de cazuela de merluza a la marinera desde 8 meses Hero Baby sin gluten pack de 2 unidades de 190 g.
infantil		Tarrito de cocido de ternera desde 8 meses Hero Solo sin gluten pack de 2 unidades 190 g.
infantil		Tarrito de cocido desde 6 meses Hero Solo sin gluten 235 g.
infantil		Tarrito de crema suave de calabacín con jamón y quesito desde 6 meses Hero Baby sin gluten pack de 2 unidades de 190 g.
infantil		Tarrito de espaguetis con carne y verduras desde 10 meses Hero Solo pack de 2 unidades de 235 g.
infantil		Tarrito de frutas con avena desde 6 meses Carrefour my Baby sin gluten y sin azúcar añadido pack de 2 unidades de 200 g.
infantil		Tarrito de frutas variadas desde 4 meses Carrefour my Baby sin azúcar añadido pack de 2 unidades de 200 g.
infantil		Tarrito de frutas variadas desde 4º mes HERO, pack 2x120 g
infantil		Tarrito de frutas variadas desde 6 meses Nutribén Potitos sin gluten sin azúcar añadido 235 g.
infantil		Tarrito de frutas variadas y galleta desde 6 meses Hero Baby Merienda sin aceite de palma pack de 6 unidades de 190 g.
infantil		Tarrito de hortalizas con ternera desde 6 meses ecológico Gerber sin gluten 190 g.
infantil		Tarrito de manzana golden y plátano 4 meses Hero Solo sin gluten pack 4 unidades 100 g.
infantil		Tarrito de manzana, fresa y arándanos desde 4 meses ecológico Hero Solo sin gluten 120 g.
infantil		Tarrito de manzana, plátano y pera desde 4 meses Carrefour my Baby sin azúcar añadido pack de 2 unidades de 200 g.
infantil		Tarrito de manzana, plátano y zanahoria desde 6 meses Nutribén Potitos 235 g.
infantil		Tarrito de melocotón plátano HERO, tarro 190 g
infantil		Tarrito de menestra de cordero desde 6 meses Nutribén Potitos sin gluten 235 g.
infantil		Tarrito de pavo-verduras HERO, tarro 235 g
infantil		Tarrito de pera y manzana desde 4 meses Carrefour my Baby sin azúcar añadido pack de 2 unidades de 200 g.
infantil		Tarrito de pera y manzana desde 4 meses ecológico Hero Solo sin gluten pack de 6 unidades de 120 g.
infantil		Tarrito de pera y plátano desde 4 meses ecológico Hero Solo sin gluten 190 g.
infantil		Tarrito de pera, ciruela y plátano desde 4 meses ecológico Smileat sin gluten 130 g.
infantil		Tarrito de pollo con arroz ecológico SMILEAT, tarro 230 g
infantil		Tarrito de potaje de alubias y verduras desde 8 meses Hero Baby sin gluten pack de 2 unidades de 190 g.
infantil		Tarrito de ternera con patatas y zanahorias desde los 6 meses Nutribén Potitos sin gluten 235 g.
infantil		Tarrito de tomate, arroz y pescado blanco desde 8 meses Danone Blédina sin gluten y sin azúcar añadido 200 g.
infantil		Tarrito de verdura con pasta HERO BUENAS NOCHES, pack 2x190 g
infantil		Tarrito de verdura-pavo ecológico SMILEAT, tarro 230 g
infantil		Tarrito de verduras con alubias y ternera desde 6 meses ecológico Hero Solo sin gluten 190 g.
infantil		Tarrito de verduras con lentejas y jamón desde 10 meses Hero Baby sin gluten pack de 2 unidades de 235 g.
infantil		Tarrito de verduras con pavo HERO BUENAS NOCHES, pack 2x190 g
infantil		Tarrito de verduras con pescadilla a la crema desde 8 meses Hero Solo sin gluten pack de 6 unidades de 190 g.
infantil		Tarrito de verduras con pollo desde 6 meses Nutribén Potitos sin gluten 235 g.
infantil		Tarrito de verduras con ternera y arroz desde 10 meses Hero Solo sin gluten pack de 2 unidades de 235 g.
infantil		Tarrito de verduras hervidas HERO, tarro 235 g
infantil		Tarrito de verduras y quinoa NATUBE, tarro 250 g
infantil		Tarrito de verduritas con dorada desde 8 meses ecológico My Carrefour Baby Bio sin gluten pack de 2 unidades de 200 g.
infantil		Tarrito de verduritas con merluza desde 6 meses Hero Solo sin gluten pack de 6 unidades de 235 g.
infantil		Tarrito de verduritas con pollo desde 6 meses Hero Solo Buenas Noches sin gluten pack de 6 unidades 190 g.
infantil		Tarrito de yogur natural desde 6 meses Hero Baby sin gluten pack de 2 unidades 120 g.
infantil		Tarrito de zanahoria y tomate con pavo desde 6 meses ecológico Gerber sin gluten 190 g.
infantil		Tarrito ecológico a la jardinera de ternera HERO, tarro 190 g
infantil		Tarrito ecológico de manzana, plátano y yogur HERO, tarro 120 g
infantil		Tarrito ecológico de manzana-melocotón-plátano HERO, tarro 190 g
infantil		Tarrito ecológico de pera-manzana HERO BABY, tarro 120 g
infantil		Tarrito guiso verduras con merluza y pasta desde 10 meses Hero Solo pack de 2 unidades de 235 g.
infantil		Tarrito manzana-pera-plátano-mandarina HERO, tarro 190 g
infantil		Tarrrito de ternera con judías verdes y zanahorias desde 6 meses Nutribén Potitos sin gluten 235 g.
suplementos		Tart cherry 500mg (CherryPURE®) Extract (Essential Series)
panaderia		Tarta Donostiarra CASA ECEIZA, caja 200 g
panaderia		Tarta Goxua ECEIZA, caja 850 g
panaderia		Tarta Sacher SELEQTIA, 1 kg
panaderia		Tarta Tiramisú ECEIZA, 950 g
panaderia		Tarta biscuit de nata-yema CASA ECEIZA, caja 550 g
panaderia		Tarta bombón congelada San Martín 1 Kg
panaderia		Tarta caramel biscuit cheesecake (Dulcesol)
panaderia		Tarta carrot cake (Dulcesol)
panaderia		Tarta crujiente con sabor nata y finas láminas de cacao (Dulcesol)
panaderia		Tarta de Brownie 800 g
panaderia		Tarta de chocolate ROYAL, caja 350 g
panaderia		Tarta de limón MENORQUINA, caja 1 litro
panaderia		Tarta de mango sin gluten 450 g
panaderia		Tarta de manzana Dulcesol
panaderia		Tarta de manzana Dulcesol 135 g
panaderia		Tarta de queso DHUL, pack 2x100 g
panaderia		Tarta de queso con arándanos CASA ECEIZA, caja 500 g
panaderia		Tarta de queso con cookies congelada Dia Caprichoso 350 g
panaderia		Tarta de whisky (Dulcesol)
panaderia		Tarta de zanahoria San Martín 770 g
helados		Tarta helada Romantica Carte D'or 550 g.
helados		Tarta helada al whisky Carrefour Classic 535 g.
helados		Tarta helada al whisky Nestlé Helados 580 g.
helados		Tarta helada de whisky NESTLÉ, caja 580 g
panaderia		Tarta infantil Paw Patrol Hacendado congelada
panaderia		Tarta infantil cantantes Hacendado congelada
panaderia		Tarta infantil deportes Hacendado congelada
panaderia		Tarta infantil sin gluten 750 g
panaderia		Tarta red velvet (Dulcesol)
panaderia		Tarta roché (Dulcesol)
panaderia		Tarta sabor Nata y Yema 700 g
pescado		Tartar de salmón ahumado MARTIKO, pack 2x75 g
suplementos		Tasty drops (saborizante líquido sin calorías) - pack degustación (HSN Packs)
otros		Tasty drops (saborizante líquido sin calorías) Blueberry (Flavour Series)
otros		Tasty drops (saborizante líquido sin calorías) Lemon (Flavour Series)
otros		Tasty drops (saborizante líquido sin calorías) Pineapple (Flavour Series)
otros		Tasty drops (saborizante líquido sin calorías) Red Fruits (Flavour Series)
otros		Tasty drops (saborizante líquido sin calorías) Watermelon (Flavour Series)
otros		Tatuajes para lengua Stitch Disney 11 g
suplementos		Taurato de magnesio 100mg (Swanson)
te	bebida	Te frío al limón en sticks Carrefour Sensation 12 ud.
dulces		Teen pica HARIBO, bolsa 90 g
verduras		Tempura de verduras Carrefour Sensation 400 g.
untables		Tenders barbacoa-miel FRIPOZO, bolsa 250 g
chocolates		Tequeños de chocolate P.A.N. 600 g.
alcohol	bebida	Tequila Azteca 70 cl
alcohol	bebida	Tequila PATRON SILVER, botella 70 cl
otros		Tequila reposado Olmeca
suplementos		Termogénico Detonatrol Fat Burner – Musclecore™
suplementos		Termogénico LipoLean – Amix™
suplementos		Termogénico Lipolean Men-Cut Packs 20 bolsas – Musclecore™
suplementos		Termogénico Lipotropic Fat Burner – Amix™
suplementos		Termogénico Thermo XTR® Fat Burner - Amix Performance
suplementos		Termogénico Thermocore – Amix™
suplementos		Termogénico Thermolean – Amix™
suplementos		Termogénico X-Fat 2 in – Amix™
suplementos		Testo complex (Vitaminalia)
suplementos		Test·ID (Quamtrax)
otros		Texmex chicken LA COCINERA, caja 220 g
bebidas	bebida	Thermo burn (Quamtrax)
suplementos		Thermo cuts (Quamtrax)
suplementos		Thermopure (Myprotein)
otros		Tiburones sin gluten Gallo 450 g
otros		Tiburón sin gluten GALLO, paquete 450 g
mariscos		Tinta de sepia MARNATURA, pack 4x4 g
alcohol	bebida	Tinto de verano Fiesta del Dia 1.5 L
alcohol	bebida	Tinto de verano clásico Carrefour Sensation 1,5 l.
alcohol	bebida	Tinto de verano clásico sin alcohol Don Simón botella 1,5 l.
bebidas_lata	bebida	Tinto de verano con limón 0,0 LADRON VERANO, lata 33 cl
alcohol	bebida	Tinto de verano con limón Ladron de verano 33 cl
alcohol	bebida	Tinto de verano con vermut Sandevid 1,5 L
alcohol	bebida	Tinto de verano de limón DON SIMON, botella 1,5 litros
alcohol	bebida	Tinto de verano limón 0,0 azúcar CAST.ARESO, botella 1,5 litros
alcohol	bebida	Tinto de verano limón 0,0% alcohol LA CASERA, botella 1,5 litros
alcohol	bebida	Tinto de verano sin alcohol DON SIMON, botella 1,5 litros
alcohol	bebida	Tinto de verano sin alcohol con limón Fiesta del Dia 1.5 L
bebidas	bebida	Tinto verano limón 0 alcoho-azúcar SANDEVID, botella 1,5 litros
cerdo		Tira de costilla cerdo sabor barbacoa EROSKI, sobre aprox. 500 g
cerdo		Tira de costilla de cerdo (Noel)
semillas		Tira de palitos de pipas SNATT`S, pack 4x40 g
postres		Tiramisú DHUL, pack 2x80 g
fiambres		Tiras de bacón ahumado EROSKI basic, tarrina 200 g
pollo		Tiras de pollo estilo americano 360 g (La Cocinera)
preparados		Tiras de pollo marinado empanadas chicken fries
mariscos		Tiras de potón, al peso, compra mínima 500 g
chocolates		Tires taronja amb xocolata negra (Torras)
frutas		Todo fruta multifrutas HERO, pack 4x100 g
soja		Tofu japonés ecológico Carrefour Bio sin gluten y sin lactosa 380 g.
soja		Tofu natural ecológico Soria Natural sin gluten 250 g.
otros		Tofé marinado a la japonesa GERBLÉ BIO, bandeja 280 g
salsas		Tomate Frito (SOULFRESH)
salsas		Tomate Frito Casero - Gallina Blanca
salsas		Tomate casero sin trocitos SOLIS, frasco 350 g
salsas		Tomate entero pelado Dia Vegecampo 480 g
salsas		Tomate frito 0% azúcares añadidos Hida 350 g
salsas		Tomate frito Helios 570 g
salsas		Tomate frito Helios sin gluten pack de 2 tarros de 570 g.
salsas		Tomate frito Solis sin gluten pack 3 brik de 200 g.
salsas		Tomate frito Solís sin gluten pack 2 tarros de 460 g.
salsas		Tomate frito Solís sin gluten pack de 6 brik de 350 g.
salsas		Tomate frito c/ aceite de oliva tradicional EROSKI, frasco 550 g
salsas		Tomate frito casero 0% SOLÍS, frasco 350 g
salsas		Tomate frito casero EROSKI BIO, frasco 340 g
salsas		Tomate frito casero con aceite de oliva EROSKI, frasco 350 g
salsas		Tomate frito con aceite de oliva Estilo Kikí sin gluten tarro 350 g.
salsas		Tomate frito con aceite de oliva Solis sin gluten pack de 2 tarros de 460 g.
salsas		Tomate frito con chili picante Orlando 300 g
salsas		Tomate frito en aceite de oliva SOLÍS, frasco 725 g
salsas		Tomate frito estilo casero Solís 350 g
salsas		Tomate frito gourmet estilo Kikí 350 g.
salsas		Tomate frito mediterráneo con aceite de oliva virgen extra (Helios)
salsas		Tomate natural troceado EROSKI, lata 390 g
salsas		Tomate pelado MUTTI, lata 400 g
salsas		Tomate seco en aceite EROSKI SELEQTIA, frasco 250 g
salsas		Tomate triturado Dia Vegecampo 400 g
salsas		Tomate triturado EKOLO Bio, frasco 660 g
salsas		Tomate triturado EROSKI BASIC, lata 400 g
salsas		Tomate triturado frasco De Nuestra Tierra 660 g.
salsas		Tomate troceado Dia Vegecampo 400 g
salsas		Tomates cherry
verduras		Topping Cebolla Crujiente - Productos Florette
otros		Topping Frutos Rojos - Productos Florette
frutos_secos		Topping Mix Frutos Secos - Productos Florette
pollo		Topping P. Pollo Asada (ElPozo)
otros		Toppings Superalimentos - Productos Florette
aceitunas		Toreras picantes aliñadas con aceite de oliva y anchoas Kimbo 120 g
aceitunas		Toreras picantes con anchoa en aceite de oliva KIMBO, lata 120 g
otros		Torrezno precocinado Hacendado
otros		Torreznos Tendilla 140 g
cerdo		Torreznos de cerdo Carrefour 250 g
chocolates		Torrija de chocolate CASA ECEIZA, caja 240 g
otros		Torrijas caramelizadas CASA ECEIZA, caja 200 g
aceites		Torta de aceite INÉS ROSALES, 6 uds., paquete 180 g
panaderia		Tortas de aceite de oliva sin azúcar Inés Rosales 180 g
aceites		Tortas de aceite de oliva virgen extra Florbu 240 g
otros		Tortas de algarrobo Lupiañez 250 g
pasta		Tortellini de jamón KNORR, bolsa 250 g
quesos		Tortelloni con queso GALLO, bandeja 200 g
quesos		Tortelloni de queso Gallo 200 g
otros		Tortelloni prosciutto Dia Al Diante 250 g
otros		Tortiglioni Dia Selección Mundial 500 g
otros		Tortiglioni sin gluten DE CECCO, caja 400 g
huevo		Tortilla Proteica de Clara de Huevo - Clásica - Clásico Tortilla proteica de clara de huevo (Prozis)
huevo		Tortilla de maíz OLD EL PASO, paquete 335 g
huevo		Tortilla de patata con cebolla LA COCINA DE SENÉN, caja 600 g
huevo		Tortilla de patata con queso de cabra y cebolla caramelizada Casero y Natural 600 g
huevo		Tortilla de patata sin cebolla con huevos camperos Palacios sin gluten sin lactosa 650 g.
huevo		Tortilla integral EROSKI, paquete 320 g
huevo		Tortilla integral MEXIFOODS, paquete 320 g
harinas		Tortillas de harina de trigo y maíz Carrefour 320 g
huevo		Tortillas de maíz Carrefour Sensation sin gluten 10 ud.
preparados		Tortillas de trigo Burritos Mexifoods sin aceite de palma 6 ud.
huevo		Tortillas de trigo Delibreads 30 cm
huevo		Tortillas de trigo Dia Al Punto 320 g
huevo		Tortillas de trigo integral (Dulcesol)
huevo		Tortillas integrales OLD EL PASO, paquete 350 g
preparados		Tortillas | Wraps 100% integrales - Pack 2 unidades (STER)
tortitas		Tortita PASQUIER, 8 uds, paquete 280 g
tortitas		Tortita de pollo y quesos fundidos Aldelís 270 g.
tortitas		Tortita pizza fiambre de jamón de pavo Aldelís 270 g
tortitas		Tortitas Arroz Integral Con Chocolate Sin Gluten (Gullón)
tortitas		Tortitas Arroz Integral Sabor Yogurt Sin Gluten (Gullón)
tortitas		Tortitas Arroz Sin Gluten Vitalday 130g (Gullón)
tortitas		Tortitas Arroz, Chocolate Y Coco Sin Gluten Vitalday (Gullón)
tortitas		Tortitas Arroz, Chocolate Y Naranja Sin Gluten Vitalday (Gullón)
tortitas		Tortitas De Arroz Integral Bio Organic (Gullón)
tortitas		Tortitas De Avena Y Arroz Con Yogur Vitalday (Gullón)
tortitas		Tortitas De Maíz Con Chocolate Sin Azúcar Ni Gluten (Gullón)
tortitas		Tortitas Maíz Con Chocolate Sin Gluten Vitalday (Gullón)
tortitas		Tortitas Maíz Sin Gluten Vitalday 130g (Gullón)
tortitas		Tortitas de Arroz RICE POPS - Mr.Popper‘s® - CHOCOLATE (MR POPPER´S)
tortitas		Tortitas de Avena - Neutro (Vitobest)
tortitas		Tortitas de arroz - Unidad (Quamtrax)
tortitas		Tortitas de arroz Carrefour pack de 4 unidades de 33 g.
tortitas		Tortitas de arroz Vitalday Gullón sin gluten 130 g.
tortitas		Tortitas de arroz con chocolate negro BIOCENTURY, paquete 140 g
tortitas		Tortitas de arroz con chocolate negro Carrefour Sensation sin gluten y sin azúcar añadido 130 g.
tortitas		Tortitas de arroz integral (Bicentury)
tortitas		Tortitas de arroz integral Carrefour Bio sin gluten 115 g,
tortitas		Tortitas de arroz integral Dia Naturmundo 130 g
tortitas		Tortitas de arroz integral con chocolate negro 0% azúcares Bicentury 130 g
tortitas		Tortitas de arroz integral con chocolate negro Bicentury 130 g
tortitas		Tortitas de arroz integral sabor yogur Bicentury 130 g
tortitas		Tortitas de arroz integral sabor yogur Vitalday Gullón sin gluten 125 g.
tortitas		Tortitas de arroz y quinoa Ecocesta 120 g
tortitas		Tortitas de arroz y trigo sarraceno ecológicas EcoCesta sin gluten 100 g.
tortitas		Tortitas de arroz-yogur BICENTURY, paquete 130 g
tortitas		Tortitas de chocolate con leche VERITAS, paquete 100 g
tortitas		Tortitas de espelta bio Ecocesta 108 g
tortitas		Tortitas de maíz BICENTURY, paquete 130 g
tortitas		Tortitas de maíz VERITAS, paquete 110 g
tortitas		Tortitas de maíz campestre (Hacendado)
tortitas		Tortitas de maíz con chocolate blanco y trocitos de almendra, caramelo y canela (Bicentury)
tortitas		Tortitas de maíz con chocolate negro (Bicentury)
tortitas		Tortitas de maíz con chocolate negro 0% (Bicentury)
tortitas		Tortitas de maíz con chocolate negro Dia Naturmundo 90 g
tortitas		Tortitas de maíz con chocolate negro EROSKI, paquete 90,4 g
tortitas		Tortitas de maíz con chocolate negro a la flor de azahar y trocitos de naranja (Bicentury)
infantil		Tortitas de maíz con fresa desde 8 meses ecológico Hipp Biológico sin gluten 23 g.
tortitas		Tortitas de maíz con sabor a caramelo al toque de sal (Bicentury)
tortitas		Tortitas de maíz con sabor a jamón ibérico (Bicentury)
tortitas		Tortitas de maíz con sabor a miel & mostaza (Bicentury)
tortitas		Tortitas de maíz de chocolate VERITAS, paquete 95 g
tortitas		Tortitas de maíz sabor miel y mostaza Bicentury 123,5 g.
tortitas		Tortitas de maíz sabor queso ibérico Bicentury 70 g.
tortitas		Tortitas de maíz y arroz con chocolate con leche y avellanas (Bicentury)
tortitas		Tortitas de maíz y chocolate con leche sabor avellana (Bicentury)
tortitas		Tortitas de maíz y quinoa (Bicentury)
tortitas		Tortitas de maíz y trigo sarraceno (Bicentury)
tortitas		Tortitas de maíz, setas, trufa, queso BICENTURY, paquete 123,5 g
tortitas		Tortitas de maíz-choco GULLON Vitalday, paquete 100 g
tortitas		Tortitas de olivas-cebollino BICENTURY, paquete 124 g
tortitas		Tortitas de yogur VERITAS, paquete 100 g
tortitas		Tortitas para desayuno - pack (HSN Packs)
tortitas		Tortitas pimentón suave (Bicentury)
otros		Tosta rica oceanix 1,4e CUETARA, caja 160 g
panes		Tostadas crujientes de lentejas bio SANTIVERI, caja 100 g
panes		Tostadas de arroz y maíz Classic Carrefour sin gluten y sin lactosa 100 g.
cereales		Tostadas de avena D. RADISSON, paquete 100 g
cereales		Tostadas de avena Diat Rádisson sin azúcar 100 g.
chocolates		Tostadas de trigo sarraceno, choco negro SANTIVERI, paquete 57 g
panes		Tostadas ligeras de arroz integral y castaña ecológicas Soria Natural sin gluten 95 g.
panes		Tostas de pan Mariñeira con aceite de oliva DAVEIGA, bolsa 200 g
panes		Tostas de pan Mariñeiras con chía DAVEIGA, bolsa 200 g
panes		Tostas de pan mariñeiras Daveiga 200 g
instantanea		Total Protein Crema de Fresas (Myprotein)
proteina		Total Protein Vainilla (Myprotein)
suplementos		Trehalosa en polvo (EnduraCarb™) (Raw Series)
panaderia		Trenza hojaldre de mantequilla Hacendado congelada
suplementos		Tribu-ZMA – Amix™
suplementos		Tribulus + ZMA (Quamtrax)
suplementos		Tribulus 1000mg (Now Foods)
suplementos		Tribulus plus (Quamtrax)
harinas		Trigo Sarraceno Bio 500 g Ecosana (Drasanvi)
harinas		Trigo inflado con miel VERITAS, bolsa 250 g
frutas		Trimagnesio - Frambuesa azul (Quamtrax)
frutas		Trimagnesio - Frutas del bosque (Quamtrax)
frutas		Trimagnesio - Sandía (Quamtrax)
suplementos		Trimagnesio - Tropical (Quamtrax)
bebidas	bebida	Trina de limón sin gas zero botella 1,5 l.
embutidos		Tripack Salchichas Pavo (Campofrío)
yogurt		Triple zero melocotón ACTIVIA, pack 4x120 g
panaderia		Triángulos sabor crema Dulcesol
otros		Tronquito de Alaska MSC FINDUS, paquete 450 g
otros		Tronquitos de mar 500g (Pescanova)
mariscos		Trozos de calamar en salsa marinera Classic Carrefour sin gluten 165 g.
mariscos		Trozos de calamar en su tinta Albo 72 g
mariscos		Trozos de pota en tinta RIBEIRA, pack 3x80 g
mariscos		Trozos de potón en su tinta Classic Carrefour sin gluten 165 g.
mariscos		Trozos pota en salsa americana RIBEIRA, lata 111 g
pescado		Trucha ahumada Dia Mari Marinera 100 g
otros		Trufa extra FERRER, caja 15 g
mariscos		Tubo de pota Argentina limpio Hacendado congelado
otros		Tumaca natural EROSKI, pack 2x185 g
alcohol	bebida	Txakoli D.O. Araba BAYARRI, botella 75 cl
alcohol	bebida	Txakoli D.O. Bizkaia GORKA IZAGIRRE, botella 75 cl
alcohol	bebida	Txakoli D.O. Bizkaia ZERUKO, botella 75 cl
alcohol	bebida	Txakoli D.O. Getaria AMEZTOI, botella 75 cl
alcohol	bebida	Txakoli D.O. Getaria TALAI BERRI, botella 75 cl
te	bebida	Té Verde con Vitamina C – Amix™
bebidas_lata	bebida	Té al limón NESTEA, lata 33 cl
te	bebida	Té blanco en bolsitas Carrefour Classic 30 ud.
te	bebida	Té matcha estilo Dubai ecológico Artemis Bio sin gluten 75 g.
te	bebida	Té negro Chai en bolsitas Carrefour Classic 30 ud.
te	bebida	Té negro Earl Grey en bolsitas Carrefour Classic 30 ud.
te	bebida	Té negro con canela en bolsitas Pompadour 20 ud.
te	bebida	Té negro descafeinado en bolsitas Carrefour Classic 30 ud.
te	bebida	Té negro en bolsitas Ship 25 ud.
te	bebida	Té rojo en bolsitas Carrefour Classic 30 ud.
te	bebida	Té slim con té matcha Hornimans 20 unidades
te	bebida	Té soluble limón POMPADOUR, frasco 400 g
te	bebida	Té verde EROSKI, caja 20 sobres
te	bebida	Té verde con jengibre y naranja Pompadour 20 unidades
te	bebida	Té verde en bolsitas Carrefour Classic 30 ud.
te	bebida	Té verde en bolsitas Ship 25 ud.
te		Té verde matcha en polvo Green Tea Powder (Essential Series)
te	bebida	Té verde moruno en bolsitas Pompadour 20 ud.
bebidas_lata	bebida	Tónica Dia Toni Tónico 1 L
bebidas_lata	bebida	Tónica Dia Toni Tónico 1,5 L
bebidas_lata	bebida	Tónica Fever-Tree Light botella 20 cl.
bebidas_lata	bebida	Tónica Fever-Tree Premium Indian botella 20 cl.
bebidas_lata	bebida	Tónica Hacendado
bebidas_lata	bebida	Tónica NORDIC MIST, lata 25 cl
bebidas_lata	bebida	Tónica SCHWEPPES, lata 25 cl
bebidas_lata	bebida	Tónica Schweppes 1 L
bebidas_lata	bebida	Tónica Schweppes Wild Berry lata 25 cl.
bebidas_lata	bebida	Tónica Schweppes limón lata 33 cl
bebidas_lata	bebida	Tónica Schweppes pink zero lata 25 cl.
bebidas_lata	bebida	Tónica Schweppes pomelo y baya del Nepal botella 20 cl
bebidas_lata	bebida	Tónica con toque de lima Schweppes 200 ml
bebidas_lata	bebida	Tónica premium Yuzu ROYAL BLISS, lata 25 cl
bebidas_lata	bebida	Tónica zero NORDIC MIST, lata 25 cl
suplementos		UC-II® 40mg (Essential Series)
suplementos		UC-II® Undenatured Type II Collagen (Prozis)
suplementos		ULTRA FOCUS - Acid Lollipop / 2 tomas (bigsuplements)
suplementos		ULTRA FOCUS - Acid Lollipop / 30 tomas (bigsuplements)
suplementos		ULTRA FOCUS - Acid Watermelon / 2 tomas (bigsuplements)
suplementos		ULTRA FOCUS - Acid Watermelon / 30 tomas (bigsuplements)
granos		Udon arroz integral-wakame KING SOBA, paquete 250 g
suplementos		Ultra B-complex (Essential Series)
suplementos		Ultra cayena extra hot** (2,25% capsaicina) Cayene (Essential Series)
suplementos		Ultra cayena extra hot** (2,25% capsaicina) Cayenne (Essential Series)
suplementos		Ultra colágeno hidrolizado complex Collagen 180 Coat Tabs (Essential Series)
suplementos		Ultra colágeno hidrolizado complex Collagen 360 Coat Tablets (Essential Series)
suplementos		Ultra colágeno hidrolizado complex Collagen 90 Coat Tabs 01 (Essential Series)
suplementos		Ultra omega-3 TG (IFOS™) 1000mg 120 Softgel (Essential Series)
suplementos		Ultra omega-3 TG (IFOS™) 1000mg 240 Softgel (Essential Series)
suplementos		Ultra omega-3 TG (IFOS™) 1000mg 30 Softgel (Essential Series)
suplementos		Ultra policosanol 20mg (Essential Series)
frutas		Untable de Frutas: Sabor Higos (HERO)
frutas		Untable de arándanos realfooding HERO, frasco 165 g
otros		Untable vegetal NATACHA, paquete 450 g
suplementos		Uridina monofosfato 300mg (Essential Series)
alcohol	bebida	VEGA MADROÑO VEGA MADROÑO Vino tinto con D.O Vinos de Madrid botella de 75 cl.
suplementos		VEGAN FAT BURNER - Quemador de Grasa Vegano (226ERS)
bebidas	bebida	VEGAN PROTEIN - Batido Proteico Vegano en Polvo - Chocolate (226ERS)
bebidas	bebida	VEGAN RECOVERY DRINK - Bebida Recuperadora Vegana - Chocolate Caramelo (226ERS)
suplementos		VITA C 1000 [ ] (bigsuplements)
suplementos		VITA [ ] (bigsuplements)
suplementos		VITAMIN C (Be Essential®)
otros		Vainilla en polvo VAHINÉ, frasco 7 g
otros		Vainilla x4 - Danone
te		Valeriana con limón en bolsitas Pompadour 20 ud.
otros		Valorcao negro intenso sin gluten VALOR, bolsa 400 g
panaderia		Vampisol (Dulcesol)
pescado		Varitas de merluza MSC Dia Mari Marinera 450 g
preparados		Varitas de merluza empanada EROSKI, bolsa 420 g
pescado		Varitas de pescado FINDUS, caja 250 g
pescado		Varitas de pescado MSC Findus 250 g
pescado		Varitas popcorn de merluza Pescanova sin gluten 300 g.
granos		Vasito de arroz integral XL BRILLANTE, pack 2x200 g
granos		Vasitos de arroz basmati BRILLANTE, pack 2x125 g
granos		Vasitos de arroz redondo XL BRILLANTE, pack 2x200 g
granos		Vasos de arroz con lentejas Dia Al Punto 2 x 150 g
granos		Vasos de arroz integral Brillante 2 x 125 g
cereales		Vasos de avena con quinoa Dia Al Punto 2 x 150 g
hamburguesas		Vegan Burger (Garden Gourmet)
proteina		Vegan Protein sabor chocolate Quamtrax 500 g.
suplementos		Vegan collagen booster * (SkinAx²™) (Essential Series)
chocolates		Vegana xocolata civada 100g (Torras)
verduras		Vegeburguer de alcachofa bio ccpae VEGETALIA, sobre 160 g
proteina		Vegetable Protein Freaking Good - Barquillo de vainilla (Prozis)
proteina		Vegetable Protein Freaking Good - Bombón de chocolate (Prozis)
veg_drinks	bebida	Vegetánea Bebida de Arroz 1L (Central Lechera Asturiana)
otros		Veggie burguer GERBLÉ BIO, bandeja 200 g
suplementos		Venous Care * (Essential Series)
pescado		Ventresca de atún claro en aceite de girasol (Calvo)
pescado		Ventresca de atún claro en aceite de oliva CAMPOS, lata 111 g
pescado		Ventresca de atún claro en aceite de oliva Dia Mari Marinera 78 g
pescado		Ventresca de atún claro en aceite de oliva EROSKI, lata 111 g
pescado		Ventresca de atún claro en aceite oliva ALAKRANA, lata 115 g
pescado		Ventresca de bonito del norte aceite de oliva ORTIZ, lata 110 g
pescado		Ventresca de bonito en a. de oliva EROSKI SELEQTIA, lata 111 g
pescado		Ventresca de bonito en aceite de oliva OLASAGASTI, lata 200 g
verduras		Verduras Acelga - Productos Florette
verduras		Verduras Maxi Ahorro Espinaca - Productos Florette
verduras		Verduras al vapor gourmet Findus 350 g
verduras		Verduras en tempura EROSKI, bolsa 400 g
preparados		Verduras para paella Dia Vegecampo 450 g
verduras		Verduras para sofrito Findus 250 g
alcohol	bebida	Vermouth Blanco MARTINI, botella 1,5 litros
alcohol	bebida	Vermouth Rojo MARTINI, botella 1,5 litros
alcohol	bebida	Vermouth Rosso MARTINI, botella 75 cl
alcohol	bebida	Vermouth bianco Martini 75 cl
alcohol	bebida	Vermouth blanco Alvini 1 L
alcohol	bebida	Vermouth blanco verdejo 61 75 cl
alcohol	bebida	Vermouth premium naranja ATXA, botella 70 cl
alcohol	bebida	Vermouth reserva Topaz 75 cl
alcohol	bebida	Vermouth rojo Alvini 1 L
otros		Vermouth rojo Maronti reserva
alcohol	bebida	Vermouth rojo Nordes 1 L
alcohol	bebida	Vermouth rojo Zarro 1 L
alcohol	bebida	Vermouth rojo tempranillo 61 75 cl
alcohol	bebida	Vermut Martini blanco 1 l.
alcohol	bebida	Vermut Martini rojo 1 l.
alcohol	bebida	Vermut Miró rojo 1 l.
alcohol	bebida	Vermut Rojo PETRONI, botella 75 cl
alcohol	bebida	Vermut Zarro blanco 1,5 l.
alcohol	bebida	Vermut Zarro reserva especial sin gluten 1 l.
alcohol	bebida	Vermut Zarro rojo sin gluten 1,5 l.
alcohol	bebida	Vermut rojo Ardanche 75 cl
alcohol	bebida	Vermut rojo ZARRO, botella 1 litro
otros		Vieira 1/2 concha ALIGATOR, bandeja 165 g
otros		Vieira del Pacífico media concha 1kg (Pescanova)
otros		Viena gourmet pequeña Carrefour 1 ud.
salsas		Vinagre Real de Manzana - Pack 6 Unidades (REALFOODING)
salsas		Vinagre balsámico blanco BORGES, botella 25 cl
salsas		Vinagre balsámico de Módena BORGES ECO NATURA, botella 25 cl
salsas		Vinagre balsámico de Módena BORGES, spray 25 cl
salsas		Vinagre balsámico de Módena edición dorada BORGES, botella 25 cl
salsas		Vinagre balsámico de módena BORGES, botella 50 cl
salsas		Vinagre blanco CARBONELL, botella 1 litro
salsas		Vinagre de Manzana sin Filtrar Bio 75 cl Ecosana (Drasanvi)
salsas		Vinagre de manzana Aliña tu Dia 1 L
salsas		Vinagre de manzana Hacendado sin filtrar
salsas		Vinagre de manzana VERITAS, botella 75 cl
salsas		Vinagre de manzana ecológico El granero integral sin gluten 750 ml.
salsas		Vinagre de manzana sin filtrar ecológico Carrefour Bio 500 ml.
alcohol	bebida	Vinagre de sidra SAGARKO, botella 75 cl
alcohol	bebida	Vinagre de sidra de manzana 650mg (Essential Series)
salsas		Vinagre de vino blanco Procer Carbonell 1 l.
salsas		Vinagre de vino blanco YBARRA, botella 1 litro
bebidas	bebida	Vinagreta de manzana PRIMA, botella 25 cl
alcohol	bebida	Vino Albariño PACO&LOLA, botella 75 cl
alcohol	bebida	Vino Amontillado VIÑA AB, botella 75 cl
alcohol	bebida	Vino Blanco 11º CASTILLO LAGOMAR, botella 75 cl
alcohol	bebida	Vino Blanco Albariño ALTOS TORONA, botella 75 cl
alcohol	bebida	Vino Blanco Albariño DO R Baixas PAZO DE VILLAREI, botella 75 cl
alcohol	bebida	Vino Blanco Chardonay VIÑAS DEL VERO, botella 75 cl
alcohol	bebida	Vino Blanco Chardonnay D.O. Navarra P. DE VIANA, botella 75 cl
alcohol	bebida	Vino Blanco D.O. Navarra ECHAVE, botella 75 cl
alcohol	bebida	Vino Blanco D.O. Rias Baixas MAREMEL, botella 75 cl
alcohol	bebida	Vino Blanco D.O. Rioja EL COTO, botella 75 cl
alcohol	bebida	Vino Blanco D.O. Rueda CUNE, botella 75 cl
alcohol	bebida	Vino Blanco D.O.C Rioja Rioja Alavesa LUIS CAÑAS, botella 75 cl
alcohol	bebida	Vino Blanco D.O.C. Rioja AZPILICUETA, botella 75 cl
alcohol	bebida	Vino Blanco D.O.C. Rioja Alavesa OSTATU, botella 75 cl
alcohol	bebida	Vino Blanco DOC Rioja Alavesa BUSTINZURI, botella 75 cl
alcohol	bebida	Vino Blanco De Las Rías Baixas ANAE, botella 75 cl
alcohol	bebida	Vino Blanco De la Tierra Chardonnay CONSIGNA, botella 75 cl
alcohol	bebida	Vino Blanco Godello D.O. Rias Baixas ALTOS TORONA, botella 75 cl
alcohol	bebida	Vino Blanco Godello DO Costers del Segre RAIMAT, botella 75 cl
alcohol	bebida	Vino Blanco Godello MARUXA, botella 75 cl
alcohol	bebida	Vino Blanco Moscato CALDIROLA, botella 75 cl
alcohol	bebida	Vino Blanco Moscato VITE SELVATE, botella 75 cl
alcohol	bebida	Vino Blanco R.O. Rioja MILFLORES, botella 75 cl
alcohol	bebida	Vino Blanco Ribeiro PAZO DE XIGARD, botella 75 cl
alcohol	bebida	Vino Blanco Ribeiro PAZO, botella 75 cl
alcohol	bebida	Vino Blanco Rioja CAMPO VIEJO, botella 75 cl
alcohol	bebida	Vino Blanco Rioja MONOPOLE, botella 75 cl
alcohol	bebida	Vino Blanco Rueda MARQUÉS DE RISCAL , botella 75 cl
alcohol	bebida	Vino Blanco Rueda Sauvignon MARQUÉS DE RISCAL, botella 75 cl
alcohol	bebida	Vino Blanco Rías Baixas MAR DE FRADES, botella 75 cl
alcohol	bebida	Vino Blanco Semi-dulce Rioja SATINEL, botella 75 cl
alcohol	bebida	Vino Blanco Semidulce D.O.C. Rioja SOLAGÜEN, botella 75 cl
alcohol	bebida	Vino Blanco VIÑA COSTEIRA, botella 75 cl
alcohol	bebida	Vino Blanco Verdejo D.O. Rueda DIAMANTE, botella 75 cl
alcohol	bebida	Vino Blanco Verdejo DO Rueda S. Especial EDERRA, botella 75 cl
alcohol	bebida	Vino Blanco Verdejo RAMÓN BILBAO, botella 75 cl
alcohol	bebida	Vino Blanco Viura Seco Rioja CUNE, botella 75 cl
alcohol	bebida	Vino Blanco orchidea Sauvignon Navarra INURRIETA, botella 75 cl
alcohol	bebida	Vino Cream D.O. Jerez HEREDAD DE HIDALGO, botella 75 cl
alcohol	bebida	Vino D.O Ribeira Sacra REGINA VIARUM, botella 75 cl
alcohol	bebida	Vino Dulce MÁLAGA VÍRGEN, botella 75 cl
alcohol	bebida	Vino Dulce P. Ximenez DOS PASAS, botella 75 cl
alcohol	bebida	Vino Godello CREGO E MONAGUILLO, botella 75 cl
alcohol	bebida	Vino Kina SAN CLEMENTE, botella 1 litro
alcohol	bebida	Vino Lambrusco VITE SELVATE, botella 75 cl
alcohol	bebida	Vino Moscatel GOYA, botella 75 cl
alcohol	bebida	Vino Pedro Ximénez D.O. Jerez HEREDAD DE HIDALGO, botella 75 cl
alcohol	bebida	Vino Quinado SAN ROQUE, botella 1 litro
alcohol	bebida	Vino Quinado SANSON, botella 1 litro
alcohol	bebida	Vino Rosado CATEDRAL DE LEÓN, botella 75 cl
alcohol	bebida	Vino Rosado Cigales VALDELOSFRAILES, botella 75 cl
alcohol	bebida	Vino Rosado D.O. Catalunya DE CASTA, botella 75 cl
alcohol	bebida	Vino Rosado D.O. Navarra ECHAVE, botella 75 cl
alcohol	bebida	Vino Rosado D.O. Navarra HOMENAJE, botella 75 cl
alcohol	bebida	Vino Rosado D.O. Navarra INURRIETA, botella 75 cl
alcohol	bebida	Vino Rosado D.O. Navarra IRACHE, botella 75 cl
alcohol	bebida	Vino Rosado D.O. Navarra PLENO, botella 75 cl
alcohol	bebida	Vino Rosado D.O. Rioja AZPILICUETA, botella 75 cl
alcohol	bebida	Vino Rosado D.O. Rioja CUNE, botella 75 cl
alcohol	bebida	Vino Rosado D.O. Rioja EL COTO, botella 75 cl
alcohol	bebida	Vino Rosado D.O. Rioja MARQUÉS DE RISCAL, botella 75 cl
alcohol	bebida	Vino Rosado D.O. Rioja RAMÓN BILBAO, botella 75 cl
alcohol	bebida	Vino Rosado Garnacha D.O. Navarra P. DE VIANA, botella 75 cl
alcohol	bebida	Vino Rosado Lambrusco CALDIROLA, botella 75 cl
alcohol	bebida	Vino Rosado Lágrima D.O. Navarra OCHOA, botella 75 cl
alcohol	bebida	Vino Rosado Moscato FREIXENET MIA, botella 75 cl
alcohol	bebida	Vino Rosado Selección D.O.C. Rioja EL COTO, botella 75 cl
alcohol	bebida	Vino Rosado de Aguja MATEUS, botella 75 cl
alcohol	bebida	Vino Rosado de Aguja PEÑASCAL, botella 75 cl
alcohol	bebida	Vino Rosado de Aguja PINORD, botella 75 cl
alcohol	bebida	Vino Rosado de mesa EROSKI, botella 1 litro
alcohol	bebida	Vino Rueda Verdejo MONOPOLE XXI, botella 75 cl
alcohol	bebida	Vino Tinto Cigales 12 meses VALDELOSFRAILES, botella 75 cl
alcohol	bebida	Vino Tinto Crianza D.O. Navarra ECHAVE, botella 75 cl
alcohol	bebida	Vino Tinto Crianza D.O. Navarra HOMENAJE, botella 75 cl
alcohol	bebida	Vino Tinto Crianza D.O. Navarra PRÍNCIPE DE VIANA, botella 75 cl
alcohol	bebida	Vino Tinto Crianza D.O. Rioja CASTILLO, botella 75 cl
alcohol	bebida	Vino Tinto Crianza D.O. Rioja CUNE, botella 75 cl
alcohol	bebida	Vino Tinto Crianza D.O. Rioja EL COTO, botella 75 cl
alcohol	bebida	Vino Tinto Crianza D.O. Rioja PIÉROLA, botella 75 cl
alcohol	bebida	Vino Tinto Crianza De La Tierra YLLERA, botella 75 cl
alcohol	bebida	Vino Tinto Crianza ESTOLA, botella 75 cl
alcohol	bebida	Vino Tinto Crianza La Mancha SETIEN, botella 75 cl
alcohol	bebida	Vino Tinto Crianza MONTE DUCAY, botella 75 cl
alcohol	bebida	Vino Tinto Crianza R. del Duero MATARROMERA, botella 75 cl
alcohol	bebida	Vino Tinto Crianza R. del Duero PROTOS, botella 75 cl
alcohol	bebida	Vino Tinto Crianza Rioja BERONIA, botella 75 cl
alcohol	bebida	Vino Tinto Crianza Rioja CAMPO VIEJO, botella 75 cl
alcohol	bebida	Vino Tinto Crianza Rioja RAMÓN BILBAO, botella 75 cl
alcohol	bebida	Vino Tinto Crianza VIÑAS del VERO, botella 75 cl
alcohol	bebida	Vino Tinto Crianza Valdepeñas S. DE LOS LLANOS, botella 75 cl
alcohol	bebida	Vino Tinto D.O. Cigales VINEA, botella 75 cl
alcohol	bebida	Vino Tinto De La Tierra de Castilla Merlot BRONTE, botella 75 cl
alcohol	bebida	Vino Tinto EROSKI, brik 1 litro
alcohol	bebida	Vino Tinto Joven D.O. Navarra ECHAVE, botella 75 cl
alcohol	bebida	Vino Tinto Joven D.O. Navarra HOMENAJE, botella 75 cl
alcohol	bebida	Vino Tinto Joven D.O.C. Rioja LUIS CAÑAS, botella 75 cl
alcohol	bebida	Vino Tinto Joven La Mancha SETIEN, botella 75 cl
alcohol	bebida	Vino Tinto Joven Rioja ARNALTE, botella 75 cl
alcohol	bebida	Vino Tinto Joven Roble D.O. R. del Duero PROTOS, botella 75 cl
alcohol	bebida	Vino Tinto Joven Toro PEÑAMONTE, botella 75 cl
alcohol	bebida	Vino Tinto Mencia Ribeira Sacra RECTORAL AMANDI, botella 75 cl
alcohol	bebida	Vino Tinto Nouveau PEÑASCAL, botella 75 cl
alcohol	bebida	Vino Tinto Reserva D.O. La Mancha ESTOLA, botella 75 cl
alcohol	bebida	Vino Tinto Reserva D.O. Navarra ECHAVE, botella 75 cl
alcohol	bebida	Vino Tinto Reserva D.O. Navarra PRÍNCIPE DE VIANA, botella 75 cl
alcohol	bebida	Vino Tinto Reserva D.O. Rioja CONTINO, botella 75 cl
alcohol	bebida	Vino Tinto Reserva D.O. Rioja COTO DE IMAZ, botella 75 cl
alcohol	bebida	Vino Tinto Reserva D.O. Rioja GLORIOSO, botella 75 cl
alcohol	bebida	Vino Tinto Reserva D.O. Rioja MARQUÉS DE RISCAL, botella 75 cl
alcohol	bebida	Vino Tinto Reserva D.O. Rioja PIÉROLA, botella 75 cl
alcohol	bebida	Vino Tinto Reserva D.O.C. Rioja BARÓN DE LEY, botella 75 cl
alcohol	bebida	Vino Tinto Reserva MONASTERIO DE LAS VIÑAS, botella 75 cl
alcohol	bebida	Vino Tinto Reserva R. del Duero MATARROMERA, botella 75 cl
alcohol	bebida	Vino Tinto Reserva Rioja AZPILICUETA, botella 75 cl
alcohol	bebida	Vino Tinto Reserva Somontano GRAN VOS, botella 75 cl
alcohol	bebida	Vino Tinto Roble D.O.Toro CYAN, botella 75 cl
alcohol	bebida	Vino Tinto Roble Norte D.O. Navarra INURRIETA, botella 75 cl
alcohol	bebida	Vino Tinto Syrah Tierra De La Tierra BRONTE, botella 75 cl
alcohol	bebida	Vino Tinto Tempranillo Rioja CAMPO VIEJO, botella 75 cl
alcohol	bebida	Vino Tinto Toro Barrica GRAN COLEGIATA, botella 75 cl
alcohol	bebida	Vino Tinto Torres Cataluña SANGRE DE TORO, botella 75 cl
alcohol	bebida	Vino Tinto de mesa Borja COOP. AGRICOLA, garrafa 5 litros
alcohol	bebida	Vino Tinto de mesa DON PAULO, botella 75 cl
alcohol	bebida	Vino Tinto de mesa DON SIMÓN Selección, botella 75 cl
alcohol	bebida	Vino Tinto de mesa EROSKI, botella 1 litro
alcohol	bebida	Vino blanco Barbadillo 75 cl
alcohol	bebida	Vino blanco Carrefour pack 3 brik 20 cl.
alcohol	bebida	Vino blanco Chardonnay Mar de Uvas
alcohol	bebida	Vino blanco D.O. Madrid Puerta de Alcalá 75 cl
alcohol	bebida	Vino blanco D.O. Ribeiro Mourama 75 cl
alcohol	bebida	Vino blanco D.O. Rías Baixas Pazo Serantellos 75 cl
alcohol	bebida	Vino blanco D.O. Valdepeñas Viña Danza 75 cl
alcohol	bebida	Vino blanco Dama del Lago D.O. Rueda 75 cl.
alcohol	bebida	Vino blanco Elegido 1 l.
alcohol	bebida	Vino blanco Garnacha Blanca Descorche DO Catalunya
alcohol	bebida	Vino blanco Godello Mar de Uvas DO Monterrei
alcohol	bebida	Vino blanco Oceanus 75 cl
alcohol	bebida	Vino blanco Txakoli Ameztoi 75 cl
alcohol	bebida	Vino blanco albariño Albala D.O. Rías Baixas 75 cl.
alcohol	bebida	Vino blanco albariño D.O. Rías Baixas Mar de Frades 75 cl
alcohol	bebida	Vino blanco albariño Gran Lagar de Bouza 75 cl
alcohol	bebida	Vino blanco albariño Ponte Tamuxe DO Rías Baixas
alcohol	bebida	Vino blanco barrica japonesa Señorío de Ayerbe 75 cl
alcohol	bebida	Vino blanco chardonnay D.O. Castilla Señorío de Ayerbe 75 cl
alcohol	bebida	Vino blanco chardonnay D.O. Navarra Viña Ardanche 75 cl
alcohol	bebida	Vino blanco crianza Capricho de Uva DO Rioja
alcohol	bebida	Vino blanco crianza sobre lías verdejo Cuatro Rayas D.O. Rueda 75 cl.
alcohol	bebida	Vino blanco dulce D.O. Valencia Mirandoli 75 cl
alcohol	bebida	Vino blanco dulce barrica sauvignon blanc Árabe V.T. Extemadura 75 cl.
alcohol	bebida	Vino blanco godello D.O. Monterrei Alma de tinto 75 cl
alcohol	bebida	Vino blanco godello Polvorete D.O. Bierzo 75 cl.
alcohol	bebida	Vino blanco joven Fuenteviña 75 cl.
alcohol	bebida	Vino blanco joven Mionetto DOC Treviso Prosecco 75 cl.
alcohol	bebida	Vino blanco joven albariño Freixas Vendimia Seleccionada D.O. Rías Baixas 75 cl.
alcohol	bebida	Vino blanco joven albariño Pazo da Torre Albariño D.O. Rías Baixas 75 cl.
alcohol	bebida	Vino blanco joven ecológico El Hayedo D.O. Ribera del Guadiana Vendimia Seleccionada 75 cl.
alcohol	bebida	Vino blanco joven palomino Pazo D.O. Ribeiro 75 cl.
alcohol	bebida	Vino blanco manzanilla Muñeca 75 cl
alcohol	bebida	Vino blanco para cocinar Castillo de Velasco 75 cl
alcohol	bebida	Vino blanco sauvignon Catacrak D.O. Rueda 75 cl.
alcohol	bebida	Vino blanco sauvignon Con un par 75 cl
alcohol	bebida	Vino blanco semidulce D.O. Rioja Diamante 75 cl
alcohol	bebida	Vino blanco semidulce Luminis 75 cl
alcohol	bebida	Vino blanco semidulce verdejo Finca La Malcriada
alcohol	bebida	Vino blanco tempranillo D.O. Rioja Castillo de Haro 75 cl
alcohol	bebida	Vino blanco treixadura D.O. Ribeiro Gran leiriña 75 cl
alcohol	bebida	Vino blanco verdejo 3 Reinos D.O. Rueda 75 cl.
alcohol	bebida	Vino blanco verdejo Cuatro Rayas D.O. Rueda 75 cl.
alcohol	bebida	Vino blanco verdejo D.O. Rueda Cvne 75 cl
alcohol	bebida	Vino blanco verdejo Estilete D.O. Rueda 75 cl.
alcohol	bebida	Vino blanco verdejo Four Lines D.O. Rueda 75 cl.
alcohol	bebida	Vino blanco verdejo Monte Blanco Ramón Bilbao D.O. Rueda 75 cl.
alcohol	bebida	Vino blanco verdejo ecológico El Hayedo D.O.Rueda 75 cl.
alcohol	bebida	Vino blanco verdejo ecológico Marqués de Riscal D.O. Rueda 75 cl.
alcohol	bebida	Vino blanco verdejo-viura D.O. Rueda Vega del Báron 75 cl
alcohol	bebida	Vino blanco viura-sauvignon Pinta en Copas 75 cl
alcohol	bebida	Vino de Jerez seco Tío Pepe 75 cl
alcohol	bebida	Vino de mesa blanco mini brick EROSKI, pack 3x187 ml
alcohol	bebida	Vino de mesa tinto VEGAS DEL RIVILLA, botella 2 litros
alcohol	bebida	Vino dulce Carrefour Pedro Ximenez D.O.Jerez-Xérés-Sherry 75 cl.
alcohol	bebida	Vino dulce NÉCTAR PEDRO XIMÉNEZ, botella 75 cl
alcohol	bebida	Vino dulce Pedro Ximenez Topaz 75 cl
alcohol	bebida	Vino dulce Pedro Ximénez Alvear DO Montilla-Moriles
alcohol	bebida	Vino dulce Pedro Ximénez D.O. Málaga virgen 75 cl
alcohol	bebida	Vino dulce criaderas y soleras palomino Canasta D.O. Jerez 75 cl.
alcohol	bebida	Vino dulce joven malvar Dulce María 75 cl.
alcohol	bebida	Vino dulce moscatel Cortijo de Ceret D.O. Valencia 75 cl.
alcohol	bebida	Vino dulce original Sanson 1 l.
alcohol	bebida	Vino espumo Peñascal 0,0 alcohol rosé botella 33 cl.
alcohol	bebida	Vino espumoso blanco Peñascal 0,0 sin alcohol botella 33 cl.
alcohol	bebida	Vino espumoso rosado Sandara 75 cl.
alcohol	bebida	Vino fino Cortijo de Ceret D.O.Jerez-Xérés-Sherry 75 cl.
alcohol	bebida	Vino fino Singular 75 cl
alcohol	bebida	Vino frizzante blanco ecológico Sunset Peñascal 33 cl.
alcohol	bebida	Vino frizzante blanco verdejo Dolce Bianco V.T. Castilla y León 75 cl.
alcohol	bebida	Vino frizzante blanco zero sin alcohol Yllera sin gluten 75 cl.
alcohol	bebida	Vino frizzante frutos rojos Aviva 75 cl.
alcohol	bebida	Vino frizzante melón Aviva 75 cl.
alcohol	bebida	Vino frizzante rosado Peñascal lata 25 cl.
alcohol	bebida	Vino frizzante rosado Yllera 5.5 75 cl.
alcohol	bebida	Vino generoso Cortijo Ceret D.O. Manzanilla-Sanlúcar de Barrameda 75 cl.
alcohol	bebida	Vino prosecco Donna Gloria 75 cl.
alcohol	bebida	Vino rosado D.O. Cigales Torondos 75 cl
alcohol	bebida	Vino rosado D.O. Rioja Castillo de Haro 75 cl
alcohol	bebida	Vino rosado D.O. Rioja El coto 75 cl
alcohol	bebida	Vino rosado D.O. Valdepeñas Viña Danza 75 cl
alcohol	bebida	Vino rosado Dulce María 75 cl
alcohol	bebida	Vino rosado Mateus 75 cl.
alcohol	bebida	Vino rosado Peñascal 0,0 alcohol 25 cl.
alcohol	bebida	Vino rosado Peñascal 75 cl
alcohol	bebida	Vino rosado Protos Clarete D.O. Cigales 75 cl.
alcohol	bebida	Vino rosado Puerta de Alcalá D.O. Vinos de Madrid 75 cl.
alcohol	bebida	Vino rosado Viñas del Vero 75 cl
alcohol	bebida	Vino rosado bobal Pinta en Copas 75 cl
alcohol	bebida	Vino rosado garnacha ecológico El Hayedo D.O.Ca. Rioja 75 cl.
alcohol	bebida	Vino rosado joven Marqués de Riscal D.O.Ca. Rioja 75 cl.
alcohol	bebida	Vino rosado joven tempranillo ecológico Coral de Peñascal V.T. Castilla y León 75 cl.
alcohol	bebida	Vino rosado lambrusco Flaminia 75 cl
alcohol	bebida	Vino rosado tempranillo garnacha Mar De Uvas DO Navarra
alcohol	bebida	Vino tinto Arc de Pedra DO València
alcohol	bebida	Vino tinto Carrefour Classic pack 3 brik 18,7 cl.
alcohol	bebida	Vino tinto Castillo de Velasco 2 L
alcohol	bebida	Vino tinto Crianza D.O. La Mancha Ribera de Algodor 75 cl
alcohol	bebida	Vino tinto D.O Ribeira Sacra VIA APPIA, botella 75 cl
alcohol	bebida	Vino tinto D.O. Campo de Borja Gran campellas 75 cl
alcohol	bebida	Vino tinto D.O. Cataluña Sangre de Toro 75 cl
alcohol	bebida	Vino tinto D.O. Navarra Viña Ardanche 75 cl
alcohol	bebida	Vino tinto D.O. Penedés Solell de Flix 75 cl
alcohol	bebida	Vino tinto D.O. Rioja Beronia 75 cl
alcohol	bebida	Vino tinto D.O. Rioja Campo viejo 75 cl
alcohol	bebida	Vino tinto D.O. Somontano Viñas del Vero 75 cl
alcohol	bebida	Vino tinto Pieza Rey DO Rioja
alcohol	bebida	Vino tinto Ramón Bilbao Viñedos Altura D.O. Ca Rioja 75 cl.
alcohol	bebida	Vino tinto Red Blend Lost Vines 75 cl.
alcohol	bebida	Vino tinto Señorío Extremeño 5 l.
alcohol	bebida	Vino tinto Valle rojo 5 L
alcohol	bebida	Vino tinto Vegas del Rivilla 2 l.
alcohol	bebida	Vino tinto Viña D.O. Val 75 cl
alcohol	bebida	Vino tinto Yllera D.O. Ribera del Duero 75 cl.
alcohol	bebida	Vino tinto barrica mencía Dominio de Tares D.O. Bierzo 75 cl.
alcohol	bebida	Vino tinto bobal ecológico Catacrack D.O. Utiel- Requena 75 cl.
alcohol	bebida	Vino tinto crianza Abadía Mantrús DO Ribera del Duero
alcohol	bebida	Vino tinto crianza Comportillo DO Rioja
alcohol	bebida	Vino tinto crianza D.O Rioja Ramón Bilbao 75 cl
alcohol	bebida	Vino tinto crianza D.O. Bierzo Flavium 75 cl
alcohol	bebida	Vino tinto crianza D.O. Cariñena Geraldino 75 cl
alcohol	bebida	Vino tinto crianza D.O. Navarra Viña Ardanche 75 cl
alcohol	bebida	Vino tinto crianza D.O. Ribera del Duero Arco del Sol 75 cl
alcohol	bebida	Vino tinto crianza D.O. Ribera del Duero Protos 75 cl
alcohol	bebida	Vino tinto crianza D.O. Rioja Azpilicueta 75 cl
alcohol	bebida	Vino tinto crianza D.O. Rioja Beronia 75 cl
alcohol	bebida	Vino tinto crianza D.O. Rioja Castillo de Haro 75 cl
alcohol	bebida	Vino tinto crianza D.O. Rioja Cvne 75 cl
alcohol	bebida	Vino tinto crianza D.O. Rioja El coto 75 cl
alcohol	bebida	Vino tinto crianza D.O. Rioja Glorioso 75 cl
alcohol	bebida	Vino tinto crianza D.O. Rioja Marqués de Caceres 75 cl
alcohol	bebida	Vino tinto crianza D.O. Utiel Requena Mirandoli 75 cl
alcohol	bebida	Vino tinto crianza D.O. Valdepeñas Señorío de Los Llanos 75 cl
alcohol	bebida	Vino tinto crianza D.O. Valdepeñas Viña Danza 75 cl
alcohol	bebida	Vino tinto crianza Marqués de Valido D.O. Ca. Rioja 75 cl.
alcohol	bebida	Vino tinto crianza garnacha Borsao D.O. Campo de Borja 75 cl.
alcohol	bebida	Vino tinto crianza tempranillo Dehesas del Rey D.O. Ribera del Duero 75 cl.
alcohol	bebida	Vino tinto crianza tempranillo Luis Cañas D.O.Ca. Rioja 75 cl.
alcohol	bebida	Vino tinto crianza tempranillo PradoRey D.O. Ribera del Duero 75 cl.
alcohol	bebida	Vino tinto crianza tempranillo Puerta de Alcalá D.O. Vinos de Madrid 75 cl.
alcohol	bebida	Vino tinto de La tierra de Extremadura Viña Tabora 3 L
alcohol	bebida	Vino tinto ecológico D.O. Jumilla Sismicus 75 cl
alcohol	bebida	Vino tinto envejecido roble tempranillo La Planta D.O. Ribera del Duero 75 cl.
alcohol	bebida	Vino tinto garnacha tinta La Maldita D.O.Ca Rioja 75 cl
alcohol	bebida	Vino tinto gran reserva Marqués de Valido D.O.Ca Rioja 75 cl.
alcohol	bebida	Vino tinto joven D.O. Jumilla Sismicus 75 cl
alcohol	bebida	Vino tinto joven D.O. La Mancha Ribera de Algodor 75 cl
alcohol	bebida	Vino tinto joven D.O. Rioja Castillo de Haro 75 cl
alcohol	bebida	Vino tinto joven D.O. Rioja Señorío de Ondas 75 cl
alcohol	bebida	Vino tinto joven D.O. Valdepeñas Viña Danza 75 cl
alcohol	bebida	Vino tinto joven Fuenteviña Vendimia Seleccionada 75 cl.
alcohol	bebida	Vino tinto joven Más Diamante D.O.Ca. Rioja 75 cl.
alcohol	bebida	Vino tinto joven Puerta de Alcalá D.O. Vinos de Madrid 75 cl.
alcohol	bebida	Vino tinto joven madurado D.O. Rioja Castillo de Haro 75 cl
alcohol	bebida	Vino tinto joven monastrell Torre Oria 75 cl.
alcohol	bebida	Vino tinto joven tempranillo Carrefour Vendimia Seleccionada V.T. Extremadura 1 l.
alcohol	bebida	Vino tinto joven tempranillo ecológico Cune D.O.Ca. Rioja 75 cl.
alcohol	bebida	Vino tinto mencia D.O. Monterrei Mourama 75 cl
alcohol	bebida	Vino tinto mencia D.O. Ribera Sacra Rectoral de amandi 75 cl
alcohol	bebida	Vino tinto mencía Libre Canto D.O. Bierzo 75 cl.
alcohol	bebida	Vino tinto merlot Señorío de Ayerbe 75 cl
alcohol	bebida	Vino tinto monastrell Con un par 75 cl
alcohol	bebida	Vino tinto monastrell ecológico Sabatacha Vendimia Seleccionada D.O. Jumilla 75 cl.
alcohol	bebida	Vino tinto reserva Cune D.O.Ca. Rioja 75 cl.
alcohol	bebida	Vino tinto reserva D.O. La Mancha Estola 75 cl
alcohol	bebida	Vino tinto reserva D.O. La Mancha Ribera de Algodor 75 cl
alcohol	bebida	Vino tinto reserva D.O. Rioja Castillo de Haro 75 cl
alcohol	bebida	Vino tinto reserva D.O. Rioja Coto de Imaz 75 cl
alcohol	bebida	Vino tinto reserva D.O. Valdepeñas Viña Danza 75 cl
alcohol	bebida	Vino tinto reserva ecológico Remelluri D.O.Ca. Rioja 75 cl.
alcohol	bebida	Vino tinto reserva tempranillo Marques de Riscal D.O.Ca. Rioja 75 cl.
alcohol	bebida	Vino tinto reserva tempranillo Puerta de Alcalá Vendimia Seleccionada D.O. Vinos de Madrid 75 cl.
alcohol	bebida	Vino tinto roble D.O. Ribera del Duero Ribera del Duero 75 cl
alcohol	bebida	Vino tinto roble D.O. Somontano Cepa ineo 75 cl
alcohol	bebida	Vino tinto roble D.O. Toro Campo curero 75 cl
alcohol	bebida	Vino tinto roble Protos D.O. Ribera del Duero 75 cl.
alcohol	bebida	Vino tinto roble tempranillo Cune D.O. Ribera del Duero 75 cl.
alcohol	bebida	Vino tinto roble tempranillo Emina D.O. Ribera del Duero 75 cl.
alcohol	bebida	Vino tinto roble tempranillo Viña Mayor D.O. Ribera del Duero 75 cl.
alcohol	bebida	Vino tinto syrah Torre Oria 75 cl.
alcohol	bebida	Vino tinto tempranillo Abstractio 75 cl
alcohol	bebida	Vino tinto tempranillo Cepas Viejas Señorío de los Llanos DO Valdepeñas
alcohol	bebida	Vino tinto tempranillo Finca Resalso D.O. Ribera del Duero 75 cl.
alcohol	bebida	Vino tinto tempranillo Malleolus D.O. Ribera del Duero 75 cl.
alcohol	bebida	Vino tinto viticultura superior Montes Serenos
alcohol	bebida	Vino tinto viñas viejas D.O Toro Campo curero 75 cl
suplementos		Vitamin B12 100 mcg (Prozis)
suplementos		Vitamin C 1000 mg + Rose Hip (Prozis)
suplementos		Vitamin C 1000 mg + Rose Hip - Vitamin C 1000 mg + Rose Hip (Prozis)
suplementos		Vitamin C 1000 mg + Rose Hip - Vitamin C 500 mg + Rose Hip (Prozis)
suplementos		Vitamin C 500mg + Rose Hip - Vitamin C 1000 mg + Rose Hip (Prozis)
suplementos		Vitamin C 500mg + Rose Hip - Vitamin C 500 mg + Rose Hip (Prozis)
suplementos		Vitamin K2-MK7 200mcg (Prozis)
suplementos		Vitamina A (beta caroteno) 10000UI (Swanson)
suplementos		Vitamina A 10000UI (Essential Series)
suplementos		Vitamina A 10000UI (Swanson)
suplementos		Vitamina A 5000UI (Essential Series)
suplementos		Vitamina B complex (Quamtrax)
suplementos		Vitamina B complex (Vitaminalia)
suplementos		Vitamina B12 (adenosilcobalamina) 1000mcg (Essential Series)
suplementos		Vitamina B12 (cianocobalamina) 1000mcg (Essential Series)
suplementos		Vitamina B12 (cianocobalamina) 1000mcg (Now Foods)
suplementos		Vitamina B12 (cianocobalamina) 2000mcg Vitamin Cyano (Vitaminalia)
suplementos		Vitamina B12 (cianocobalamina) 500mcg (Essential Series)
suplementos		Vitamina B12 (hidroxocobalamina) 1000mcg (Swanson)
suplementos		Vitamina B12 (metilcobalamina) 1000mcg (Essential Series)
suplementos		Vitamina B12 (metilcobalamina) 1000mcg - 100 tabs (Now Foods)
suplementos		Vitamina B12 (metilcobalamina) 2000mcg (Vitaminalia)
suplementos		Vitamina B12 (metilcobalamina) 5000mcg (Now Foods)
suplementos		Vitamina B12 (metilcobalamina) 500mcg (Essential Series)
suplementos		Vitamina B12 (metilcobalamina) liposomada (Liposovit®) (1000mcg vitamina B12) (Essential Series)
suplementos		Vitamina B12 (metilcobalamina) liposomada (Liposovit®) (500mcg vitamina B12) (Essential Series)
suplementos		Vitamina B12 + folato (Swanson)
suplementos		Vitamina B12 1000mcg + folato (Swanson)
suplementos		Vitamina B12 500mcg (Swanson)
suplementos		Vitamina B12 líquida (Essential Series)
suplementos		Vitamina B12 metilcobalamina 2500mcg (Swanson)
suplementos		Vitamina B12 metilcobalamina 5000mcg (Swanson)
suplementos		Vitamina B2 (riboflavina) 100mg (Essential Series)
suplementos		Vitamina B3 nicotinamida 500mg (Essential Series)
suplementos		Vitamina C + bioflavonoides 1000mg/100mg (Now Foods)
suplementos		Vitamina C + bioflavonoides 500mg (Swanson)
suplementos		Vitamina C + rosa mosqueta + bioflavonoides 1000mg/25mg/25mg (Now Foods)
suplementos		Vitamina C + rosa mosqueta 1000mg (Swanson)
suplementos		Vitamina C + rosa mosqueta 1000mg/25mg (Now Foods)
suplementos		Vitamina C + rosa mosqueta 500mg (Swanson)
suplementos		Vitamina C 1000mg (Vitaminalia)
suplementos		Vitamina C 1000mg + bioflavonoides + rosa mosqueta Vitamin Bioflavonoids (Essential Series)
suplementos		Vitamina C 1000mg + zinc 10mg (Essential Series)
suplementos		Vitamina C 1000mg Vitamin (Essential Series)
suplementos		Vitamina C 500mg (PureWay-C®) (Essential Series)
suplementos		Vitamina C 500mg + bioflavonoides cítricos Vitamin (Essential Series)
suplementos		Vitamina C 950mg 100 Pure Vitamin 950 Mg (Raw Series)
suplementos		Vitamina C en polvo 100% pura (Swanson)
suplementos		Vitamina C liposomada (Liposovit®) (500mg vitamina C) Liposomal Vitamin (Essential Series)
suplementos		Vitamina C liposomada (Liposovit®) (500mg vitamina C) Liposomal Vitaminc (Essential Series)
suplementos		Vitamina D (Vitobest)
suplementos		Vitamina D 4.000 UI - Amix Performance
suplementos		Vitamina D3 1000UI (Essential Series)
suplementos		Vitamina D3 1000UI (Swanson)
suplementos		Vitamina D3 2000UI (Now Foods)
suplementos		Vitamina D3 2000UI (Swanson)
suplementos		Vitamina D3 50000UI Vitamin 50000Iu 30 Softgels (Essential Series)
suplementos		Vitamina D3 50000UI Vitamin 50000Iu 60 Softgels (Essential Series)
suplementos		Vitamina D3 5000UI (Essential Series)
suplementos		Vitamina D3 líquida (Essential Series)
suplementos		Vitamina D3 líquida 2000UI (Swanson)
bebidas	bebida	Vitamina D3 líquida 400UI - 59ml (Now Foods)
suplementos		Vitamina D3 vegana 4000UI Vitamin Vegan 120Vc (Essential Series)
suplementos		Vitamina D3 vegana 4000UI Vitamin Vegan 4000Iu (Essential Series)
suplementos		Vitamina D3+K2 blandas (Prozis)
suplementos		Vitamina E (Quamtrax)
suplementos		Vitamina E (mezcla de tocoferoles) 400UI (Swanson)
suplementos		Vitamina E 400UI (Swanson)
suplementos		Vitamina E natural 400UI (Swanson)
suplementos		Vitamina E natural 400ui blandas (Prozis)
suplementos		Vitamina E-400 MT 268mg (Now Foods)
suplementos		Vitamina E-400 da 268mg - 100 perlas (Now Foods)
suplementos		Vitaminas B-50 Complex (Vitobest)
suplementos		Vitaminas D3+K2 líquidas (Essential Series)
suplementos		Vitaminas Health Pack (Vitobest)
suplementos		Vitaminas K2 + D3 (Quamtrax)
suplementos		Vitaminas Liposomal Vitamin C (Vitobest)
suplementos		Vitaminas Methylcobalamin Vitamin B12 (Vitobest)
suplementos		Vitaminas Vitamin C 1000 (Vitobest)
suplementos		Vitaminas cambio estacional (Essential Series)
suplementos		Vitamins men (Quamtrax)
suplementos		Vitamolas Melatonina 1,9 mg 60 Gominolas Adultos (Drasanvi)
suplementos		Vitamolas Multivitamínico Adulto 60 Gominolas Drasanvi
suplementos		Vitamolas Multivitamínico Niños 60 Gominolas Drasanvi
suplementos		Vitamína B Complex – Amix™
frutas		Vitargo carboloader / Naranja (Quamtrax)
suplementos		Vitargo carboloader / Puro (Quamtrax)
suplementos		Vitargo® + Electrolytes - Frutos tropicales Vitargo® (Prozis)
frutas		Vitargo® + Electrolytes - Lima-Limón Vitargo® + Electrolytes (Prozis)
semillas		Vitaseeds semillas de lino molido bio EL GRANERO, bolsa 300 g
suplementos		Vitomin Vitobest
alcohol	bebida	Vodka & Soda Eristoff ice limón lata 25 cl.
alcohol	bebida	Vodka ABSOLUT TABASCO, botella 70 cl
alcohol	bebida	Vodka ABSOLUT, botella 1 litro
alcohol	bebida	Vodka ABSOLUT, botella 70 cl
alcohol	bebida	Vodka ERISTOFF, botella 70 cl
alcohol	bebida	Vodka GREY GOOSE, botella 70 cl
alcohol	bebida	Vodka Grey goose 35 cl
alcohol	bebida	Vodka POLIAKOV, botella 70 cl
alcohol	bebida	Vodka de mandarina ABSOLUT, botella 70 cl
alcohol	bebida	Vodka negro ERISTOFF, botella 70 cl
alcohol	bebida	Vodka rojo ERISTOFF, botella 70 cl
alcohol	bebida	Vodka ruso MOSKOVSKAYA, botella 70 cl
alcohol	bebida	Vodka tabasco Absolut 70 cl
otros		Volanderia en salsa marinera Classic Carrefour sin gluten 60 g.
carne_vegetal		Vuna (Garden Gourmet)
proteina		WHEY CONCENTRATE - CHOCO EXPLOSION (Be Essential®)
bebidas	bebida	WHEY PROTEIN - Batido de Proteínas Grass Fed - Mezcla de Chocolate (226ERS)
suplementos		WOLF (bigsuplements)
preparados		WRAPS TRIGO INTEGRAL 6U - CAJA DE 13 PAQUETES (Dulcesol)
frutas		Waxy maize / Naranja (Quamtrax)
proteina		Whey Choco Butter NutChoc (Prozis)
proteina		Whey Choco Butter NutChoc - Bombón (Prozis)
proteina		Whey Choco Butter NutChoc - Cacao y avellanas (Prozis)
proteina		Whey Choco Butter NutChoc - Chocolate blanco (Prozis)
proteina		Whey Choco Butter NutChoc - Chocolate blanco - Coco (Prozis)
proteina		Whey Isolate sabor chocolate Quamtrax 700 g.
proteina		Whey Prime Protein Bar + Creatine Chocolate x 6 - 6 x (Prozis)
proteina		Whey Prime Protein Bar + Creatine Vanilla x 6 - Vainilla 2 x (Prozis)
proteina		Whey Prime Protein Bar + Creatine Vanilla x 6 - Vainilla 6 x (Prozis)
proteina		Whey Protein & Oats x 12 - Frambuesa 12 x (Prozis)
proteina		Whey Protein Aislado Doble Chocolate 1,6 Kg Sport Live Drasanvi
proteina		Whey Protein Aislado Doble Chocolate 2,2 kg Sport Live Drasanvi
proteina		Whey Protein Aislado Sabor Cookies & Cream 1,6 kg Sport Live Drasanvi
proteina		Whey Protein Aislado Sabor Cookies & Cream 2,2 kg Sport Live Drasanvi
proteina		Whey Protein Aislado Sabor Neutro 1,6 kg Sport Live (Drasanvi)
proteina		Whey Protein Aislado Sabor Neutro 2,2 kg Sport Live (Drasanvi)
proteina		Whey Protein Aislado Sabor Neutro 800 g Sport Live (Drasanvi)
proteina		Whey Protein Aislado Sabor Yogur Fresa 1,6 Kg Sport Live Drasanvi
proteina		Whey Protein Aislado Sabor Yogur Fresa 2,2 kg Sport Live Drasanvi
proteina		Whey Protein Aislado Sabor Yogur Fresa 800 g Sport Live Drasanvi
proteina		Whey Protein Aislado Vainilla 1,6 Kg Sport Live Drasanvi
proteina		Whey Protein Aislado Vainilla 800 g Sport Live Drasanvi
proteina		Whey Protein Concentrada Capuchino de 1,45 kg Sport Live (Drasanvi)
proteina		Whey Protein Concentrada Capuchino de 2 kg Sport Live (Drasanvi)
proteina		Whey Protein Concentrada Chocolate Blanco de 1,45 kg Sport Live (Drasanvi)
proteina		Whey Protein Concentrada Chocolate Blanco de 2 kg Sport Live (Drasanvi)
proteina		Whey Protein Concentrada Chocolate Blanco de 750 g Sport Live (Drasanvi)
proteina		Whey Protein Concentrada Cookies & Cream de 1,45 kg Sport Live (Drasanvi)
proteina		Whey Protein Concentrada Cookies & Cream de 2 kg Sport Live (Drasanvi)
proteina		Whey Protein Concentrada Cookies & Cream de 750 g Sport Live (Drasanvi)
proteina		Whey Protein Concentrada Doble Chocolate de 1,45 kg Sport Live (Drasanvi)
proteina		Whey Protein Concentrada Doble Chocolate de 2 kg Sport Live (Drasanvi)
proteina		Whey Protein Concentrada Doble Chocolate de 750 g Sport Live (Drasanvi)
proteina		Whey Protein Concentrada Neutra de 1,45 kg Sport Live (Drasanvi)
proteina		Whey Protein Concentrada Neutra de 2 kg Sport Live (Drasanvi)
proteina		Whey Protein Concentrada Neutra de 750 g Sport Live (Drasanvi)
proteina		Whey Protein Concentrada Vainilla de 1,45 kg Sport Live (Drasanvi)
proteina		Whey Protein Concentrada Vainilla de 2 kg Sport Live (Drasanvi)
proteina		Whey Protein Concentrada Vainilla de 750 g Sport Live (Drasanvi)
proteina		Whey Protein Concentrada Yogur-Fresa de 1,45 kg Sport Live (Drasanvi)
proteina		Whey Protein Concentrada Yogur-Fresa de 750 g Sport Live (Drasanvi)
proteina		Whey Protein Fusion - Chocolate (Prozis)
proteina		Whey Protein Fusion - Fresa (Prozis)
proteina		Whey Protein Fusion - Vainilla (Prozis)
proteina		Whey Protein Muesli - Cacahuete y chocolate blanco (Prozis)
proteina		Whey Protein sabor chocolate Quamtrax 500 g.
proteina		Whey isolate / Black cookie (Quamtrax)
proteina		Whey isolate / Choco leche (Quamtrax)
proteina		Whey isolate / Cookies & cream (Quamtrax)
proteina		Whey isolate / Fresa (Quamtrax)
proteina		Whey isolate / Fresa y kiwi (Quamtrax)
proteina		Whey isolate / Vainilla caramelo (Quamtrax)
proteina		Whey protein sabor cacao EROSKI, bolsa 400 g
proteina		Whey protein · Monodosis - Monodosis / Choco leche (Quamtrax)
alcohol	bebida	Whisky 100 PIPERS, botella 70 cl
alcohol	bebida	Whisky 100 pipers 70 cl
alcohol	bebida	Whisky 12 años Chivas 50 cl
alcohol	bebida	Whisky 12 años Chivas 70 cl
alcohol	bebida	Whisky 8 años Burned Barrel 70 cl
alcohol	bebida	Whisky BALLANTINES, botella 1 litro
alcohol	bebida	Whisky Ballantine's 70 cl
alcohol	bebida	Whisky Ballantine's con cola lata 33 cl.
alcohol	bebida	Whisky Ballantine's escocés 1,5 l.
alcohol	bebida	Whisky Ballantine´s 10 años American Barrel 70 cl.
alcohol	bebida	Whisky Chivas Regal escocés 12 años 1 l.
alcohol	bebida	Whisky Chivas Regal escocés 12 años 70 cl.
alcohol	bebida	Whisky Dewar's White Label escocés 1 l.
alcohol	bebida	Whisky Doble V Selected Bled 1 l.
alcohol	bebida	Whisky Passport 70 cl
alcohol	bebida	Whisky Tamnavulin escocés 70 cl.
alcohol	bebida	Whisky WHITE LABEL, botella 70 cl
alcohol	bebida	Whisky William Lawson's 70 cl
alcohol	bebida	Whisky bourbon Wordens 70 cl
alcohol	bebida	Whisky escocés 3 años Douregal 70 cl
alcohol	bebida	Whisky escocés Black Label Johnnie Walker
alcohol	bebida	Whisky escocés blended 10 años Ballantine's 70 cl
alcohol	bebida	Whisky japanese smooth Dewars 70 cl
alcohol	bebida	Whisky light Ballantine's 70 cl
chocolates		White Chocolate Sugar Free with Kiwi 75g (Torras)
panaderia		Wild strawberries (Dulcesol)
suplementos		Women's biotics (probióticos) 100B UFC (Essential Series)
suplementos		Women's biotics (probióticos) 25B UFC (Essential Series)
pizza		Wrap de pizza y cheesy bacon King upp El Pozo 160 g.
preparados		Wrap mejicano OLD EL PASO, paquete 350 g
preparados		Wraps - Productos Florette
cereales		Wraps de avena Dulcesol
preparados		Wraps durum tortillas de trigo Mission 6 ud.
preparados		Wraps trigo integral Dulcesol
bebidas_lata	bebida	X-Boost - Ultimate Gaming Pre-Workout - Cola (Prozis)
proteina		X-Boost - Ultimate Gaming Pre-Workout - Cítricos (Prozis)
proteina		X-Boost - Ultimate Gaming Pre-Workout - Frutos del bosque (Prozis)
suplementos		XCESS Ultra Concentrate (Prozis)
bebidas_lata	bebida	XO sabor limón y jengibre bajo en azúcar lata 33 cl.
bebidas_lata	bebida	XO sabor sandía bajo en azúcar lata 33 cl.
bebidas_lata	bebida	XO tropical fruits bajo en azúcar lata 33 cl.
chocolates		Xocolata Amb Llet i Stevia Al Millor Preu (Torras)
chocolates		Xocolata Blanca Sense Sucre 75g (Torras)
chocolates		Xocolata Blanca Sense Sucre amb Algues i Flor de Sal Negra 75g (Torras)
chocolates		Xocolata Blanca Sense Sucre amb Baies de Goji 75g (Torras)
chocolates		Xocolata Blanca Sense Sucre amb Coco 75g (Torras)
chocolates		Xocolata Blanca Sense Sucre amb Kiwi 75g (Torras)
chocolates		Xocolata Blanca Sense Sucre amb Maduixes 75g (Torras)
chocolates		Xocolata Blanca amb Maduixes ZERO Sucres 125g (Torras)
chocolates		Xocolata Desfeta En Pols Fàcil de Preparar Chocolates Torras
chocolates		Xocolata Negra 70% Cacau Al Millor Preu [Compra Online] (Torras)
chocolates		Xocolata Negra 72% Cacau Amb Edulcorant (Torras)
chocolates		Xocolata Negra 72% Cacau Sense Sucre [Compra Ara Online] (Torras)
cafe	bebida	Xocolata Negra 72% amb Cafè ZERO Sucres 100g (Torras)
chocolates		Xocolata Negra 72% amb Coco ZERO Sucres 125g (Torras)
chocolates		Xocolata Negra 72% amb Nibs Cacau i Nabius ZERO Sucres 125g (Torras)
chocolates		Xocolata Negra 72% amb cacau amb menta ZERO Sucres 100g (Torras)
chocolates		Xocolata Negra 85% ZERO Sucres 100g (Torras)
chocolates		Xocolata Negra 95% ZERO Sucres 100g (Torras)
cafe	bebida	Xocolata Negra Sense Sucre amb Cafè 75g (Torras)
chocolates		Xocolata Negra Sense Sucre amb Maduixa 75g (Torras)
chocolates		Xocolata Negra Sense Sucre amb Nibs Cacau 75g (Torras)
chocolates		Xocolata Negra Sense Sucre amb Pebre Rosa, Canyella i Xili 75g (Torras)
chocolates		Xocolata Negra Sense Sucre amb Plàtan 75g (Torras)
chocolates		Xocolata Negra Sense Sucre amb Poma 75g (Torras)
chocolates		Xocolata Negra amb Avellanes Senceres (Torras)
chocolates		Xocolata Negra amb Canyella Stevia 125g (Torras)
chocolates		Xocolata Negra amb avellanes Stevia 125g (Torras)
chocolates		Xocolata a la Tassa 180g (Torras)
chocolates		Xocolata amb Llet Sense Sucre amb Ametlles 75g (Torras)
chocolates		Xocolata amb Llet i Avellanes Senceres (Torras)
chocolates		Xocolata amb Llet i ametlles Stevia 125g (Torras)
chocolates		Xocolata amb ametlles- Compra Xocolata Pura amb Ametlles (Torras)
chocolates		Xocolata amb llet endolcida amb dàtil (Torras)
chocolates		Xocolata blanca Stevia 100g (Torras)
chocolates		Xocolata blanca sense sucre, festucs i sal 100gr (Torras)
chocolates		Xocolata negra Sense Sucre amb Mango 75g (Torras)
chocolates		Xocolata negra orgànica amb edulcorant i ametlles (Torras)
chocolates		Xocolata negra sense sucre i llimona 60 gr (Torras)
chocolates		Xocolatina Blanca (Torras)
chocolates		Xocolatina Negra (Torras)
chocolates		Xocolatina Negra amb Taronja 35g (24 ud) (Torras)
suplementos		Xtra L-carnitina (Quamtrax)
suplementos		Xtreme L-Carnitine (Prozis)
suplementos		Xtreme L-Carnitine - Frutos tropicales 20 vials (Prozis)
suplementos		Xtreme L-Carnitine - Limón 20 vials (Prozis)
proteina		Xtreme Mass Gainer - Chocolate (Prozis)
proteina		Xtreme Mass Gainer - Fresa (Prozis)
proteina		Xtreme Mass Gainer - Galletas y crema (Prozis)
proteina		Xtreme Mass Gainer - Vainilla (Prozis)
proteina		Xtreme Whey Protein - Ultimate Series - Vainilla (Prozis)
dulces		YUMMY FLAVORS [edulcorante] - Mowgly White Choco (Max Protein Oficial)
salsas		Yarroz con pollo y salsa thai Gallina Blanca Yatekomo 83 g
verduras		Yema espárrago extra 8/12 piezas JOYAS DEL VALLE, frasco 110 g
verduras		Yemas de espárrago medianas Destapa la Huerta 110 g
verduras		Yemas de espárragos blancos delgados Carrefour pack de 2 unidades de 135 g.
verduras		Yemas de espárragos blancos grueso Cidacos 110 g.
verduras		Yemas de espárragos extra-gruesos Carretilla 110 g.
verduras		Yemas de espárragos gruesas Dia Vegecampo 110 g
verduras		Yemas espárrago muy gruesas I.G.P. DANTZA, frasco 135 g
suplementos		Ynergy Mujer 24 Cápsulas Drasanvi
suplementos		Yodo 150mcg (Essential Series)
bebidas	bebida	Yodo 7 28x2 ml Ampollas Labcatal (Drasanvi)
yogurt		Yog.0,0% sabor fresa-piñ-pera-coco EROSKI basic, pack 8x125g
yogurt		Yog.sabor coco-maced-piña-galleta EROSKI basic, pack 8x125g
frutas		Yoghourt artesanal sabor limón & yuzu Pastoret sin gluten 500 g.
frutas		Yogikids de fresa PASCUAL, pack 2x80 g
bebidas	bebida	Yogo Whey - High-Protein Shake - Chocolate Batido de Proteínas + Creatina - 15 dosis (Prozis)
bebidas	bebida	Yogo Whey - High-Protein Shake - Frutos Rojos Batido de Proteínas - 15 dosis (Prozis)
bebidas	bebida	Yogo Whey - High-Protein Shake - Speculoos Batido de Proteínas - 15 dosis (Prozis)
yogurt		Yogur Kit Kat sabor fresa NESTLÉ, pack 2x115 g
yogurt		Yogur Natural Desnatado 0% MG (Central Lechera Asturiana)
yogurt		Yogur artesanal natural PASTORET, tarrina 500 g
yogurt		Yogur bajo en grasa en polvo Skimmed Milk Yoghurt Powder (Food Series)
yogurt		Yogur con caramelo Danone Oikos pack de 4 unidades de 110 g.
yogurt		Yogur con melocotón Nestlé La Lechera pack de 2 unidades de 125 g.
yogurt		Yogur con pastel, galleta y arándanos Danone Oikos pack de 4 unidades de 110 g.
yogurt		Yogur con trozos de KitKat Nestlé 2 x 115 g
yogurt		Yogur de coco natural ALPRO, tarrina 350 g
yogurt		Yogur de soja lima limón Alpro 400 g
yogurt		Yogur desnat. natural edulcorado DANONE VITALINEA, pack 4x120 g
yogurt		Yogur desnatado alto en proteínas sin azúcar añadido Pastoret sin gluten y sin lactosa 500 g.
yogurt		Yogur desnatado con arándanos estilo griego Nestlé sin gluten pack de 4 unidades de 115 g.
yogurt		Yogur desnatado con fresas EROSKI, pack 4x125 g
yogurt		Yogur desnatado con frutas varias EROSKI, pack 8X125 g
yogurt		Yogur desnatado con melocotón EROSKI, pack 4x125 g
yogurt		Yogur desnatado de stracciatella con extra proteína Reina sin gluten pack de 4 unidades de 120 g.
yogurt		Yogur desnatado natural EROSKI basic, pack 6x125 g
yogurt		Yogur desnatado natural MAHALA, pack 4x125 g
yogurt		Yogur desnatado natural edulcorado EROSKI basic, pack 4x125 g
yogurt		Yogur desnatado sabor fresa DANONE VITALINEA, pack 4x120 g
yogurt		Yogur desnatado sabor fresa EROSKI basic, pack 4x125 g
yogurt		Yogur desnatado sabor limón EROSKI basic, pack 4x125 g
yogurt		Yogur duo Kit Kat Duo NESTLÉ, pack 2x115 g
yogurt		Yogur duo Smarties NESTLÉ, pack 2x128 g
yogurt		Yogur estilo griego con trocitos de chocolate y sabor a vainilla Yaos sin gluten pack de 4 unidades de 115 g.
yogurt		Yogur griego Dia Fidias 1 Kg
yogurt		Yogur griego con fresa OIKOS, pack 4x110 g
yogurt		Yogur griego con mango Nestle - Yaos sin gluten pack de 4 unidades de 115 g.
yogurt		Yogur griego con trozos de mandarina (Central Lechera Asturiana)
yogurt		Yogur griego de fresa Carrefour Extra sin gluten pack de 6 unidades de 125 g.
yogurt		Yogur griego de straciatella OIKOS, pack 4x110 g
yogurt		Yogur griego lima-limón Danone 4 x 110 g
yogurt		Yogur griego natural 400g (Central Lechera Asturiana)
yogurt		Yogur griego natural DANONE, pack 4x110 g
yogurt		Yogur griego natural Danone Oikos sin gluten y sin azúcar añadido 900 g.
yogurt		Yogur griego natural OIKOS, pack 4x110 g
yogurt		Yogur griego natural azucarado OIKOS, pack 4x110 g
yogurt		Yogur griego natural con azúcar de caña Carrefour Extra pack de 6 unidades de 125 g.
yogurt		Yogur griego natural con azúcar de caña Dia Fidias 6 x 125 g
yogurt		Yogur griego natural light 2% EROSKI, pack 6x125 g
yogurt		Yogur griego stracciatella DANONE, pack 4x110 g
yogurt		Yogur griego stracciatella Danone 4 x 110 g
yogurt		Yogur griego stracciatella Oikos 4 x 110 g
yogurt		Yogur griego straciattella EROSKI, pack 6x125 g
infantil		Yogur infantil petit queso fresco y frutas variadas desde 6 meses Hero Baby sin gluten pack de 2 unidades de 80 g.
infantil		Yogur infantil plátano y fresas desde 6 meses Hero Baby sin gluten y azúcar añadido pack de 2 unidades de 120 g.
yogurt		Yogur líquido 00% sabor fresa EROSKI, botella 1 kg
yogurt		Yogur líquido azúcar de caña EROSKI, botella 1 kg
yogurt		Yogur líquido natural Dia Láctea 1 Kg
yogurt		Yogur líquido sabor fresa EROSKI, pack 4x180 g
yogurt		Yogur líquido sabor fresa-plátano EROSKI, pack 4x180 g
yogurt		Yogur líquido sabor melocotón-maracuyá EROSKI, botella 1 kg
yogurt		Yogur natural DANONE ZERO, pack 4x120 g
yogurt		Yogur natural DANONE, pack 8x120 g
yogurt		Yogur natural Danone sin gluten pack de 4 unidades de 120 g.
yogurt		Yogur natural EROSKI BASIC, pack 8x125 g
yogurt		Yogur natural GUREA, pack 4x115 g
yogurt		Yogur natural LA ERMITA, tarro 185 g
yogurt		Yogur natural LA FAGEDA, pack 4x125 g
yogurt		Yogur natural LACTUYOGUR, pack 4x125 g
yogurt		Yogur natural País Vasco EROSKI, pack 4x125 g
yogurt		Yogur natural artesano GOENAGA, pack 4x125 g
yogurt		Yogur natural azucarado EROSKI BASIC, pack 8x125 g
yogurt		Yogur natural azucarado con chocoballs NESQUICK, pack 2x120 g
yogurt		Yogur natural azucarado y grageas de chocolate con leche Margui 160 g
yogurt		Yogur natural con azúcar de caña EROSKI, pack 4x125 g
yogurt		Yogur natural desnatado con leche de cabra pasteurizada ecológica Carrefour Bio 420 g
yogurt		Yogur original con fresas DANONE, pack 2x130 g
yogurt		Yogur original natural azucarado DANONE, pack 2x130 g
yogurt		Yogur para llevar sabor fresa DANONINO, pack 4x70 g
yogurt		Yogur sabor coco DANONE, pack 4x120 g
yogurt		Yogur sabor coco, fresa, frutos del bosque y macedonia Danone 8 x 120 g
yogurt		Yogur sabor fresa 0% DENSIA Forte, pack 4x100 g
yogurt		Yogur sabor fresa DANONE ZERO, pack 4x120 g
yogurt		Yogur sabor fresa Dia Láctea 4 x 125 g
yogurt		Yogur sabor fresa LACTUYOGUR, pack 4x125 g
yogurt		Yogur sabor fresa-coco-frutas del bosque DANONE, pack 8x120 g
yogurt		Yogur sabor limón LACTUYOGUR, pack 4x125 g
yogurt		Yogur sabor vainilla Danone sin gluten pack de 4 unidades de 120 g.
yogurt		Yogur sabor vainilla Larsa 125 g
yogurt		Yogur skyr natural DANONE, pack 4x100 g
yogurt		Yogurt Starter Mix (Prozis)
suplementos		ZMA (Quamtrax)
suplementos		ZMA - Zinc, Magnesium and Vitamin B6 (Prozis)
suplementos		ZMAN (Prozis)
suplementos		ZMB con Bisglicinato de Magnesio Albion® vegetarianas (Prozis)
suplementos		ZMB6 - Cinc + Magnesio + B6 (Prozis)
suplementos		ZMB6 - Con vitamina D + Ácido pantoténico (Prozis)
mariscos		Zamburiña en salsa vieira ALBO, lata 120 g
mariscos		Zamburiña en salsa vieira Galica 63 g
mariscos		Zamburiñas en salsa vieira FRISCOS, lata 111 g
verduras		Zanahoria baby FINDUS, bolsa 300 g
verduras		Zanahoria baby FLORETTE, bolsa 125 g
verduras		Zanahoria cocida EROSKI, frasco 210 g
verduras		Zanahoria en tiras Classic Carrefour 250 g.
verduras		Zanahoria en tiras EROSKI, frasco 180 g
verduras		Zanahoria rallada Carrefour El Mercado 150 g
verduras		Zanahorias Baby - Productos Florette
galletas		ZerQbar - Unidad / Cookies & cream (Quamtrax)
barrita		Zero Break Duo Milk Chocolate - 6 bars - Chocolate con leche 6 x (Prozis)
barrita		Zero Choclite - Chocolate con Leche y Crema de Avellanas - Barrita Proteica Choclite (8x) (Prozis)
barrita		Zero Choclite - Chocolate con Leche y Crema de Avellanas - Barrita Zero Choclite (8x) (Prozis)
proteina		Zero Diet Whey - Brownie de chocolate (Prozis)
proteina		Zero Diet Whey - Capuchino (Prozis)
proteina		Zero Diet Whey - Galletas y crema (Prozis)
panaderia		Zero Mug Cake - Chocolate (Prozis)
panaderia		Zero Mug Cake - Chocolate - Limón (Prozis)
panaderia		Zero Mug Cake - Chocolate - Manzana y canela (Prozis)
barrita		Zero Protein Bar - Bajo Contenido en Azúcares x 12 - Crema de cacahuete 12 x (Prozis)
barrita		Zero Protein Bar - Bajo Contenido en Azúcares x 12 - Crema de cacahuete 3 x (Prozis)
panaderia		Zero Protein Pancake - Brownie de chocolate (Prozis)
panaderia		Zero Protein Pancake - Galletas y crema (Prozis)
chocolates		Zero Protein Wafer - Bajo contenido en azúcar - Chocolate negro 12 x (Prozis)
galletas		Zero Protein Wafer - Bajo contenido en azúcar - Galletas y crema 12 x (Prozis)
chocolates		Zero Protein Wafer - Bajo contenido en azúcar - Triple chocolate 12 x (Prozis)
panaderia		Zero Protein Wafer - Bajo contenido en azúcar - Vainilla 12 x (Prozis)
leche	bebida	Zero syrup - Choco leche (Quamtrax)
suplementos		Zinc Vitobest
suplementos		Zinc quelado (Quamtrax)
suplementos		Zinc y Magnesio Cápsulas (Myvitamins)
bebidas	bebida	Zinc-Cobre 19 28x2 ml Ampollas Labcatal (Drasanvi)
zumo	bebida	Zumo California Sunny Delight 1,25 l.
zumo	bebida	Zumo Multifrutas Bio 1 L Ecosana (Drasanvi)
zumo	bebida	Zumo Tropical Original Bifrutas pack de 9 briks de 20 cl.
zumo	bebida	Zumo alma de manzana con extractos vegetales Zumosfera de Dia brik 1 L
zumo	bebida	Zumo blue berry Cancún Sunny Delight botella 33 cl.
zumo	bebida	Zumo con mango y lima Dia Saborfera 1 L
zumo	bebida	Zumo de Melocotón Bio 1 L Ecosana (Drasanvi)
zumo	bebida	Zumo de Melocotón con Uva Bio 1 L Ecosana (Drasanvi)
zumo	bebida	Zumo de Uva Roja Bio 1 L Ecosana (Drasanvi)
zumo	bebida	Zumo de avena-plátano-coco VIANATURE, botella 750 ml
zumo	bebida	Zumo de fruta y leche Carrefour Mediterráneo pack de 3 briks de 33 cl.
zumo	bebida	Zumo de fruta y leche Carrefour Tropical pack de 6 briks de 20 cl.
zumo	bebida	Zumo de fruta y leche Carrefour Tropical sin lactosa pack de 6 briks de 20 cl.
zumo	bebida	Zumo de fruta y verdura Dia Saborfera 500 ml
zumo	bebida	Zumo de frutas con hierro Hohes c 1 L
zumo	bebida	Zumo de frutas y leche Carrefour sabor mediterráneo brik 1 l.
zumo	bebida	Zumo de frutas y leche Carrefour sabor mediterráneo pack de 6 briks de 20 cl.
zumo	bebida	Zumo de frutas y leche Carrefour sabor tropical brik 1 l.
zumo	bebida	Zumo de frutas y leche Carrefour sabor tropical pack de 3 briks de 33 cl.
zumo	bebida	Zumo de limón VERITAS, botella 1 litro
zumo	bebida	Zumo de limón exprimido SOLIMON, botellín 28 cl
zumo	bebida	Zumo de mandarina EROSKI, botella 750 ml
zumo	bebida	Zumo de mandarina Simon Life botella 1,5 l.
zumo	bebida	Zumo de mango, maracuyá y ginseng Via Nature botella 75 cl.
zumo	bebida	Zumo de manzana Dia Saborfera 1 L
zumo	bebida	Zumo de manzana Don Simón 1 L
zumo	bebida	Zumo de manzana ecológica ZÜ, brik 33 cl
zumo	bebida	Zumo de manzana ecológico Huerta del Sol botella 1 l.
zumo	bebida	Zumo de manzana y té blanco Dia Saborfera 1 L
zumo	bebida	Zumo de melocotón VERITAS, botella 1 litro
zumo	bebida	Zumo de melocotón y uva 100% Premium GRANINI, botella 1 litro
zumo	bebida	Zumo de melocotón y uva Dia Saborfera 1 L
zumo	bebida	Zumo de melocotón y uva ecológico Carrefour Bio brik 1 l.
zumo	bebida	Zumo de melocotón, uva y manzana EROSKI, pack 6x20 cl
zumo	bebida	Zumo de melocotón-uva DON SIMON, pack 6x20 cl
zumo	bebida	Zumo de naranja Carrefour brik 1 l.
zumo	bebida	Zumo de naranja Carrefour ecológico exprimido sin pulpa brik 1 l.
zumo	bebida	Zumo de naranja con pulpa Dia Saborfera 1 L
zumo	bebida	Zumo de naranja exprimido, botella 1 litro
zumo	bebida	Zumo de naranja recién exprimido con pulpa Carrefour Selección botella 1 l.
zumo	bebida	Zumo de piña 100% exprimido Auara 330 ml
zumo	bebida	Zumo de piña Dia Saborfera 1 L
zumo	bebida	Zumo de piña, manzana y uva Dia Saborfera 1 L
zumo	bebida	Zumo de piña, manzana y uva EROSKI, pack 6x20 cl
zumo	bebida	Zumo de piña, manzana y uva pack 6 x 200 ml
zumo	bebida	Zumo de piña-mango ZÜ, botella 75 cl
zumo	bebida	Zumo de piña-uva DON SIMON, pack 6x20 cl
zumo	bebida	Zumo de plátano-coco-piña ZÜ, brik 750 ml
zumo	bebida	Zumo de tomate GRANINI, pack 3x20 cl
zumo	bebida	Zumo de tomate VERITAS, botella 1 litro
zumo	bebida	Zumo de uva Merlot y uva roja Dia Saborfera 1 L
zumo	bebida	Zumo de uva roja ecológico Carrefour Bio brik 1 l.
zumo	bebida	Zumo de zanahoria VERITAS, botella 1 litro
zumo	bebida	Zumo de zanahoria-naranja VERITAS, brik 1 litro
zumo	bebida	Zumo detox de pera-manzana VIANATURE, botella 750 ml
zumo	bebida	Zumo ecológico de mandarina ÉKOLO, botella 75 cl
zumo	bebida	Zumo ecológico de manzana ÉKOLO, botella 75 cl
zumo	bebida	Zumo ecológico de uva negra ÉKOLO, botella 75 cl
zumo	bebida	Zumo energia de frutas tropicales VIANATURE, botella 750 ml
zumo	bebida	Zumo exprimido con naranja EROSKI BASIC, brik 1 litro
zumo	bebida	Zumo fresa Sunny Delight botella 33 cl.
zumo	bebida	Zumo mente mezcla de frutas con extractos y vitaminas Zumosfera de Dia brik 1 L
zumo	bebida	Zumo multifrutas con acerola GRANINI, botella 75 cl
zumo	bebida	Zumo natural de naranja con pulpa EROSKI, brik 1 litro
zumo	bebida	Zumo tropical Dia Saborfera 750 ml
zumo	bebida	ZÜmo de naranja ecológica ZÜ , brik 33 cl
cerdo		bocaditos sabor jamón y tomate Snatt's 110 g
panaderia		brioche Dulcesol
hamburguesas		burger Dulcesol
helados		helado mini classic Cornetto 6 uds.
quesos		queso havarti light en lonchas Carrefour 200 g.
fiambres		sándwich proteico Dulcesol
panaderia		vulcanitos de crema Dulcesol 143 g
pollo		¡deVicio! Pollo barbacoa, queso con miel, arándanos, anacardos & nueces  - Florette
pollo		¡deVicio! Pollo deshilachado, queso relleno de higo y mango - Florette
suplementos		Ácido D-aspártico (Quamtrax)
suplementos		Ácido Fólico - Vitamina B9 500 mcg veganas veg. (Prozis)
suplementos		Ácido Pantoténico - Vitamina B5 - Ácido pantoténico (vitamina B5) 500 mg (Prozis)
suplementos		Ácido R-alfa lipoico 300mg (Essential Series)
suplementos		Ácido alfa lipoico (ALA) 500mg (Essential Series)
suplementos		Ácido ascórbico (vitamina C) en polvo Ascorbid Acid Powder (Raw Series)
suplementos		Ácido fólico 800mcg (Essential Series)
suplementos		Ácido fólico 800mcg (Swanson)
suplementos		Ácido fólico 800mcg - 250 tabs (Now Foods)
suplementos		Ácido hialurónico + MSM 50mg/450mg - 120 veg caps (Now Foods)
suplementos		Ácido hialurónico 150mg (Essential Series)
bebidas	bebida	Ácido hialurónico líquido - 473ml (Now Foods)
suplementos		Ácidos Grasos Omega 3 (AnchOmega®) (Vitobest)
suplementos		Ácidos Grasos Pure Omega 3 DHA (Vitobest)
suplementos		Ácidos Grasos Pure Omega 3 EPA (Vitobest)
suplementos		Ácidos Grasos Super Krill (Vitobest)
suplementos		Ácidos Grasos Super Omega 3 (Vitobest)
suplementos		Ácidos Grasos Super Omega 3-6 (Vitobest)
suplementos		Ácidos Grasos Super Omega 3-6-9 (Vitobest)
suplementos		Ácidos grasos Krill Oil 1000 mg – Amix™
salsas		ÑAMING Pocket de pollo y mayonesa 65 g
pasta		Ñoqui de patata GALLO, bandeja 400 g
suplementos		Óxido de magnesio (200mg magnesio) (Swanson)
suplementos		Óxido de magnesio en polvo Magnesium Oxide Powder (Raw Series)
chocolates		▷ Chocolate Blanco Sin Azúcar [+0% Azúcares] (Torras)